source_system,source_record_no,source_reported_road_no,source_name,source_district,road_key,canonical_display_name,match_method,evidence,match_status
historical_normative_workbook,1,035,AES Nasution,Kandangan,HSS-KAB-035,AES Nasution,EXACT_NORMALIZED_OR_APPROVED_ALIAS,Unique match against canonical/dashboard/QGIS names and approved alias registry,VERIFIED
historical_normative_workbook,2,234,Air Miris - Ds. Wasah Hilir,Simpur,HSS-KAB-234,Air Miris - Ds. Wasah Hilir,EXACT_NORMALIZED_OR_APPROVED_ALIAS,Unique match against canonical/dashboard/QGIS names and approved alias registry,VERIFIED
historical_normative_workbook,3,345,Al - Ikhlas - Ds. Baluti,Kandangan,HSS-KAB-345,Al - Ikhlas - Ds. Baluti,EXACT_NORMALIZED_OR_APPROVED_ALIAS,Unique match against canonical/dashboard/QGIS names and approved alias registry,VERIFIED
historical_normative_workbook,4,008,Aluh Idut,Kandangan,HSS-KAB-008,Aluh Idut,EXACT_NORMALIZED_OR_APPROVED_ALIAS,Unique match against canonical/dashboard/QGIS names and approved alias registry,VERIFIED
historical_normative_workbook,5,032,Amawang Kanan - Wasah Hulu,"Kandangan, Simpur",HSS-KAB-032,Amawang Kanan - Wasah Hulu,EXACT_NORMALIZED_OR_APPROVED_ALIAS,Unique match against canonical/dashboard/QGIS names and approved alias registry,VERIFIED
historical_normative_workbook,6,031,Amawang Muka - Getek,Kandangan,HSS-KAB-031,Amawang Muka - Getek,EXACT_NORMALIZED_OR_APPROVED_ALIAS,Unique match against canonical/dashboard/QGIS names and approved alias registry,VERIFIED
historical_normative_workbook,7,149,Ambarai - Madang,Padang Batung,HSS-KAB-139,Ambarai - Madang,EXACT_NORMALIZED_OR_APPROVED_ALIAS,Unique match against canonical/dashboard/QGIS names and approved alias registry,VERIFIED
historical_normative_workbook,8,187,AMD - Ds. Lok Binuang,Telaga Langsat,HSS-KAB-187,AMD - Ds. Lok Binuang,EXACT_NORMALIZED_OR_APPROVED_ALIAS,Unique match against canonical/dashboard/QGIS names and approved alias registry,VERIFIED
historical_normative_workbook,9,214,Amparaya - Karangan - Hanau,Simpur,HSS-KAB-214,Amparaya - Karangan - Hanau,EXACT_NORMALIZED_OR_APPROVED_ALIAS,Unique match against canonical/dashboard/QGIS names and approved alias registry,VERIFIED
historical_normative_workbook,10,011,Anggrek,Kandangan,HSS-KAB-011,Anggrek,EXACT_NORMALIZED_OR_APPROVED_ALIAS,Unique match against canonical/dashboard/QGIS names and approved alias registry,VERIFIED
historical_normative_workbook,11,346,Angkakai - Ds. Amawang Kiri,Kandangan,HSS-KAB-346,Angkakai - Ds. Amawang Kiri,EXACT_NORMALIZED_OR_APPROVED_ALIAS,Unique match against canonical/dashboard/QGIS names and approved alias registry,VERIFIED
historical_normative_workbook,12,178,Angkinang - Kayu Abang - Panggang Hijau,Angkinang,HSS-KAB-178,Angkinang - Kayu Abang - Panggang Hijau,EXACT_NORMALIZED_OR_APPROVED_ALIAS,Unique match against canonical/dashboard/QGIS names and approved alias registry,VERIFIED
historical_normative_workbook,13,175,Angkinang - Telaga Langsat,"Angkinang, Telaga Langsat",HSS-KAB-175,Angkinang - Telaga Langsat,EXACT_NORMALIZED_OR_APPROVED_ALIAS,Unique match against canonical/dashboard/QGIS names and approved alias registry,VERIFIED
historical_normative_workbook,14,172,Angkinang Selatan - Tawia - Wawaran,Angkinang,HSS-KAB-172,Angkinang Selatan - Tawia - Wawaran,EXACT_NORMALIZED_OR_APPROVED_ALIAS,Unique match against canonical/dashboard/QGIS names and approved alias registry,VERIFIED
historical_normative_workbook,15,347,Anjiran Rantauan - Ds. Taniran Tengah,Angkinang,HSS-KAB-347,Anjiran Rantauan - Ds. Taniran Tengah,EXACT_NORMALIZED_OR_APPROVED_ALIAS,Unique match against canonical/dashboard/QGIS names and approved alias registry,VERIFIED
historical_normative_workbook,16,097,Asam Cangkuk - Telaga Bidadari,"Kandangan, Simpur, Sungai Raya",HSS-KAB-097,Asam Cangkuk - Telaga Bidadari,EXACT_NORMALIZED_OR_APPROVED_ALIAS,Unique match against canonical/dashboard/QGIS names and approved alias registry,VERIFIED
historical_normative_workbook,17,348,Asam Duhat - Ds. Pantai Ulin,Simpur,HSS-KAB-348,Asam Duhat - Ds. Pantai Ulin,EXACT_NORMALIZED_OR_APPROVED_ALIAS,Unique match against canonical/dashboard/QGIS names and approved alias registry,VERIFIED
historical_normative_workbook,18,123,Asam Seranggan - Asam Tamiyang,Sungai Raya,HSS-KAB-123,Asam Seranggan - Asam Tamiyang,EXACT_NORMALIZED_OR_APPROVED_ALIAS,Unique match against canonical/dashboard/QGIS names and approved alias registry,VERIFIED
historical_normative_workbook,19,238,At-Taubah - Ds. Kapuh,Simpur,HSS-KAB-238,At-Taubah - Ds. Kapuh,EXACT_NORMALIZED_OR_APPROVED_ALIAS,Unique match against canonical/dashboard/QGIS names and approved alias registry,VERIFIED
historical_normative_workbook,20,343,Badaun - Ds. Bjayau Lama,Daha Barat,HSS-KAB-343,Badaun - Ds. Bjayau Lama,EXACT_NORMALIZED_OR_APPROVED_ALIAS,Unique match against canonical/dashboard/QGIS names and approved alias registry,VERIFIED
historical_normative_workbook,21,249,Bago Tanggul - Katilang - Teratai,Kalumpang,HSS-KAB-249,Bago Tanggul - Katilang - Teratai,EXACT_NORMALIZED_OR_APPROVED_ALIAS,Unique match against canonical/dashboard/QGIS names and approved alias registry,VERIFIED
historical_normative_workbook,22,069,Baiturrahim Parincahan,Kandangan,HSS-KAB-069,Baiturrahim Parincahan,EXACT_NORMALIZED_OR_APPROVED_ALIAS,Unique match against canonical/dashboard/QGIS names and approved alias registry,VERIFIED
historical_normative_workbook,23,340,Bajayau - Ds. Bajayau Tengah,Daha Barat,HSS-KAB-340,Bajayau - Ds. Bajayau Tengah,EXACT_NORMALIZED_OR_APPROVED_ALIAS,Unique match against canonical/dashboard/QGIS names and approved alias registry,VERIFIED
historical_normative_workbook,24,167,Bakarung - Rantauan,"Angkinang, Kandangan",HSS-KAB-167,Bakarung - Rantauan,EXACT_NORMALIZED_OR_APPROVED_ALIAS,Unique match against canonical/dashboard/QGIS names and approved alias registry,VERIFIED
historical_normative_workbook,25,179,Bakarung -Tabihi - Karang Jawa,"Angkinang, Padang Batung",HSS-KAB-169,Bakarung -Tabihi - Karang Jawa,EXACT_NORMALIZED_OR_APPROVED_ALIAS,Unique match against canonical/dashboard/QGIS names and approved alias registry,VERIFIED
historical_normative_workbook,26,056,Bakarung Tengah - Karang Jawa,"Kandangan, Padang Batung",HSS-KAB-056,Bakarung Tengah - Karang Jawa,EXACT_NORMALIZED_OR_APPROVED_ALIAS,Unique match against canonical/dashboard/QGIS names and approved alias registry,VERIFIED
historical_normative_workbook,27,219,Balaimas - Hanau,Simpur,HSS-KAB-219,Balaimas - Hanau,EXACT_NORMALIZED_OR_APPROVED_ALIAS,Unique match against canonical/dashboard/QGIS names and approved alias registry,VERIFIED
historical_normative_workbook,28,251,Balanti - (Ex. P3DT),Kalumpang,HSS-KAB-251,Balanti - (Ex. P3DT),EXACT_NORMALIZED_OR_APPROVED_ALIAS,Unique match against canonical/dashboard/QGIS names and approved alias registry,VERIFIED
historical_normative_workbook,29,256,Balimau - Murung Dalam,Kalumpang,HSS-KAB-256,Balimau - Murung Dalam,EXACT_NORMALIZED_OR_APPROVED_ALIAS,Unique match against canonical/dashboard/QGIS names and approved alias registry,VERIFIED
historical_normative_workbook,30,040,Baluti - Jambu Hulu (Paku),"Kandangan, Padang Batung",HSS-KAB-040,Baluti - Jambu Hulu (Paku),EXACT_NORMALIZED_OR_APPROVED_ALIAS,Unique match against canonical/dashboard/QGIS names and approved alias registry,VERIFIED
historical_normative_workbook,31,191,Bamban (Tibung) - Martajiwa,Angkinang,HSS-KAB-191,Bamban (Tibung) - Martajiwa,EXACT_NORMALIZED_OR_APPROVED_ALIAS,Unique match against canonical/dashboard/QGIS names and approved alias registry,VERIFIED
historical_normative_workbook,32,176,Bamban Selatan - Pakuan,"Angkinang, Telaga Langsat",HSS-KAB-176,Bamban Selatan - Pakuan,EXACT_NORMALIZED_OR_APPROVED_ALIAS,Unique match against canonical/dashboard/QGIS names and approved alias registry,VERIFIED
historical_normative_workbook,33,199,Bamban Selatan - Pakuan Balunan,Angkinang,HSS-KAB-189,Bamban Selatan - Pakuan Balunan,EXACT_NORMALIZED_OR_APPROVED_ALIAS,Unique match against canonical/dashboard/QGIS names and approved alias registry,VERIFIED
historical_normative_workbook,34,174,Bamban Selatan - Tanggang - Panggang Hijau,Angkinang,HSS-KAB-174,Bamban Selatan - Tanggang - Panggang Hijau,EXACT_NORMALIZED_OR_APPROVED_ALIAS,Unique match against canonical/dashboard/QGIS names and approved alias registry,VERIFIED
historical_normative_workbook,35,181,Bamban Tengah - Lok Nyiur,Angkinang,HSS-KAB-181,Bamban Tengah - Lok Nyiur,EXACT_NORMALIZED_OR_APPROVED_ALIAS,Unique match against canonical/dashboard/QGIS names and approved alias registry,VERIFIED
historical_normative_workbook,36,177,Bamban Utara - Longawang,"Angkinang, Telaga Langsat",HSS-KAB-177,Bamban Utara - Longawang,EXACT_NORMALIZED_OR_APPROVED_ALIAS,Unique match against canonical/dashboard/QGIS names and approved alias registry,VERIFIED
historical_normative_workbook,37,112,Bangga TMMD,Sungai Raya,HSS-KAB-112,Bangga TMMD,EXACT_NORMALIZED_OR_APPROVED_ALIAS,Unique match against canonical/dashboard/QGIS names and approved alias registry,VERIFIED
historical_normative_workbook,38,341,Banua Hanyar - Ds. Tanjung Selor,"Daha Barat, Daha Selatan",HSS-KAB-341,Banua Hanyar - Ds. Tanjung Selor,EXACT_NORMALIZED_OR_APPROVED_ALIAS,Unique match against canonical/dashboard/QGIS names and approved alias registry,VERIFIED
historical_normative_workbook,39,243,Banua Kambang - Ds. Wasah Tengah,Simpur,HSS-KAB-243,Banua Kambang - Ds. Wasah Tengah,EXACT_NORMALIZED_OR_APPROVED_ALIAS,Unique match against canonical/dashboard/QGIS names and approved alias registry,VERIFIED
historical_normative_workbook,40,050,Banyu Barau - Sei Kalang,Kandangan,HSS-KAB-050,Banyu Barau - Sei Kalang,EXACT_NORMALIZED_OR_APPROVED_ALIAS,Unique match against canonical/dashboard/QGIS names and approved alias registry,VERIFIED
historical_normative_workbook,41,046,Bariang - Getek,Kandangan,HSS-KAB-046,Bariang - Getek,EXACT_NORMALIZED_OR_APPROVED_ALIAS,Unique match against canonical/dashboard/QGIS names and approved alias registry,VERIFIED
historical_normative_workbook,42,075,Bariang - Patigan,Kandangan,HSS-KAB-075,Bariang - Patigan,EXACT_NORMALIZED_OR_APPROVED_ALIAS,Unique match against canonical/dashboard/QGIS names and approved alias registry,VERIFIED
historical_normative_workbook,43,125,Baru - Asam Desa Baru,Sungai Raya,HSS-KAB-125,Baru - Asam Desa Baru,EXACT_NORMALIZED_OR_APPROVED_ALIAS,Unique match against canonical/dashboard/QGIS names and approved alias registry,VERIFIED
historical_normative_workbook,44,339,Baru - Ds. Bajayau,Daha Barat,HSS-KAB-339,Baru - Ds. Bajayau,EXACT_NORMALIZED_OR_APPROVED_ALIAS,Unique match against canonical/dashboard/QGIS names and approved alias registry,VERIFIED
historical_normative_workbook,45,130,Batang Kulur Kanan - Batang Kulur Kiri,Sungai Raya,HSS-KAB-130,Batang Kulur Kanan - Batang Kulur Kiri,EXACT_NORMALIZED_OR_APPROVED_ALIAS,Unique match against canonical/dashboard/QGIS names and approved alias registry,VERIFIED
historical_normative_workbook,46,129,Batang Kulur Kanan - Bumi Berkat (Kisung),Sungai Raya,HSS-KAB-129,Batang Kulur Kanan - Bumi Berkat (Jl. Kisung),EXACT_NORMALIZED_OR_APPROVED_ALIAS,Unique match against canonical/dashboard/QGIS names and approved alias registry,VERIFIED
historical_normative_workbook,47,091,Batang Kulur Kanan - Sarangan,Sungai Raya,HSS-KAB-091,Batang Kulur Kanan - Sarangan,EXACT_NORMALIZED_OR_APPROVED_ALIAS,Unique match against canonical/dashboard/QGIS names and approved alias registry,VERIFIED
historical_normative_workbook,48,113,Batang Kulur Kiri - Durian Landung,Sungai Raya,HSS-KAB-113,Batang Kulur Kiri - Durian Landung,EXACT_NORMALIZED_OR_APPROVED_ALIAS,Unique match against canonical/dashboard/QGIS names and approved alias registry,VERIFIED
historical_normative_workbook,49,154,Batu Laki - Muara Pipii,Padang Batung,HSS-KAB-154,Batu Laki - Muara Pipii,EXACT_NORMALIZED_OR_APPROVED_ALIAS,Unique match against canonical/dashboard/QGIS names and approved alias registry,VERIFIED
historical_normative_workbook,50,269,Bayampah - Tanuhi - Tugu Niih,Loksado,HSS-KAB-269,Bayampah - Tanuhi - Tugu Niih,EXACT_NORMALIZED_OR_APPROVED_ALIAS,Unique match against canonical/dashboard/QGIS names and approved alias registry,VERIFIED
historical_normative_workbook,51,289,Bayanan - Habirau Tengah,Daha Selatan,HSS-KAB-289,Bayanan - Habirau Tengah,EXACT_NORMALIZED_OR_APPROVED_ALIAS,Unique match against canonical/dashboard/QGIS names and approved alias registry,VERIFIED
historical_normative_workbook,52,306,Bayanan - Pihanin,Daha Selatan,HSS-KAB-306,Bayanan - Pihanin,EXACT_NORMALIZED_OR_APPROVED_ALIAS,Unique match against canonical/dashboard/QGIS names and approved alias registry,VERIFIED
historical_normative_workbook,53,039,Bina Bakat,Kandangan,HSS-KAB-039,Bina Bakat,EXACT_NORMALIZED_OR_APPROVED_ALIAS,Unique match against canonical/dashboard/QGIS names and approved alias registry,VERIFIED
historical_normative_workbook,54,250,Binjai (Sirih Hulu) - Ds. Seranggan,"Kalumpang, Sungai Raya",HSS-KAB-250,Binjai (Sirih Hulu) - Ds. Seranggan,EXACT_NORMALIZED_OR_APPROVED_ALIAS,Unique match against canonical/dashboard/QGIS names and approved alias registry,VERIFIED
historical_normative_workbook,55,082,Biti - Sungai Kupang (Karya Bakti TNI),Kandangan,HSS-KAB-082,Biti - Sungai Kupang (Karya Bakti TNI),EXACT_NORMALIZED_OR_APPROVED_ALIAS,Unique match against canonical/dashboard/QGIS names and approved alias registry,VERIFIED
historical_normative_workbook,56,023,Brigjen Katamso,Kandangan,HSS-KAB-023,Brigjen Katamso,EXACT_NORMALIZED_OR_APPROVED_ALIAS,Unique match against canonical/dashboard/QGIS names and approved alias registry,VERIFIED
historical_normative_workbook,57,265,Bubuih - Ds. Halunuk,Loksado,HSS-KAB-265,Bubuih - Ds. Halunuk,EXACT_NORMALIZED_OR_APPROVED_ALIAS,Unique match against canonical/dashboard/QGIS names and approved alias registry,VERIFIED
historical_normative_workbook,58,278,Bubuih (Ds. Halunuk) - Kandihin,Loksado,HSS-KAB-278,Bubuih (Ds. Halunuk) - Kandihin,EXACT_NORMALIZED_OR_APPROVED_ALIAS,Unique match against canonical/dashboard/QGIS names and approved alias registry,VERIFIED
historical_normative_workbook,59,028,Budi Bakti - Tiga Desember,Kandangan,HSS-KAB-028,Budi Bakti - Tiga Desember,EXACT_NORMALIZED_OR_APPROVED_ALIAS,Unique match against canonical/dashboard/QGIS names and approved alias registry,VERIFIED
historical_normative_workbook,60,229,Buluh - Ds. Tebing Tinggi,Simpur,HSS-KAB-229,Buluh - Ds. Tebing Tinggi,EXACT_NORMALIZED_OR_APPROVED_ALIAS,Unique match against canonical/dashboard/QGIS names and approved alias registry,VERIFIED
historical_normative_workbook,61,092,Bumi Berkat - Mungkur Galah,Sungai Raya,HSS-KAB-092,Bumi Berkat - Mungkur Galah,EXACT_NORMALIZED_OR_APPROVED_ALIAS,Unique match against canonical/dashboard/QGIS names and approved alias registry,VERIFIED
historical_normative_workbook,62,271,Buntu Muara Hatib - Bts. Kab. HST,Loksado,HSS-KAB-271,Buntu Muara Hatib - Bts. Kab. HST,EXACT_NORMALIZED_OR_APPROVED_ALIAS,Unique match against canonical/dashboard/QGIS names and approved alias registry,VERIFIED
historical_normative_workbook,63,331,Cangkingan Herman,Daha Utara,HSS-KAB-331,Cangkingan Herman,EXACT_NORMALIZED_OR_APPROVED_ALIAS,Unique match against canonical/dashboard/QGIS names and approved alias registry,VERIFIED
historical_normative_workbook,64,015,Dahlia,Kandangan,HSS-KAB-015,Dahlia,EXACT_NORMALIZED_OR_APPROVED_ALIAS,Unique match against canonical/dashboard/QGIS names and approved alias registry,VERIFIED
historical_normative_workbook,65,280,Datar Belimbing - Muara Kitar,Loksado,HSS-KAB-280,Datar Belimbing - Muara Kitar,EXACT_NORMALIZED_OR_APPROVED_ALIAS,Unique match against canonical/dashboard/QGIS names and approved alias registry,VERIFIED
historical_normative_workbook,66,033,DI. Panjaitan - Loklua,Kandangan,HSS-KAB-033,DI. Panjaitan - Loklua,EXACT_NORMALIZED_OR_APPROVED_ALIAS,Unique match against canonical/dashboard/QGIS names and approved alias registry,VERIFIED
historical_normative_workbook,67,236,Ds. Kapuh Tengah (Menuju Majelis Talim),Simpur,HSS-KAB-236,Ds. Kapuh Tengah (Jl. Menuju Majelis Talim),EXACT_NORMALIZED_OR_APPROVED_ALIAS,Unique match against canonical/dashboard/QGIS names and approved alias registry,VERIFIED
historical_normative_workbook,68,239,Firdaus - Ds. Kapuh,Simpur,HSS-KAB-239,Firdaus - Ds. Kapuh,EXACT_NORMALIZED_OR_APPROVED_ALIAS,Unique match against canonical/dashboard/QGIS names and approved alias registry,VERIFIED
historical_normative_workbook,69,162,Galuntang Tayub - Ds. Madang,Padang Batung,HSS-KAB-162,Galuntang Tayub - Ds. Madang,EXACT_NORMALIZED_OR_APPROVED_ALIAS,Unique match against canonical/dashboard/QGIS names and approved alias registry,VERIFIED
historical_normative_workbook,70,052,Gambah Dalam - Rantauan,Kandangan,HSS-KAB-052,Gambah Dalam - Rantauan,EXACT_NORMALIZED_OR_APPROVED_ALIAS,Unique match against canonical/dashboard/QGIS names and approved alias registry,VERIFIED
historical_normative_workbook,71,076,Gambah Dalam Barat - Mahulung,"Angkinang, Kandangan",HSS-KAB-076,Gambah Dalam Barat - Mahulung,EXACT_NORMALIZED_OR_APPROVED_ALIAS,Unique match against canonical/dashboard/QGIS names and approved alias registry,VERIFIED
historical_normative_workbook,72,053,Gambah Luar - Gambah Dalam,Kandangan,HSS-KAB-053,Gambah Luar - Gambah Dalam,EXACT_NORMALIZED_OR_APPROVED_ALIAS,Unique match against canonical/dashboard/QGIS names and approved alias registry,VERIFIED
historical_normative_workbook,73,055,Gambah Luar - Sungai Kudung,Kandangan,HSS-KAB-055,Gambah Luar - Sungai Kudung,EXACT_NORMALIZED_OR_APPROVED_ALIAS,Unique match against canonical/dashboard/QGIS names and approved alias registry,VERIFIED
historical_normative_workbook,74,045,Gambir - Sp. Empat Lungau,Kandangan,HSS-KAB-045,Gambir - Sp. Empat Lungau,EXACT_NORMALIZED_OR_APPROVED_ALIAS,Unique match against canonical/dashboard/QGIS names and approved alias registry,VERIFIED
historical_normative_workbook,75,330,Gang Bidan (Ds. Tambak Bitin),Daha Utara,HSS-KAB-330,Gang Bidan (Ds. Tambak Bitin),EXACT_NORMALIZED_OR_APPROVED_ALIAS,Unique match against canonical/dashboard/QGIS names and approved alias registry,VERIFIED
historical_normative_workbook,76,220,Garunggang - Hantamangu,Simpur,HSS-KAB-220,Garunggang - Hantamangu,EXACT_NORMALIZED_OR_APPROVED_ALIAS,Unique match against canonical/dashboard/QGIS names and approved alias registry,VERIFIED
historical_normative_workbook,77,232,Gerilya - Ds. Simpur,Simpur,HSS-KAB-232,Gerilya - Ds. Simpur,EXACT_NORMALIZED_OR_APPROVED_ALIAS,Unique match against canonical/dashboard/QGIS names and approved alias registry,VERIFIED
historical_normative_workbook,78,297,Gerilya / (Depan PUSTU Habirau),Daha Selatan,HSS-KAB-297,Gerilya / (Depan PUSTU Habirau),EXACT_NORMALIZED_OR_APPROVED_ALIAS,Unique match against canonical/dashboard/QGIS names and approved alias registry,VERIFIED
historical_normative_workbook,79,344,Goha - Ds. Amawang Kanan,Kandangan,HSS-KAB-344,Goha - Ds. Amawang Kanan,EXACT_NORMALIZED_OR_APPROVED_ALIAS,Unique match against canonical/dashboard/QGIS names and approved alias registry,VERIFIED
historical_normative_workbook,80,196,Gumbil - Masimpan,Telaga Langsat,HSS-KAB-196,Gumbil - Masimpan,EXACT_NORMALIZED_OR_APPROVED_ALIAS,Unique match against canonical/dashboard/QGIS names and approved alias registry,VERIFIED
historical_normative_workbook,81,226,Guru H. Izim - Ds. Pantai Ulin,Simpur,HSS-KAB-226,Guru H. Izim - Ds. Pantai Ulin,EXACT_NORMALIZED_OR_APPROVED_ALIAS,Unique match against canonical/dashboard/QGIS names and approved alias registry,VERIFIED
historical_normative_workbook,82,074,H. Jarkasi - Ds. Sungai Paring,Kandangan,HSS-KAB-074,H. Jarkasi - Ds. Sungai Paring,EXACT_NORMALIZED_OR_APPROVED_ALIAS,Unique match against canonical/dashboard/QGIS names and approved alias registry,VERIFIED
historical_normative_workbook,83,230,H. Saim Garunggang - Kalimput,Simpur,HSS-KAB-230,H. Saim Garunggang - Kalimput,EXACT_NORMALIZED_OR_APPROVED_ALIAS,Unique match against canonical/dashboard/QGIS names and approved alias registry,VERIFIED
historical_normative_workbook,84,314,H.M. Thaib,Daha Utara,HSS-KAB-314,H.M. Thaib,EXACT_NORMALIZED_OR_APPROVED_ALIAS,Unique match against canonical/dashboard/QGIS names and approved alias registry,VERIFIED
historical_normative_workbook,85,294,Habib,Daha Selatan,HSS-KAB-294,Habib,EXACT_NORMALIZED_OR_APPROVED_ALIAS,Unique match against canonical/dashboard/QGIS names and approved alias registry,VERIFIED
historical_normative_workbook,86,319,Habib Ibrahim - Ds. Sei Mandala,Daha Utara,HSS-KAB-319,Habib Ibrahim - Ds. Sei Mandala,EXACT_NORMALIZED_OR_APPROVED_ALIAS,Unique match against canonical/dashboard/QGIS names and approved alias registry,VERIFIED
historical_normative_workbook,87,337,Hakurung Dalam - Ds. Sungai Haji,Daha Utara,HSS-KAB-337,Hakurung Dalam - Ds. Sungai Haji,EXACT_NORMALIZED_OR_APPROVED_ALIAS,Unique match against canonical/dashboard/QGIS names and approved alias registry,VERIFIED
historical_normative_workbook,88,213,Halaban,Simpur,HSS-KAB-213,Halaban,EXACT_NORMALIZED_OR_APPROVED_ALIAS,Unique match against canonical/dashboard/QGIS names and approved alias registry,VERIFIED
historical_normative_workbook,89,203,Halayung - Hantarukung,Simpur,HSS-KAB-203,Halayung - Hantarukung,EXACT_NORMALIZED_OR_APPROVED_ALIAS,Unique match against canonical/dashboard/QGIS names and approved alias registry,VERIFIED
historical_normative_workbook,90,266,Halunuk - Riam Tajam/Talo - Hamak Umpaya,"Loksado, Telaga Langsat",HSS-KAB-266,Halunuk - Riam Tajam/Talo - Hamak Umpaya,EXACT_NORMALIZED_OR_APPROVED_ALIAS,Unique match against canonical/dashboard/QGIS names and approved alias registry,VERIFIED
historical_normative_workbook,91,198,Hamak - Umbai,Telaga Langsat,HSS-KAB-198,Hamak - Umbai,EXACT_NORMALIZED_OR_APPROVED_ALIAS,Unique match against canonical/dashboard/QGIS names and approved alias registry,VERIFIED
historical_normative_workbook,92,197,Hamak Timur - Umpaya,Telaga Langsat,HSS-KAB-197,Hamak Timur - Umpaya,EXACT_NORMALIZED_OR_APPROVED_ALIAS,Unique match against canonical/dashboard/QGIS names and approved alias registry,VERIFIED
historical_normative_workbook,93,199,Hamak Utara - Samaragi,Telaga Langsat,HSS-KAB-199,Hamak Utara - Samaragi,EXACT_NORMALIZED_OR_APPROVED_ALIAS,Unique match against canonical/dashboard/QGIS names and approved alias registry,VERIFIED
historical_normative_workbook,94,086,Hamalau - Anjiran,Sungai Raya,HSS-KAB-086,Hamalau - Anjiran,EXACT_NORMALIZED_OR_APPROVED_ALIAS,Unique match against canonical/dashboard/QGIS names and approved alias registry,VERIFIED
historical_normative_workbook,95,118,Hamalau - Asam Cangkok,"Kandangan, Sungai Raya",HSS-KAB-118,Hamalau - Asam Cangkok,EXACT_NORMALIZED_OR_APPROVED_ALIAS,Unique match against canonical/dashboard/QGIS names and approved alias registry,VERIFIED
historical_normative_workbook,96,106,Hamalau - Ganda,"Kandangan, Padang Batung, Sungai Raya",HSS-KAB-106,Hamalau - Ganda,EXACT_NORMALIZED_OR_APPROVED_ALIAS,Unique match against canonical/dashboard/QGIS names and approved alias registry,VERIFIED
historical_normative_workbook,97,098,Hamalau - Pahampangan,Sungai Raya,HSS-KAB-098,Hamalau - Pahampangan,EXACT_NORMALIZED_OR_APPROVED_ALIAS,Unique match against canonical/dashboard/QGIS names and approved alias registry,VERIFIED
historical_normative_workbook,98,102,Hamalau - Telaga Bidadari - Wasah Hilir,"Simpur, Sungai Raya",HSS-KAB-102,Hamalau - Telaga Bidadari - Wasah Hilir,EXACT_NORMALIZED_OR_APPROVED_ALIAS,Unique match against canonical/dashboard/QGIS names and approved alias registry,VERIFIED
historical_normative_workbook,99,334,Hamayung - Hakurung Dalam,Daha Utara,HSS-KAB-334,Hamayung - Hakurung Dalam,EXACT_NORMALIZED_OR_APPROVED_ALIAS,Unique match against canonical/dashboard/QGIS names and approved alias registry,VERIFIED
historical_normative_workbook,100,298,Harapan (SDN Habirau II)/ Sei. Palangan,Daha Selatan,HSS-KAB-298,Harapan (SDN Habirau II)/ Sei. Palangan,EXACT_NORMALIZED_OR_APPROVED_ALIAS,Unique match against canonical/dashboard/QGIS names and approved alias registry,VERIFIED
historical_normative_workbook,101,277,Haratai 2 (Balai Ujung Atas) SDN Haratai2,Loksado,HSS-KAB-277,Haratai 2 (Balai Ujung Atas) SDN Haratai2,EXACT_NORMALIZED_OR_APPROVED_ALIAS,Unique match against canonical/dashboard/QGIS names and approved alias registry,VERIFIED
historical_normative_workbook,102,276,Haratai 3 (Balai Kedayang) / SDN Haratai 3,Loksado,HSS-KAB-276,Haratai 3 (Balai Kedayang) / SDN Haratai 3,EXACT_NORMALIZED_OR_APPROVED_ALIAS,Unique match against canonical/dashboard/QGIS names and approved alias registry,VERIFIED
historical_normative_workbook,103,110,Haritas (PT. Pertani),Sungai Raya,HSS-KAB-110,Haritas (PT. Pertani),EXACT_NORMALIZED_OR_APPROVED_ALIAS,Unique match against canonical/dashboard/QGIS names and approved alias registry,VERIFIED
historical_normative_workbook,104,119,Hariti - Sungai Raya Selatan,Sungai Raya,HSS-KAB-119,Hariti - Sungai Raya Selatan,EXACT_NORMALIZED_OR_APPROVED_ALIAS,Unique match against canonical/dashboard/QGIS names and approved alias registry,VERIFIED
historical_normative_workbook,105,273,Hulu Banyu - Datar Mangkung - Tumingki,Loksado,HSS-KAB-273,Hulu Banyu - Datar Mangkung - Tumingki,EXACT_NORMALIZED_OR_APPROVED_ALIAS,Unique match against canonical/dashboard/QGIS names and approved alias registry,VERIFIED
historical_normative_workbook,106,268,Hulu Banyu - Pantai Langsat,Loksado,HSS-KAB-268,Hulu Banyu - Pantai Langsat,EXACT_NORMALIZED_OR_APPROVED_ALIAS,Unique match against canonical/dashboard/QGIS names and approved alias registry,VERIFIED
historical_normative_workbook,107,099,Ida Manggala - Padang Makmur,"Padang Batung, Sungai Raya",HSS-KAB-099,Ida Manggala - Padang Makmur,EXACT_NORMALIZED_OR_APPROVED_ALIAS,Unique match against canonical/dashboard/QGIS names and approved alias registry,VERIFIED
historical_normative_workbook,108,296,Inst. PDAM Negara,Daha Selatan,HSS-KAB-296,Inst. PDAM Negara,EXACT_NORMALIZED_OR_APPROVED_ALIAS,Unique match against canonical/dashboard/QGIS names and approved alias registry,VERIFIED
historical_normative_workbook,109,029,Jafri Zamzam,Kandangan,HSS-KAB-029,Jafri Zamzam,EXACT_NORMALIZED_OR_APPROVED_ALIAS,Unique match against canonical/dashboard/QGIS names and approved alias registry,VERIFIED
historical_normative_workbook,110,169,Jambu Hulu - Paku Pantai,Padang Batung,HSS-KAB-159,Jambu Hulu - Paku Pantai,EXACT_NORMALIZED_OR_APPROVED_ALIAS,Unique match against canonical/dashboard/QGIS names and approved alias registry,VERIFIED
historical_normative_workbook,111,233,Jangkang - Ds. Wasah Hilir,Simpur,HSS-KAB-233,Jangkang - Ds. Wasah Hilir,EXACT_NORMALIZED_OR_APPROVED_ALIAS,Unique match against canonical/dashboard/QGIS names and approved alias registry,VERIFIED
historical_normative_workbook,112,062,Jangkang - Pantai Ulin,"Kandangan, Simpur",HSS-KAB-062,Jangkang - Pantai Ulin,EXACT_NORMALIZED_OR_APPROVED_ALIAS,Unique match against canonical/dashboard/QGIS names and approved alias registry,VERIFIED
historical_normative_workbook,113,127,Jarau - Parandakan,Sungai Raya,HSS-KAB-127,Jarau - Parandakan,EXACT_NORMALIZED_OR_APPROVED_ALIAS,Unique match against canonical/dashboard/QGIS names and approved alias registry,VERIFIED
historical_normative_workbook,114,034,Jend. Sudirman,"Kandangan, Sungai Raya",HSS-KAB-034,Jend. Sudirman,EXACT_NORMALIZED_OR_APPROVED_ALIAS,Unique match against canonical/dashboard/QGIS names and approved alias registry,VERIFIED
historical_normative_workbook,115,284,Kacang Parang (Ulang) - Balai Mawak-Kias,"Angkinang, Kandangan",HSS-KAB-284,Kacang Parang (Ulang) - Balai Mawak-Kias,EXACT_NORMALIZED_OR_APPROVED_ALIAS,Unique match against canonical/dashboard/QGIS names and approved alias registry,VERIFIED
historical_normative_workbook,116,285,Kacang Parang (Ulang) - Balai Wariung,Loksado,HSS-KAB-285,Kacang Parang (Ulang) - Balai Wariung,EXACT_NORMALIZED_OR_APPROVED_ALIAS,Unique match against canonical/dashboard/QGIS names and approved alias registry,VERIFIED
historical_normative_workbook,117,134,Kalaka Dayuh - Ds. Sungai Raya Utara,Loksado,HSS-KAB-134,Kalaka Dayuh - Ds. Sungai Raya Utara,EXACT_NORMALIZED_OR_APPROVED_ALIAS,Unique match against canonical/dashboard/QGIS names and approved alias registry,VERIFIED
historical_normative_workbook,118,065,Kalaka Indah - Perumnas Tibung,Sungai Raya,HSS-KAB-065,Kalaka Indah - Perumnas Tibung,EXACT_NORMALIZED_OR_APPROVED_ALIAS,Unique match against canonical/dashboard/QGIS names and approved alias registry,VERIFIED
historical_normative_workbook,119,215,Kalimput Desa Wasah Hilir,Sungai Raya,HSS-KAB-215,Kalimput Desa Wasah Hilir,EXACT_NORMALIZED_OR_APPROVED_ALIAS,Unique match against canonical/dashboard/QGIS names and approved alias registry,VERIFIED
historical_normative_workbook,120,144,Kaliring - Sp. Padang Batung,Simpur,HSS-KAB-144,Kaliring - Sp. Padang Batung,EXACT_NORMALIZED_OR_APPROVED_ALIAS,Unique match against canonical/dashboard/QGIS names and approved alias registry,VERIFIED
historical_normative_workbook,121,247,Kalumpang - Balimau,Padang Batung,HSS-KAB-247,Kalumpang - Balimau,EXACT_NORMALIZED_OR_APPROVED_ALIAS,Unique match against canonical/dashboard/QGIS names and approved alias registry,VERIFIED
historical_normative_workbook,122,252,Kalumpang - Baruh,Kalumpang,HSS-KAB-252,Kalumpang - Baruh,EXACT_NORMALIZED_OR_APPROVED_ALIAS,Unique match against canonical/dashboard/QGIS names and approved alias registry,VERIFIED
historical_normative_workbook,123,248,Kalumpang (Ds. Balanti) - Teratai,Kalumpang,HSS-KAB-248,Kalumpang (Ds. Balanti) - Teratai,EXACT_NORMALIZED_OR_APPROVED_ALIAS,Unique match against canonical/dashboard/QGIS names and approved alias registry,VERIFIED
historical_normative_workbook,124,255,Kalumpang Selatan - Ds. Asam Tamiyang,Kalumpang,HSS-KAB-255,Kalumpang Selatan - Ds. Asam Tamiyang,EXACT_NORMALIZED_OR_APPROVED_ALIAS,Unique match against canonical/dashboard/QGIS names and approved alias registry,VERIFIED
historical_normative_workbook,125,014,Kamboja,Sungai Raya,HSS-KAB-014,Kamboja,EXACT_NORMALIZED_OR_APPROVED_ALIAS,Unique match against canonical/dashboard/QGIS names and approved alias registry,VERIFIED
historical_normative_workbook,126,333,Kaminting Batu,Kandangan,HSS-KAB-333,Kaminting Batu,EXACT_NORMALIZED_OR_APPROVED_ALIAS,Unique match against canonical/dashboard/QGIS names and approved alias registry,VERIFIED
historical_normative_workbook,127,332,Kampung Kawat,Daha Utara,HSS-KAB-332,Kampung Kawat,EXACT_NORMALIZED_OR_APPROVED_ALIAS,Unique match against canonical/dashboard/QGIS names and approved alias registry,VERIFIED
historical_normative_workbook,128,049,Kandangan Hulu - Sp. Tabihi,"Kandangan, Padang Batung",HSS-KAB-049,Kandangan Hulu - Sp. Tabihi,EXACT_NORMALIZED_OR_APPROVED_ALIAS,Unique match against canonical/dashboard/QGIS names and approved alias registry,VERIFIED
historical_normative_workbook,129,307,Kantor Camat Daha Selatan II,Daha Selatan,HSS-KAB-307,Kantor Camat Daha Selatan II,EXACT_NORMALIZED_OR_APPROVED_ALIAS,Unique match against canonical/dashboard/QGIS names and approved alias registry,VERIFIED
historical_normative_workbook,130,270,Kantor Camat Loksado II,Loksado,HSS-KAB-270,Kantor Camat Loksado II,EXACT_NORMALIZED_OR_APPROVED_ALIAS,Unique match against canonical/dashboard/QGIS names and approved alias registry,VERIFIED
historical_normative_workbook,131,237,Karampaci - Ds. Kapuh,Simpur,HSS-KAB-237,Karampaci - Ds. Kapuh,EXACT_NORMALIZED_OR_APPROVED_ALIAS,Unique match against canonical/dashboard/QGIS names and approved alias registry,VERIFIED
historical_normative_workbook,132,119,Karang Intan - Tanah Bangkang,Sungai Raya,HSS-KAB-109,Karang Intan - Tanah Bangkang,EXACT_NORMALIZED_OR_APPROVED_ALIAS,Unique match against canonical/dashboard/QGIS names and approved alias registry,VERIFIED
historical_normative_workbook,133,138,Karang Jawa -Ambarai - Sungai Bungur,Padang Batung,HSS-KAB-138,Karang Jawa -Ambarai - Sungai Bungur,EXACT_NORMALIZED_OR_APPROVED_ALIAS,Unique match against canonical/dashboard/QGIS names and approved alias registry,VERIFIED
historical_normative_workbook,134,103,Karasikan - Sarang Halang,Sungai Raya,HSS-KAB-103,Karasikan - Sarang Halang,EXACT_NORMALIZED_OR_APPROVED_ALIAS,Unique match against canonical/dashboard/QGIS names and approved alias registry,VERIFIED
historical_normative_workbook,135,257,Karya Bakti - Ds. Balimau,Kalumpang,HSS-KAB-257,Karya Bakti - Ds. Balimau,EXACT_NORMALIZED_OR_APPROVED_ALIAS,Unique match against canonical/dashboard/QGIS names and approved alias registry,VERIFIED
historical_normative_workbook,136,185,Kayu Abang - Ds. Anjiran,Angkinang,HSS-KAB-185,Kayu Abang - Ds. Anjiran,EXACT_NORMALIZED_OR_APPROVED_ALIAS,Unique match against canonical/dashboard/QGIS names and approved alias registry,VERIFIED
historical_normative_workbook,137,190,Kayu Abang - Paya,Angkinang,HSS-KAB-190,Kayu Abang - Paya,EXACT_NORMALIZED_OR_APPROVED_ALIAS,Unique match against canonical/dashboard/QGIS names and approved alias registry,VERIFIED
historical_normative_workbook,138,012,Kenanga,Kandangan,HSS-KAB-012,Kenanga,EXACT_NORMALIZED_OR_APPROVED_ALIAS,Unique match against canonical/dashboard/QGIS names and approved alias registry,VERIFIED
historical_normative_workbook,139,315,Kenanga - Ds. Baruh Kambang,Daha Utara,HSS-KAB-315,Kenanga - Ds. Baruh Kambang,EXACT_NORMALIZED_OR_APPROVED_ALIAS,Unique match against canonical/dashboard/QGIS names and approved alias registry,VERIFIED
historical_normative_workbook,140,350,Keramat Sakti - Ds. Tebing Tinggi,Simpur,HSS-KAB-350,Keramat Sakti - Ds. Tebing Tinggi,EXACT_NORMALIZED_OR_APPROVED_ALIAS,Unique match against canonical/dashboard/QGIS names and approved alias registry,VERIFIED
historical_normative_workbook,141,037,Kesehatan - Komp. Rmh Dokter,Kandangan,HSS-KAB-037,Kesehatan - Komp. Rmh Dokter,EXACT_NORMALIZED_OR_APPROVED_ALIAS,Unique match against canonical/dashboard/QGIS names and approved alias registry,VERIFIED
historical_normative_workbook,142,221,KH. Ramli - DS. Amparaya,Simpur,HSS-KAB-221,KH. Ramli - DS. Amparaya,EXACT_NORMALIZED_OR_APPROVED_ALIAS,Unique match against canonical/dashboard/QGIS names and approved alias registry,VERIFIED
historical_normative_workbook,143,024,Kolonel Sugiono,Kandangan,HSS-KAB-024,Kolonel Sugiono,EXACT_NORMALIZED_OR_APPROVED_ALIAS,Unique match against canonical/dashboard/QGIS names and approved alias registry,VERIFIED
historical_normative_workbook,144,016,KS. Tubun,Kandangan,HSS-KAB-016,KS. Tubun,EXACT_NORMALIZED_OR_APPROVED_ALIAS,Unique match against canonical/dashboard/QGIS names and approved alias registry,VERIFIED
historical_normative_workbook,145,274,Lambuk - Ds. Tumingki,Loksado,HSS-KAB-274,Lambuk - Ds. Tumingki,EXACT_NORMALIZED_OR_APPROVED_ALIAS,Unique match against canonical/dashboard/QGIS names and approved alias registry,VERIFIED
historical_normative_workbook,146,261,Loklahung - Kamawakan,Loksado,HSS-KAB-261,Loklahung - Kamawakan,EXACT_NORMALIZED_OR_APPROVED_ALIAS,Unique match against canonical/dashboard/QGIS names and approved alias registry,VERIFIED
historical_normative_workbook,147,264,Loklahung - Malaris,Loksado,HSS-KAB-264,Loklahung - Malaris,EXACT_NORMALIZED_OR_APPROVED_ALIAS,Unique match against canonical/dashboard/QGIS names and approved alias registry,VERIFIED
historical_normative_workbook,148,260,Loksado - Haratai,Loksado,HSS-KAB-260,Loksado - Haratai,EXACT_NORMALIZED_OR_APPROVED_ALIAS,Unique match against canonical/dashboard/QGIS names and approved alias registry,VERIFIED
historical_normative_workbook,149,259,Loksado - Loklahung,Loksado,HSS-KAB-259,Loksado - Loklahung,EXACT_NORMALIZED_OR_APPROVED_ALIAS,Unique match against canonical/dashboard/QGIS names and approved alias registry,VERIFIED
historical_normative_workbook,150,286,Loksado - Pantai Dusin,Loksado,HSS-KAB-286,Loksado - Pantai Dusin,EXACT_NORMALIZED_OR_APPROVED_ALIAS,Unique match against canonical/dashboard/QGIS names and approved alias registry,VERIFIED
historical_normative_workbook,151,194,Longawang - Gumbil,Telaga Langsat,HSS-KAB-194,Longawang - Gumbil,EXACT_NORMALIZED_OR_APPROVED_ALIAS,Unique match against canonical/dashboard/QGIS names and approved alias registry,VERIFIED
historical_normative_workbook,152,081,Lorong Bupati,Kandangan,HSS-KAB-081,Lorong Bupati,EXACT_NORMALIZED_OR_APPROVED_ALIAS,Unique match against canonical/dashboard/QGIS names and approved alias registry,VERIFIED
historical_normative_workbook,153,152,Madang - Ambutun,"Padang Batung, Telaga Langsat",HSS-KAB-152,Madang - Ambutun,EXACT_NORMALIZED_OR_APPROVED_ALIAS,Unique match against canonical/dashboard/QGIS names and approved alias registry,VERIFIED
historical_normative_workbook,154,279,Makam Habib - Desa Lumpangi,Loksado,HSS-KAB-279,Makam Habib - Desa Lumpangi,EXACT_NORMALIZED_OR_APPROVED_ALIAS,Unique match against canonical/dashboard/QGIS names and approved alias registry,VERIFIED
historical_normative_workbook,155,275,Malaris - Loapanggang,Loksado,HSS-KAB-275,Malaris - Loapanggang,EXACT_NORMALIZED_OR_APPROVED_ALIAS,Unique match against canonical/dashboard/QGIS names and approved alias registry,VERIFIED
historical_normative_workbook,156,141,Malilingin - Lokbahan - Paniungan,Padang Batung,HSS-KAB-141,Malilingin - Lokbahan - Paniungan,EXACT_NORMALIZED_OR_APPROVED_ALIAS,Unique match against canonical/dashboard/QGIS names and approved alias registry,VERIFIED
historical_normative_workbook,157,157,Malilingin - Muara Hariang,Padang Batung,HSS-KAB-157,Malilingin - Muara Hariang,EXACT_NORMALIZED_OR_APPROVED_ALIAS,Unique match against canonical/dashboard/QGIS names and approved alias registry,VERIFIED
historical_normative_workbook,158,287,Malinau - Kandihin,Loksado,HSS-KAB-287,Malinau - Kandihin,EXACT_NORMALIZED_OR_APPROVED_ALIAS,Unique match against canonical/dashboard/QGIS names and approved alias registry,VERIFIED
historical_normative_workbook,159,263,Malinau - Katingin - Kamawakan,Loksado,HSS-KAB-263,Malinau - Katingin - Kamawakan,EXACT_NORMALIZED_OR_APPROVED_ALIAS,Unique match against canonical/dashboard/QGIS names and approved alias registry,VERIFIED
historical_normative_workbook,160,195,Mandampa - Longawang,Telaga Langsat,HSS-KAB-195,Mandampa - Longawang,EXACT_NORMALIZED_OR_APPROVED_ALIAS,Unique match against canonical/dashboard/QGIS names and approved alias registry,VERIFIED
historical_normative_workbook,161,143,Mandapai - Madang,Padang Batung,HSS-KAB-143,Mandapai - Madang,EXACT_NORMALIZED_OR_APPROVED_ALIAS,Unique match against canonical/dashboard/QGIS names and approved alias registry,VERIFIED
historical_normative_workbook,162,225,Mangamol - Ds. Pantai Ulin,Simpur,HSS-KAB-225,Mangamol - Ds. Pantai Ulin,EXACT_NORMALIZED_OR_APPROVED_ALIAS,Unique match against canonical/dashboard/QGIS names and approved alias registry,VERIFIED
historical_normative_workbook,163,120,Mangaris - Limau Manis,Sungai Raya,HSS-KAB-120,Mangaris - Limau Manis,EXACT_NORMALIZED_OR_APPROVED_ALIAS,Unique match against canonical/dashboard/QGIS names and approved alias registry,VERIFIED
historical_normative_workbook,164,131,Manggis - Ds. Baru,Sungai Raya,HSS-KAB-131,Manggis - Ds. Baru,EXACT_NORMALIZED_OR_APPROVED_ALIAS,Unique match against canonical/dashboard/QGIS names and approved alias registry,VERIFIED
historical_normative_workbook,165,117,Mangunang - Ds. Sungai Raya Utara,Sungai Raya,HSS-KAB-117,Mangunang - Ds. Sungai Raya Utara,EXACT_NORMALIZED_OR_APPROVED_ALIAS,Unique match against canonical/dashboard/QGIS names and approved alias registry,VERIFIED
historical_normative_workbook,166,115,Matang Gadung - Halalang,Sungai Raya,HSS-KAB-115,Matang Gadung - Halalang,EXACT_NORMALIZED_OR_APPROVED_ALIAS,Unique match against canonical/dashboard/QGIS names and approved alias registry,VERIFIED
historical_normative_workbook,167,142,Mawangi - Bukuanin - Telaga Langsat,"Padang Batung, Telaga Langsat",HSS-KAB-142,Mawangi - Bukuanin - Telaga Langsat,EXACT_NORMALIZED_OR_APPROVED_ALIAS,Unique match against canonical/dashboard/QGIS names and approved alias registry,VERIFIED
historical_normative_workbook,168,158,Mawangi - Pariangan,Padang Batung,HSS-KAB-158,Mawangi - Pariangan,EXACT_NORMALIZED_OR_APPROVED_ALIAS,Unique match against canonical/dashboard/QGIS names and approved alias registry,VERIFIED
historical_normative_workbook,169,013,Mawar (Kandangan Utara),Kandangan,HSS-KAB-013,Mawar (Kandangan Utara),EXACT_NORMALIZED_OR_APPROVED_ALIAS,Unique match against canonical/dashboard/QGIS names and approved alias registry,VERIFIED
historical_normative_workbook,170,295,Mawar (Daha Selatan),Daha Selatan,HSS-KAB-295,Mawar (Daha Selatan),EXACT_NORMALIZED_OR_APPROVED_ALIAS,Unique match against canonical/dashboard/QGIS names and approved alias registry,VERIFIED
historical_normative_workbook,171,078,Menuju SMP 7 - Ds. Gambah Dalam,Kandangan,HSS-KAB-078,Menuju SMP 7 - Ds. Gambah Dalam,EXACT_NORMALIZED_OR_APPROVED_ALIAS,Unique match against canonical/dashboard/QGIS names and approved alias registry,VERIFIED
historical_normative_workbook,172,163,Menuju SMPN Malilingin,Padang Batung,HSS-KAB-163,Menuju SMPN Malilingin,EXACT_NORMALIZED_OR_APPROVED_ALIAS,Unique match against canonical/dashboard/QGIS names and approved alias registry,VERIFIED
historical_normative_workbook,173,007,Menuju Stadion 2 Desember,Kandangan,HSS-KAB-007,Menuju Stadion 2 Desember,EXACT_NORMALIZED_OR_APPROVED_ALIAS,Unique match against canonical/dashboard/QGIS names and approved alias registry,VERIFIED
historical_normative_workbook,174,006,Merah Johansyah - Melati,Kandangan,HSS-KAB-006,Merah Johansyah - Jl. Melati,EXACT_NORMALIZED_OR_APPROVED_ALIAS,Unique match against canonical/dashboard/QGIS names and approved alias registry,VERIFIED
historical_normative_workbook,175,059,Mesjid Quba,Kandangan,HSS-KAB-059,Mesjid Quba,EXACT_NORMALIZED_OR_APPROVED_ALIAS,Unique match against canonical/dashboard/QGIS names and approved alias registry,VERIFIED
historical_normative_workbook,176,325,MIN Pandak Daun,Daha Utara,HSS-KAB-325,MIN Pandak Daun,EXACT_NORMALIZED_OR_APPROVED_ALIAS,Unique match against canonical/dashboard/QGIS names and approved alias registry,VERIFIED
historical_normative_workbook,177,223,Mondar (Ulin-Pantai Ulin) - Ds. Ulin,Simpur,HSS-KAB-223,Mondar (Ulin-Pantai Ulin) - Ds. Ulin,EXACT_NORMALIZED_OR_APPROVED_ALIAS,Unique match against canonical/dashboard/QGIS names and approved alias registry,VERIFIED
historical_normative_workbook,178,153,Monumen 17 Mei - Mandapai,Padang Batung,HSS-KAB-153,Monumen 17 Mei - Mandapai,EXACT_NORMALIZED_OR_APPROVED_ALIAS,Unique match against canonical/dashboard/QGIS names and approved alias registry,VERIFIED
historical_normative_workbook,179,047,Muara Banta - Karang Jawa,"Kandangan, Padang Batung",HSS-KAB-047,Muara Banta - Karang Jawa,EXACT_NORMALIZED_OR_APPROVED_ALIAS,Unique match against canonical/dashboard/QGIS names and approved alias registry,VERIFIED
historical_normative_workbook,180,165,Muara Hariang - Bayumbung,"Loksado, Padang Batung",HSS-KAB-165,Muara Hariang - Bayumbung,EXACT_NORMALIZED_OR_APPROVED_ALIAS,Unique match against canonical/dashboard/QGIS names and approved alias registry,VERIFIED
historical_normative_workbook,181,267,Muara Kitar - Desa Lumpangi,Loksado,HSS-KAB-267,Muara Kitar - Desa Lumpangi,EXACT_NORMALIZED_OR_APPROVED_ALIAS,Unique match against canonical/dashboard/QGIS names and approved alias registry,VERIFIED
historical_normative_workbook,182,155,Muara Pipii - Tambak Pipii,Padang Batung,HSS-KAB-155,Muara Pipii - Tambak Pipii,EXACT_NORMALIZED_OR_APPROVED_ALIAS,Unique match against canonical/dashboard/QGIS names and approved alias registry,VERIFIED
historical_normative_workbook,183,121,Munggu Raya - Ds. Hariti,Sungai Raya,HSS-KAB-121,Munggu Raya - Ds. Hariti,EXACT_NORMALIZED_OR_APPROVED_ALIAS,Unique match against canonical/dashboard/QGIS names and approved alias registry,VERIFIED
historical_normative_workbook,184,128,Mungkur Galah - Lokpaikat,Sungai Raya,HSS-KAB-128,Mungkur Galah - Lokpaikat,EXACT_NORMALIZED_OR_APPROVED_ALIAS,Unique match against canonical/dashboard/QGIS names and approved alias registry,VERIFIED
historical_normative_workbook,185,301,Muning Tengah - Batang Alai (Pihanin Raya),Daha Selatan,HSS-KAB-301,Muning Tengah - Batang Alai (Pihanin Raya),EXACT_NORMALIZED_OR_APPROVED_ALIAS,Unique match against canonical/dashboard/QGIS names and approved alias registry,VERIFIED
historical_normative_workbook,186,302,Muning Tengah - Ds. Muning Dalam,Daha Selatan,HSS-KAB-302,Muning Tengah - Ds. Muning Dalam,EXACT_NORMALIZED_OR_APPROVED_ALIAS,Unique match against canonical/dashboard/QGIS names and approved alias registry,VERIFIED
historical_normative_workbook,187,020,Musyawarah (Kandangan),Kandangan,HSS-KAB-020,Musyawarah (Kandangan),EXACT_NORMALIZED_OR_APPROVED_ALIAS,Unique match against canonical/dashboard/QGIS names and approved alias registry,VERIFIED
historical_normative_workbook,188,292,Musyawarah (Nagara),Daha Selatan,HSS-KAB-292,Musyawarah (Nagara),EXACT_NORMALIZED_OR_APPROVED_ALIAS,Unique match against canonical/dashboard/QGIS names and approved alias registry,VERIFIED
historical_normative_workbook,189,304,Negara - Tumbukan Banyu,Daha Selatan,HSS-KAB-304,Negara - Tumbukan Banyu,EXACT_NORMALIZED_OR_APPROVED_ALIAS,Unique match against canonical/dashboard/QGIS names and approved alias registry,VERIFIED
historical_normative_workbook,190,070,Newangsekarti - Ds. Gambah Luar Muka,Kandangan,HSS-KAB-070,Newangsekarti - Ds. Gambah Luar Muka,EXACT_NORMALIZED_OR_APPROVED_ALIAS,Unique match against canonical/dashboard/QGIS names and approved alias registry,VERIFIED
historical_normative_workbook,191,262,Niagara (Ds. Halunuk) - Ayan,Loksado,HSS-KAB-262,Niagara (Ds. Halunuk) - Ayan,EXACT_NORMALIZED_OR_APPROVED_ALIAS,Unique match against canonical/dashboard/QGIS names and approved alias registry,VERIFIED
historical_normative_workbook,192,080,Nomura,Kandangan,HSS-KAB-080,Nomura,EXACT_NORMALIZED_OR_APPROVED_ALIAS,Unique match against canonical/dashboard/QGIS names and approved alias registry,VERIFIED
historical_normative_workbook,193,010,Nusa Indah,Kandangan,HSS-KAB-010,Nusa Indah,EXACT_NORMALIZED_OR_APPROVED_ALIAS,Unique match against canonical/dashboard/QGIS names and approved alias registry,VERIFIED
historical_normative_workbook,194,140,Padang Batung - Batulaki - Malilingin,Padang Batung,HSS-KAB-140,Padang Batung - Batulaki - Malilingin,EXACT_NORMALIZED_OR_APPROVED_ALIAS,Unique match against canonical/dashboard/QGIS names and approved alias registry,VERIFIED
historical_normative_workbook,195,231,Padang Haur - Ds. Wasah Tengah,Simpur,HSS-KAB-231,Padang Haur - Ds. Wasah Tengah,EXACT_NORMALIZED_OR_APPROVED_ALIAS,Unique match against canonical/dashboard/QGIS names and approved alias registry,VERIFIED
historical_normative_workbook,196,063,Padang Palas,Kandangan,HSS-KAB-063,Padang Palas,EXACT_NORMALIZED_OR_APPROVED_ALIAS,Unique match against canonical/dashboard/QGIS names and approved alias registry,VERIFIED
historical_normative_workbook,197,161,Padang Rasau (Tambak Tamiang) - Paku Pantai,"Kandangan, Padang Batung",HSS-KAB-161,Padang Rasau (Tambak Tamiang) - Paku Pantai,EXACT_NORMALIZED_OR_APPROVED_ALIAS,Unique match against canonical/dashboard/QGIS names and approved alias registry,VERIFIED
historical_normative_workbook,198,145,Pagar Haur - Malutu,Padang Batung,HSS-KAB-145,Pagar Haur - Malutu,EXACT_NORMALIZED_OR_APPROVED_ALIAS,Unique match against canonical/dashboard/QGIS names and approved alias registry,VERIFIED
historical_normative_workbook,199,148,Pagat Batu - Muara Hariang,Padang Batung,HSS-KAB-148,Pagat Batu - Muara Hariang,EXACT_NORMALIZED_OR_APPROVED_ALIAS,Unique match against canonical/dashboard/QGIS names and approved alias registry,VERIFIED
historical_normative_workbook,200,122,Paharuangan - Asam Dua,Sungai Raya,HSS-KAB-122,Paharuangan - Asam Dua,EXACT_NORMALIZED_OR_APPROVED_ALIAS,Unique match against canonical/dashboard/QGIS names and approved alias registry,VERIFIED
historical_normative_workbook,201,111,Paharuangan - Sei. Raya Selatan,Sungai Raya,HSS-KAB-111,Paharuangan - Sei. Raya Selatan,EXACT_NORMALIZED_OR_APPROVED_ALIAS,Unique match against canonical/dashboard/QGIS names and approved alias registry,VERIFIED
historical_normative_workbook,202,244,Pajah Api - Ds. Kapuh,Simpur,HSS-KAB-244,Pajah Api - Ds. Kapuh,EXACT_NORMALIZED_OR_APPROVED_ALIAS,Unique match against canonical/dashboard/QGIS names and approved alias registry,VERIFIED
historical_normative_workbook,203,328,Pakan Dalam - Kaminting Batu,"Daha Selatan, Daha Utara",HSS-KAB-328,Pakan Dalam - Kaminting Batu,EXACT_NORMALIZED_OR_APPROVED_ALIAS,Unique match against canonical/dashboard/QGIS names and approved alias registry,VERIFIED
historical_normative_workbook,204,321,Pakan Dalam I,Daha Utara,HSS-KAB-321,Pakan Dalam I,EXACT_NORMALIZED_OR_APPROVED_ALIAS,Unique match against canonical/dashboard/QGIS names and approved alias registry,VERIFIED
historical_normative_workbook,205,322,Pakan Dalam II,Daha Utara,HSS-KAB-322,Pakan Dalam II,EXACT_NORMALIZED_OR_APPROVED_ALIAS,Unique match against canonical/dashboard/QGIS names and approved alias registry,VERIFIED
historical_normative_workbook,206,323,Pakan Dalam III,Daha Utara,HSS-KAB-323,Pakan Dalam III,EXACT_NORMALIZED_OR_APPROVED_ALIAS,Unique match against canonical/dashboard/QGIS names and approved alias registry,VERIFIED
historical_normative_workbook,207,159,Paku (Jambu Hulu) - Ganda,"Kandangan, Padang Batung",HSS-KAB-149,Paku (Jambu Hulu) - Ganda,EXACT_NORMALIZED_OR_APPROVED_ALIAS,Unique match against canonical/dashboard/QGIS names and approved alias registry,VERIFIED
historical_normative_workbook,208,083,Palajau - Ds. Baluti,"Kandangan, Padang Batung, Sungai Raya",HSS-KAB-083,Palajau - Ds. Baluti,EXACT_NORMALIZED_OR_APPROVED_ALIAS,Unique match against canonical/dashboard/QGIS names and approved alias registry,VERIFIED
historical_normative_workbook,209,241,Palas - Ds. Wasah Tengah,Simpur,HSS-KAB-241,Palas - Ds. Wasah Tengah,EXACT_NORMALIZED_OR_APPROVED_ALIAS,Unique match against canonical/dashboard/QGIS names and approved alias registry,VERIFIED
historical_normative_workbook,210,310,Pandak Daun - Baruh Jaya - Samuda,"Daha Selatan, Daha Utara",HSS-KAB-310,Pandak Daun - Baruh Jaya - Samuda,EXACT_NORMALIZED_OR_APPROVED_ALIAS,Unique match against canonical/dashboard/QGIS names and approved alias registry,VERIFIED
historical_normative_workbook,211,327,Pandak Daun (Buntut Muradiyah) - Pakan Dalam,Daha Utara,HSS-KAB-327,Pandak Daun (Buntut Muradiyah) - Pakan Dalam,EXACT_NORMALIZED_OR_APPROVED_ALIAS,Unique match against canonical/dashboard/QGIS names and approved alias registry,VERIFIED
historical_normative_workbook,212,198,Pandan Sari - Ds. Angkinang,Angkinang,HSS-KAB-188,Pandan Sari - Ds. Angkinang,EXACT_NORMALIZED_OR_APPROVED_ALIAS,Unique match against canonical/dashboard/QGIS names and approved alias registry,VERIFIED
historical_normative_workbook,213,170,Pandulangan - Kalinduku,"Angkinang, Padang Batung",HSS-KAB-170,Pandulangan - Kalinduku,EXACT_NORMALIZED_OR_APPROVED_ALIAS,Unique match against canonical/dashboard/QGIS names and approved alias registry,VERIFIED
historical_normative_workbook,214,001,Pangeran Antasari - Loklua,Kandangan,HSS-KAB-001,Pangeran Antasari - Loklua,EXACT_NORMALIZED_OR_APPROVED_ALIAS,Unique match against canonical/dashboard/QGIS names and approved alias registry,VERIFIED
historical_normative_workbook,215,183,Panggang Hijau - Ds. Tawar,"Angkinang, Kandangan",HSS-KAB-183,Panggang Hijau - Ds. Tawar,EXACT_NORMALIZED_OR_APPROVED_ALIAS,Unique match against canonical/dashboard/QGIS names and approved alias registry,VERIFIED
historical_normative_workbook,216,009,Panglima Batur,Kandangan,HSS-KAB-009,Panglima Batur,EXACT_NORMALIZED_OR_APPROVED_ALIAS,Unique match against canonical/dashboard/QGIS names and approved alias registry,VERIFIED
historical_normative_workbook,217,210,Panjampang Bahagia - Bayur,Simpur,HSS-KAB-210,Panjampang Bahagia - Bayur,EXACT_NORMALIZED_OR_APPROVED_ALIAS,Unique match against canonical/dashboard/QGIS names and approved alias registry,VERIFIED
historical_normative_workbook,218,212,Panjampang Bahagia - Hanau,Simpur,HSS-KAB-212,Panjampang Bahagia - Hanau,EXACT_NORMALIZED_OR_APPROVED_ALIAS,Unique match against canonical/dashboard/QGIS names and approved alias registry,VERIFIED
historical_normative_workbook,219,202,Pantai Langsat - Umpaya,"Loksado, Telaga Langsat",HSS-KAB-202,Pantai Langsat - Umpaya,EXACT_NORMALIZED_OR_APPROVED_ALIAS,Unique match against canonical/dashboard/QGIS names and approved alias registry,VERIFIED
historical_normative_workbook,220,218,Papagaran - Ds. Amawang Kanan,Kandangan,HSS-KAB-218,Papagaran - Ds. Amawang Kanan,EXACT_NORMALIZED_OR_APPROVED_ALIAS,Unique match against canonical/dashboard/QGIS names and approved alias registry,VERIFIED
historical_normative_workbook,221,057,Papagaran/Palangsatan,Kandangan,HSS-KAB-057,Papagaran/Palangsatan,EXACT_NORMALIZED_OR_APPROVED_ALIAS,Unique match against canonical/dashboard/QGIS names and approved alias registry,VERIFIED
historical_normative_workbook,222,124,Papancan - Ds. Tanah Bangkang,"Padang Batung, Sungai Raya",HSS-KAB-124,Papancan - Ds. Tanah Bangkang,EXACT_NORMALIZED_OR_APPROVED_ALIAS,Unique match against canonical/dashboard/QGIS names and approved alias registry,VERIFIED
historical_normative_workbook,223,324,Paramaian,Daha Utara,HSS-KAB-324,Paramaian,EXACT_NORMALIZED_OR_APPROVED_ALIAS,Unique match against canonical/dashboard/QGIS names and approved alias registry,VERIFIED
historical_normative_workbook,224,027,Parincahan - Singakarsa (Harapan),Kandangan,HSS-KAB-027,Parincahan - Singakarsa (Jl. Harapan),EXACT_NORMALIZED_OR_APPROVED_ALIAS,Unique match against canonical/dashboard/QGIS names and approved alias registry,VERIFIED
historical_normative_workbook,225,018,Parindra,Kandangan,HSS-KAB-018,Parindra,EXACT_NORMALIZED_OR_APPROVED_ALIAS,Unique match against canonical/dashboard/QGIS names and approved alias registry,VERIFIED
historical_normative_workbook,226,003,Pasar Kandangan - Oprit Jembt. Loklua,Kandangan,HSS-KAB-003,Pasar Kandangan - Oprit Jembt. Loklua,EXACT_NORMALIZED_OR_APPROVED_ALIAS,Unique match against canonical/dashboard/QGIS names and approved alias registry,VERIFIED
historical_normative_workbook,227,054,Pegangsaan Timur - Teluk Aman,Kandangan,HSS-KAB-054,Pegangsaan Timur - Teluk Aman,EXACT_NORMALIZED_OR_APPROVED_ALIAS,Unique match against canonical/dashboard/QGIS names and approved alias registry,VERIFIED
historical_normative_workbook,228,133,Pembangunan - Ds. Sungai Raya Utara,Sungai Raya,HSS-KAB-133,Pembangunan - Ds. Sungai Raya Utara,EXACT_NORMALIZED_OR_APPROVED_ALIAS,Unique match against canonical/dashboard/QGIS names and approved alias registry,VERIFIED
historical_normative_workbook,229,017,Pemuda,Kandangan,HSS-KAB-017,Pemuda,EXACT_NORMALIZED_OR_APPROVED_ALIAS,Unique match against canonical/dashboard/QGIS names and approved alias registry,VERIFIED
historical_normative_workbook,230,224,Pendawa - Ds. Tebing Tinggi,Simpur,HSS-KAB-224,Pendawa - Ds. Tebing Tinggi,EXACT_NORMALIZED_OR_APPROVED_ALIAS,Unique match against canonical/dashboard/QGIS names and approved alias registry,VERIFIED
historical_normative_workbook,231,349,Pertanian - Ds. Wasah Tengah,Simpur,HSS-KAB-349,Pertanian - Ds. Wasah Tengah,EXACT_NORMALIZED_OR_APPROVED_ALIAS,Unique match against canonical/dashboard/QGIS names and approved alias registry,VERIFIED
historical_normative_workbook,232,317,Pertukangan,Daha Utara,HSS-KAB-317,Pertukangan,EXACT_NORMALIZED_OR_APPROVED_ALIAS,Unique match against canonical/dashboard/QGIS names and approved alias registry,VERIFIED
historical_normative_workbook,233,326,Pesantren Muradiyah,Daha Utara,HSS-KAB-326,Pesantren Muradiyah,EXACT_NORMALIZED_OR_APPROVED_ALIAS,Unique match against canonical/dashboard/QGIS names and approved alias registry,VERIFIED
historical_normative_workbook,234,228,Pianggu,Simpur,HSS-KAB-228,Pianggu,EXACT_NORMALIZED_OR_APPROVED_ALIAS,Unique match against canonical/dashboard/QGIS names and approved alias registry,VERIFIED
historical_normative_workbook,235,022,Rahmah Bahran,Kandangan,HSS-KAB-022,Rahmah Bahran,EXACT_NORMALIZED_OR_APPROVED_ALIAS,Unique match against canonical/dashboard/QGIS names and approved alias registry,VERIFIED
historical_normative_workbook,236,061,Rambai - Bariang,Kandangan,HSS-KAB-061,Rambai - Bariang,EXACT_NORMALIZED_OR_APPROVED_ALIAS,Unique match against canonical/dashboard/QGIS names and approved alias registry,VERIFIED
historical_normative_workbook,237,192,Rantauan - Sungai Baru (Pulau),"Angkinang, Kandangan",HSS-KAB-192,Rantauan - Sungai Baru (Jl. Pulau),EXACT_NORMALIZED_OR_APPROVED_ALIAS,Unique match against canonical/dashboard/QGIS names and approved alias registry,VERIFIED
historical_normative_workbook,238,227,Rawati - Ds. Panjampang Bahagia,Simpur,HSS-KAB-227,Rawati - Ds. Panjampang Bahagia,EXACT_NORMALIZED_OR_APPROVED_ALIAS,Unique match against canonical/dashboard/QGIS names and approved alias registry,VERIFIED
historical_normative_workbook,239,186,Rel Angkinang - TMMD Angkinang,Angkinang,HSS-KAB-186,Rel Angkinang - TMMD Angkinang,EXACT_NORMALIZED_OR_APPROVED_ALIAS,Unique match against canonical/dashboard/QGIS names and approved alias registry,VERIFIED
historical_normative_workbook,240,084,RS. Hasan Basry II,Sungai Raya,HSS-KAB-084,RS. Hasan Basry II,EXACT_NORMALIZED_OR_APPROVED_ALIAS,Unique match against canonical/dashboard/QGIS names and approved alias registry,VERIFIED
historical_normative_workbook,241,336,Sakincung - Ds. Hakurung Dalam,Daha Utara,HSS-KAB-336,Sakincung - Ds. Hakurung Dalam,EXACT_NORMALIZED_OR_APPROVED_ALIAS,Unique match against canonical/dashboard/QGIS names and approved alias registry,VERIFIED
historical_normative_workbook,242,038,Samping Bappeda - Mesjid Darul Halik,Kandangan,HSS-KAB-038,Samping Bappeda - Mesjid Darul Halik,EXACT_NORMALIZED_OR_APPROVED_ALIAS,Unique match against canonical/dashboard/QGIS names and approved alias registry,VERIFIED
historical_normative_workbook,243,329,Samping Kantor Camat Daha Utara,Daha Utara,HSS-KAB-329,Samping Kantor Camat Daha Utara,EXACT_NORMALIZED_OR_APPROVED_ALIAS,Unique match against canonical/dashboard/QGIS names and approved alias registry,VERIFIED
historical_normative_workbook,244,164,Samping Mesjid Mandapai,Padang Batung,HSS-KAB-164,Samping Mesjid Mandapai,EXACT_NORMALIZED_OR_APPROVED_ALIAS,Unique match against canonical/dashboard/QGIS names and approved alias registry,VERIFIED
historical_normative_workbook,245,299,Samuda - Bajayau,"Daha Barat, Daha Selatan",HSS-KAB-299,Samuda - Bajayau,EXACT_NORMALIZED_OR_APPROVED_ALIAS,Unique match against canonical/dashboard/QGIS names and approved alias registry,VERIFIED
historical_normative_workbook,246,105,Sarang Halang Padang - Sp. Batang Kulur,Sungai Raya,HSS-KAB-105,Sarang Halang Padang - Sp. Batang Kulur,EXACT_NORMALIZED_OR_APPROVED_ALIAS,Unique match against canonical/dashboard/QGIS names and approved alias registry,VERIFIED
historical_normative_workbook,247,291,Satria,Daha Selatan,HSS-KAB-291,Satria,EXACT_NORMALIZED_OR_APPROVED_ALIAS,Unique match against canonical/dashboard/QGIS names and approved alias registry,VERIFIED
historical_normative_workbook,248,042,Sei Kupang Utara - Simp. Empat Lungau,Kandangan,HSS-KAB-042,Sei Kupang Utara - Simp. Empat Lungau,EXACT_NORMALIZED_OR_APPROVED_ALIAS,Unique match against canonical/dashboard/QGIS names and approved alias registry,VERIFIED
historical_normative_workbook,249,311,Sei. Mandala Murung Raya,Daha Utara,HSS-KAB-311,Sei. Mandala Murung Raya,EXACT_NORMALIZED_OR_APPROVED_ALIAS,Unique match against canonical/dashboard/QGIS names and approved alias registry,VERIFIED
historical_normative_workbook,250,021,Sekolah Islam (Kandangan Barat),Kandangan,HSS-KAB-021,Sekolah Islam (Kandangan Barat),EXACT_NORMALIZED_OR_APPROVED_ALIAS,Unique match against canonical/dashboard/QGIS names and approved alias registry,VERIFIED
historical_normative_workbook,251,293,Sekolah Islam (Sungai Pinang),Daha Selatan,HSS-KAB-293,Sekolah Islam (Sungai Pinang),EXACT_NORMALIZED_OR_APPROVED_ALIAS,Unique match against canonical/dashboard/QGIS names and approved alias registry,VERIFIED
historical_normative_workbook,252,338,Siang Gantung - Ds. Baru,Daha Barat,HSS-KAB-338,Siang Gantung - Ds. Baru,EXACT_NORMALIZED_OR_APPROVED_ALIAS,Unique match against canonical/dashboard/QGIS names and approved alias registry,VERIFIED
historical_normative_workbook,253,318,Silaturrahim,Daha Utara,HSS-KAB-318,Silaturrahim,EXACT_NORMALIZED_OR_APPROVED_ALIAS,Unique match against canonical/dashboard/QGIS names and approved alias registry,VERIFIED
historical_normative_workbook,254,100,Simpang Hamalau - Teluk Pinang,Sungai Raya,HSS-KAB-100,Simpang Hamalau - Teluk Pinang,EXACT_NORMALIZED_OR_APPROVED_ALIAS,Unique match against canonical/dashboard/QGIS names and approved alias registry,VERIFIED
historical_normative_workbook,255,335,Simpang Jadi Makmur - Ds. Samuda,Daha Selatan,HSS-KAB-335,Simpang Jadi Makmur - Ds. Samuda,EXACT_NORMALIZED_OR_APPROVED_ALIAS,Unique match against canonical/dashboard/QGIS names and approved alias registry,VERIFIED
historical_normative_workbook,256,146,Simpang Malutu - Pahampangan,"Padang Batung, Sungai Raya",HSS-KAB-146,Simpang Malutu - Pahampangan,EXACT_NORMALIZED_OR_APPROVED_ALIAS,Unique match against canonical/dashboard/QGIS names and approved alias registry,VERIFIED
historical_normative_workbook,257,147,Simpang Malutu - Tambak,Padang Batung,HSS-KAB-147,Simpang Malutu - Tambak,EXACT_NORMALIZED_OR_APPROVED_ALIAS,Unique match against canonical/dashboard/QGIS names and approved alias registry,VERIFIED
historical_normative_workbook,258,206,Simpur - Simp. Bilui,Simpur,HSS-KAB-206,Simpur - Simp. Bilui,EXACT_NORMALIZED_OR_APPROVED_ALIAS,Unique match against canonical/dashboard/QGIS names and approved alias registry,VERIFIED
historical_normative_workbook,259,207,Simpur - Sp. 3 Muara Paring Agung,"Simpur, Sungai Raya",HSS-KAB-207,Simpur - Sp. 3 Muara Paring Agung,EXACT_NORMALIZED_OR_APPROVED_ALIAS,Unique match against canonical/dashboard/QGIS names and approved alias registry,VERIFIED
historical_normative_workbook,260,026,Singakarsa - Getek,Kandangan,HSS-KAB-026,Singakarsa - Getek,EXACT_NORMALIZED_OR_APPROVED_ALIAS,Unique match against canonical/dashboard/QGIS names and approved alias registry,VERIFIED
historical_normative_workbook,261,025,Singakarsa - Palas,Kandangan,HSS-KAB-025,Singakarsa - Palas,EXACT_NORMALIZED_OR_APPROVED_ALIAS,Unique match against canonical/dashboard/QGIS names and approved alias registry,VERIFIED
historical_normative_workbook,262,253,Sirih - Pacakan,Kalumpang,HSS-KAB-253,Sirih - Pacakan,EXACT_NORMALIZED_OR_APPROVED_ALIAS,Unique match against canonical/dashboard/QGIS names and approved alias registry,VERIFIED
historical_normative_workbook,263,246,Sirih - Taro,Kalumpang,HSS-KAB-246,Sirih - Taro,EXACT_NORMALIZED_OR_APPROVED_ALIAS,Unique match against canonical/dashboard/QGIS names and approved alias registry,VERIFIED
historical_normative_workbook,264,240,Slasa Garih - Ds. Kapuh,"Simpur, Sungai Raya",HSS-KAB-240,Slasa Garih - Ds. Kapuh,EXACT_NORMALIZED_OR_APPROVED_ALIAS,Unique match against canonical/dashboard/QGIS names and approved alias registry,VERIFIED
historical_normative_workbook,265,316,SMAN Negara (KH. Abdullah),Daha Utara,HSS-KAB-316,SMAN Negara (KH. Abdullah),EXACT_NORMALIZED_OR_APPROVED_ALIAS,Unique match against canonical/dashboard/QGIS names and approved alias registry,VERIFIED
historical_normative_workbook,266,002,Soeprapto - H.M Rusli,Kandangan,HSS-KAB-002,Soeprapto - Jl. H.M Rusli,EXACT_NORMALIZED_OR_APPROVED_ALIAS,Unique match against canonical/dashboard/QGIS names and approved alias registry,VERIFIED
historical_normative_workbook,267,004,Soetoyo - Teluk Mesjid,Kandangan,HSS-KAB-004,Soetoyo - Teluk Mesjid,EXACT_NORMALIZED_OR_APPROVED_ALIAS,Unique match against canonical/dashboard/QGIS names and approved alias registry,VERIFIED
historical_normative_workbook,268,041,Sp. 3 Baluti - Amawang,Kandangan,HSS-KAB-041,Sp. 3 Baluti - Amawang,EXACT_NORMALIZED_OR_APPROVED_ALIAS,Unique match against canonical/dashboard/QGIS names and approved alias registry,VERIFIED
historical_normative_workbook,269,096,Sp. 4 Baru/Tampang - Sp. Bilui Pamujaan,"Simpur, Sungai Raya",HSS-KAB-096,Sp. 4 Baru/Tampang - Sp. Bilui Pamujaan,EXACT_NORMALIZED_OR_APPROVED_ALIAS,Unique match against canonical/dashboard/QGIS names and approved alias registry,VERIFIED
historical_normative_workbook,270,182,Sp. Bakarung Selatan - Sungai Kudung,"Kandangan, Padang Batung",HSS-KAB-182,Sp. Bakarung Selatan - Sungai Kudung,EXACT_NORMALIZED_OR_APPROVED_ALIAS,Unique match against canonical/dashboard/QGIS names and approved alias registry,VERIFIED
historical_normative_workbook,271,089,Sp. Batang Kulur Kiri - Tatas,Sungai Raya,HSS-KAB-089,Sp. Batang Kulur Kiri - Tatas,EXACT_NORMALIZED_OR_APPROVED_ALIAS,Unique match against canonical/dashboard/QGIS names and approved alias registry,VERIFIED
historical_normative_workbook,272,043,Sp. Empat Lungau - Bangkau,Kandangan,HSS-KAB-043,Sp. Empat Lungau - Bangkau,EXACT_NORMALIZED_OR_APPROVED_ALIAS,Unique match against canonical/dashboard/QGIS names and approved alias registry,VERIFIED
historical_normative_workbook,273,044,Sp. Empat Lungau - Garis,Kandangan,HSS-KAB-044,Sp. Empat Lungau - Garis,EXACT_NORMALIZED_OR_APPROVED_ALIAS,Unique match against canonical/dashboard/QGIS names and approved alias registry,VERIFIED
historical_normative_workbook,274,189,Sp. Mandampa Tel. Sili-Sili - Sp. Sei. Bungur,"Angkinang, Padang Batung",HSS-KAB-179,Sp. Mandampa Tel. Sili-Sili - Sp. Sei. Bungur,EXACT_NORMALIZED_OR_APPROVED_ALIAS,Unique match against canonical/dashboard/QGIS names and approved alias registry,VERIFIED
historical_normative_workbook,275,150,Sp.3 Bukuanin - Riam Talo,"Loksado, Padang Batung",HSS-KAB-150,Sp.3 Bukuanin - Riam Talo,EXACT_NORMALIZED_OR_APPROVED_ALIAS,Unique match against canonical/dashboard/QGIS names and approved alias registry,VERIFIED
historical_normative_workbook,276,151,Sp.3 Bukuanin - Tayub,Padang Batung,HSS-KAB-151,Sp.3 Bukuanin - Tayub,EXACT_NORMALIZED_OR_APPROVED_ALIAS,Unique match against canonical/dashboard/QGIS names and approved alias registry,VERIFIED
historical_normative_workbook,277,303,SP.4 Banjarbaru - Pasar Negara,Daha Selatan,HSS-KAB-303,SP.4 Banjarbaru - Pasar Negara,EXACT_NORMALIZED_OR_APPROVED_ALIAS,Unique match against canonical/dashboard/QGIS names and approved alias registry,VERIFIED
historical_normative_workbook,278,254,SP.4 Mesjid Sirih - Sarang Nyamuk - Asam Tamiyang,"Kalumpang, Sungai Raya",HSS-KAB-254,SP.4 Mesjid Sirih - Sarang Nyamuk - Asam Tamiyang,EXACT_NORMALIZED_OR_APPROVED_ALIAS,Unique match against canonical/dashboard/QGIS names and approved alias registry,VERIFIED
historical_normative_workbook,279,305,SP.4. Banjarbaru - Pihanin Raya,"Daha Selatan, Daha Utara",HSS-KAB-305,SP.4. Banjarbaru - Pihanin Raya,EXACT_NORMALIZED_OR_APPROVED_ALIAS,Unique match against canonical/dashboard/QGIS names and approved alias registry,VERIFIED
historical_normative_workbook,280,320,Sukaramai - Keramat,Daha Utara,HSS-KAB-320,Sukaramai - Keramat,EXACT_NORMALIZED_OR_APPROVED_ALIAS,Unique match against canonical/dashboard/QGIS names and approved alias registry,VERIFIED
historical_normative_workbook,281,308,Sungai Bugundi,Daha Selatan,HSS-KAB-308,Sungai Bugundi,EXACT_NORMALIZED_OR_APPROVED_ALIAS,Unique match against canonical/dashboard/QGIS names and approved alias registry,VERIFIED
historical_normative_workbook,282,030,Sungai Damang - Amawang Kiri,Kandangan,HSS-KAB-030,Sungai Damang - Amawang Kiri,EXACT_NORMALIZED_OR_APPROVED_ALIAS,Unique match against canonical/dashboard/QGIS names and approved alias registry,VERIFIED
historical_normative_workbook,283,201,Sungai Durian - Ds. Gumbil,Telaga Langsat,HSS-KAB-201,Sungai Durian - Ds. Gumbil,EXACT_NORMALIZED_OR_APPROVED_ALIAS,Unique match against canonical/dashboard/QGIS names and approved alias registry,VERIFIED
historical_normative_workbook,284,216,Sungai Kacil I - Kapuh Padang,Simpur,HSS-KAB-216,Sungai Kacil I - Kapuh Padang,EXACT_NORMALIZED_OR_APPROVED_ALIAS,Unique match against canonical/dashboard/QGIS names and approved alias registry,VERIFIED
historical_normative_workbook,285,217,Sungai Kacil II,Simpur,HSS-KAB-217,Sungai Kacil II,EXACT_NORMALIZED_OR_APPROVED_ALIAS,Unique match against canonical/dashboard/QGIS names and approved alias registry,VERIFIED
historical_normative_workbook,286,060,Sungai Karuh,Kandangan,HSS-KAB-060,Sungai Karuh,EXACT_NORMALIZED_OR_APPROVED_ALIAS,Unique match against canonical/dashboard/QGIS names and approved alias registry,VERIFIED
historical_normative_workbook,287,180,Sungai Kudung - Kalinduku,Angkinang,HSS-KAB-180,Sungai Kudung - Kalinduku,EXACT_NORMALIZED_OR_APPROVED_ALIAS,Unique match against canonical/dashboard/QGIS names and approved alias registry,VERIFIED
historical_normative_workbook,288,160,Sungai Minting - Ds. Malutu,Padang Batung,HSS-KAB-160,Sungai Minting - Ds. Malutu,EXACT_NORMALIZED_OR_APPROVED_ALIAS,Unique match against canonical/dashboard/QGIS names and approved alias registry,VERIFIED
historical_normative_workbook,289,126,Sungai Namang - Ds. Tanah Bangkang,Sungai Raya,HSS-KAB-126,Sungai Namang - Ds. Tanah Bangkang,EXACT_NORMALIZED_OR_APPROVED_ALIAS,Unique match against canonical/dashboard/QGIS names and approved alias registry,VERIFIED
historical_normative_workbook,290,048,Sungai Paring - Sei Hanyar Pantai Ulin,"Kandangan, Simpur",HSS-KAB-048,Sungai Paring - Sei Hanyar Pantai Ulin,EXACT_NORMALIZED_OR_APPROVED_ALIAS,Unique match against canonical/dashboard/QGIS names and approved alias registry,VERIFIED
historical_normative_workbook,291,072,Sungai Paring - Toba,Simpur,HSS-KAB-072,Sungai Paring - Toba,EXACT_NORMALIZED_OR_APPROVED_ALIAS,Unique match against canonical/dashboard/QGIS names and approved alias registry,VERIFIED
historical_normative_workbook,292,094,Sungai Raya - Jambu Hulu/Paku,"Padang Batung, Sungai Raya",HSS-KAB-094,Sungai Raya - Jambu Hulu/Paku,EXACT_NORMALIZED_OR_APPROVED_ALIAS,Unique match against canonical/dashboard/QGIS names and approved alias registry,VERIFIED
historical_normative_workbook,293,095,Sungai Raya Selatan - Malutu - Goa Berangin,"Padang Batung, Sungai Raya",HSS-KAB-095,Sungai Raya Selatan - Malutu - Goa Berangin,EXACT_NORMALIZED_OR_APPROVED_ALIAS,Unique match against canonical/dashboard/QGIS names and approved alias registry,VERIFIED
historical_normative_workbook,294,088,Sungai Raya Selatan - Sarang Halang,Sungai Raya,HSS-KAB-088,Sungai Raya Selatan - Sarang Halang,EXACT_NORMALIZED_OR_APPROVED_ALIAS,Unique match against canonical/dashboard/QGIS names and approved alias registry,VERIFIED
historical_normative_workbook,295,116,Sungai Raya Utara - Teluk Pinang,Sungai Raya,HSS-KAB-116,Sungai Raya Utara - Teluk Pinang _x000D_,EXACT_NORMALIZED_OR_APPROVED_ALIAS,Unique match against canonical/dashboard/QGIS names and approved alias registry,VERIFIED
historical_normative_workbook,296,077,Suriangpati - Gambah Dalam Barat,Kandangan,HSS-KAB-077,Suriangpati - Gambah Dalam Barat,EXACT_NORMALIZED_OR_APPROVED_ALIAS,Unique match against canonical/dashboard/QGIS names and approved alias registry,VERIFIED
historical_normative_workbook,297,090,Taal Batang Kulur - Sp. 3 Muara Prg Agung,Sungai Raya,HSS-KAB-090,Taal Batang Kulur - Sp. 3 Muara Prg Agung,EXACT_NORMALIZED_OR_APPROVED_ALIAS,Unique match against canonical/dashboard/QGIS names and approved alias registry,VERIFIED
historical_normative_workbook,298,093,Taal Jarau - Sp. Baru/Tampang,Sungai Raya,HSS-KAB-093,Taal Jarau - Sp. Baru/Tampang,EXACT_NORMALIZED_OR_APPROVED_ALIAS,Unique match against canonical/dashboard/QGIS names and approved alias registry,VERIFIED
historical_normative_workbook,299,137,Tabihi - Telaga Langsat,"Padang Batung, Telaga Langsat",HSS-KAB-137,Tabihi - Telaga Langsat,EXACT_NORMALIZED_OR_APPROVED_ALIAS,Unique match against canonical/dashboard/QGIS names and approved alias registry,VERIFIED
historical_normative_workbook,300,085,Tajun - Sp.3 Muara Paring Agung,Sungai Raya,HSS-KAB-085,Tajun - Sp.3 Muara Paring Agung,EXACT_NORMALIZED_OR_APPROVED_ALIAS,Unique match against canonical/dashboard/QGIS names and approved alias registry,VERIFIED
historical_normative_workbook,301,245,Talapak Manuk - Ds. Kapuh,Simpur,HSS-KAB-245,Talapak Manuk - Ds. Kapuh,EXACT_NORMALIZED_OR_APPROVED_ALIAS,Unique match against canonical/dashboard/QGIS names and approved alias registry,VERIFIED
historical_normative_workbook,302,166,Tambak Pipii - Batu Ampar,Padang Batung,HSS-KAB-166,Tambak Pipii - Batu Ampar,EXACT_NORMALIZED_OR_APPROVED_ALIAS,Unique match against canonical/dashboard/QGIS names and approved alias registry,VERIFIED
historical_normative_workbook,303,156,Tambak Pipii - Malilingin,Padang Batung,HSS-KAB-156,Tambak Pipii - Malilingin,EXACT_NORMALIZED_OR_APPROVED_ALIAS,Unique match against canonical/dashboard/QGIS names and approved alias registry,VERIFIED
historical_normative_workbook,304,300,Tambangan - Ds. Baruh Jaya,Daha Selatan,HSS-KAB-300,Tambangan - Ds. Baruh Jaya,EXACT_NORMALIZED_OR_APPROVED_ALIAS,Unique match against canonical/dashboard/QGIS names and approved alias registry,VERIFIED
historical_normative_workbook,305,114,Taminung,Sungai Raya,HSS-KAB-114,Taminung,EXACT_NORMALIZED_OR_APPROVED_ALIAS,Unique match against canonical/dashboard/QGIS names and approved alias registry,VERIFIED
historical_normative_workbook,306,107,Tamiyang - Ds. Tamiyang (Eks TMMD),Sungai Raya,HSS-KAB-107,Tamiyang - Ds. Tamiyang (Eks TMMD),EXACT_NORMALIZED_OR_APPROVED_ALIAS,Unique match against canonical/dashboard/QGIS names and approved alias registry,VERIFIED
historical_normative_workbook,307,108,Tanah Bangkang Menuju Balai Benih Ikan,Padang Batung,HSS-KAB-108,Tanah Bangkang Menuju Balai Benih Ikan,EXACT_NORMALIZED_OR_APPROVED_ALIAS,Unique match against canonical/dashboard/QGIS names and approved alias registry,VERIFIED
historical_normative_workbook,308,242,Tanah Habang - Ds. Simpur,Simpur,HSS-KAB-242,Tanah Habang - Ds. Simpur,EXACT_NORMALIZED_OR_APPROVED_ALIAS,Unique match against canonical/dashboard/QGIS names and approved alias registry,VERIFIED
historical_normative_workbook,309,136,Tanayung - Simp. Ambarai,Padang Batung,HSS-KAB-136,Tanayung - Simp. Ambarai,EXACT_NORMALIZED_OR_APPROVED_ALIAS,Unique match against canonical/dashboard/QGIS names and approved alias registry,VERIFIED
historical_normative_workbook,310,235,Tandik - Ds. Wasah Hilir,Simpur,HSS-KAB-235,Tandik - Ds. Wasah Hilir,EXACT_NORMALIZED_OR_APPROVED_ALIAS,Unique match against canonical/dashboard/QGIS names and approved alias registry,VERIFIED
historical_normative_workbook,311,281,Tanginau - Balai Haruyan,Loksado,HSS-KAB-281,Tanginau - Balai Haruyan,EXACT_NORMALIZED_OR_APPROVED_ALIAS,Unique match against canonical/dashboard/QGIS names and approved alias registry,VERIFIED
historical_normative_workbook,312,168,Taniran Selatan - Rantauan,"Angkinang, Kandangan",HSS-KAB-168,Taniran Selatan - Rantauan,EXACT_NORMALIZED_OR_APPROVED_ALIAS,Unique match against canonical/dashboard/QGIS names and approved alias registry,VERIFIED
historical_normative_workbook,313,171,Taniran Selatan Kubah - Buntut Taniran / Wawaran,"Angkinang, Kandangan",HSS-KAB-171,Taniran Selatan Kubah - Buntut Taniran / Wawaran,EXACT_NORMALIZED_OR_APPROVED_ALIAS,Unique match against canonical/dashboard/QGIS names and approved alias registry,VERIFIED
historical_normative_workbook,314,184,Taniran Tengah - Taniran Selatan,Angkinang,HSS-KAB-184,Taniran Tengah - Taniran Selatan,EXACT_NORMALIZED_OR_APPROVED_ALIAS,Unique match against canonical/dashboard/QGIS names and approved alias registry,VERIFIED
historical_normative_workbook,315,342,Tanjung Selor - Ds. Badaun,Daha Barat,HSS-KAB-342,Tanjung Selor - Ds. Badaun,EXACT_NORMALIZED_OR_APPROVED_ALIAS,Unique match against canonical/dashboard/QGIS names and approved alias registry,VERIFIED
historical_normative_workbook,316,087,Tanjungan - Sp. 10 Batang Kulur - Sungai Kali,Sungai Raya,HSS-KAB-087,Tanjungan - Sp. 10 Batang Kulur - Sungai Kali,EXACT_NORMALIZED_OR_APPROVED_ALIAS,Unique match against canonical/dashboard/QGIS names and approved alias registry,VERIFIED
historical_normative_workbook,317,104,Tanjungan - Sp. 3 Sakijang,Sungai Raya,HSS-KAB-104,Tanjungan - Sp. 3 Sakijang,EXACT_NORMALIZED_OR_APPROVED_ALIAS,Unique match against canonical/dashboard/QGIS names and approved alias registry,VERIFIED
historical_normative_workbook,318,272,Tanuhi - Hulu Banyu,Loksado,HSS-KAB-272,Tanuhi - Hulu Banyu,EXACT_NORMALIZED_OR_APPROVED_ALIAS,Unique match against canonical/dashboard/QGIS names and approved alias registry,VERIFIED
historical_normative_workbook,319,258,Tanuhi - Ulang,Loksado,HSS-KAB-258,Tanuhi - Ulang,EXACT_NORMALIZED_OR_APPROVED_ALIAS,Unique match against canonical/dashboard/QGIS names and approved alias registry,VERIFIED
historical_normative_workbook,320,282,Tataian - (Ds. Ulang) - Loksado,Loksado,HSS-KAB-282,Tataian - (Ds. Ulang) - Loksado,EXACT_NORMALIZED_OR_APPROVED_ALIAS,Unique match against canonical/dashboard/QGIS names and approved alias registry,VERIFIED
historical_normative_workbook,321,173,Tawia - Kayu Abang,Angkinang,HSS-KAB-173,Tawia - Kayu Abang,EXACT_NORMALIZED_OR_APPROVED_ALIAS,Unique match against canonical/dashboard/QGIS names and approved alias registry,VERIFIED
historical_normative_workbook,322,079,Telaga Banta - Patigan,Kandangan,HSS-KAB-079,Telaga Banta - Patigan,EXACT_NORMALIZED_OR_APPROVED_ALIAS,Unique match against canonical/dashboard/QGIS names and approved alias registry,VERIFIED
historical_normative_workbook,323,193,Telaga Langsat - Pakuan Timur,Telaga Langsat,HSS-KAB-193,Telaga Langsat - Pakuan Timur,EXACT_NORMALIZED_OR_APPROVED_ALIAS,Unique match against canonical/dashboard/QGIS names and approved alias registry,VERIFIED
historical_normative_workbook,324,312,Teluk Haur I,Daha Utara,HSS-KAB-312,Teluk Haur I,EXACT_NORMALIZED_OR_APPROVED_ALIAS,Unique match against canonical/dashboard/QGIS names and approved alias registry,VERIFIED
historical_normative_workbook,325,313,Teluk Haur II,Daha Utara,HSS-KAB-313,Teluk Haur II,EXACT_NORMALIZED_OR_APPROVED_ALIAS,Unique match against canonical/dashboard/QGIS names and approved alias registry,VERIFIED
historical_normative_workbook,326,005,Teluk Mesjid - Sp. 4 Muara Banta,Kandangan,HSS-KAB-005,Teluk Mesjid - Sp. 4 Muara Banta,EXACT_NORMALIZED_OR_APPROVED_ALIAS,Unique match against canonical/dashboard/QGIS names and approved alias registry,VERIFIED
historical_normative_workbook,327,067,Teluk Pinang - Baluti,Kandangan,HSS-KAB-067,Teluk Pinang - Baluti,EXACT_NORMALIZED_OR_APPROVED_ALIAS,Unique match against canonical/dashboard/QGIS names and approved alias registry,VERIFIED
historical_normative_workbook,328,135,Teluk Pinang - Padang Rasau,"Kandangan, Padang Batung",HSS-KAB-135,Teluk Pinang - Padang Rasau,EXACT_NORMALIZED_OR_APPROVED_ALIAS,Unique match against canonical/dashboard/QGIS names and approved alias registry,VERIFIED
historical_normative_workbook,329,101,Teluk Pinang - Pahampangan Utara,"Padang Batung, Sungai Raya",HSS-KAB-101,Teluk Pinang - Pahampangan Utara,EXACT_NORMALIZED_OR_APPROVED_ALIAS,Unique match against canonical/dashboard/QGIS names and approved alias registry,VERIFIED
historical_normative_workbook,330,073,Tembok Baru - Ds. Baluti,Kandangan,HSS-KAB-073,Tembok Baru - Ds. Baluti,EXACT_NORMALIZED_OR_APPROVED_ALIAS,Unique match against canonical/dashboard/QGIS names and approved alias registry,VERIFIED
historical_normative_workbook,331,071,Tembok Baru (Asam Cangkok),Kandangan,HSS-KAB-071,Tembok Baru (Asam Cangkok),EXACT_NORMALIZED_OR_APPROVED_ALIAS,Unique match against canonical/dashboard/QGIS names and approved alias registry,VERIFIED
historical_normative_workbook,332,058,Tembok Kacil. Sei. Kudung,"Kandangan, Padang Batung",HSS-KAB-058,Tembok Kacil. Sei. Kudung,EXACT_NORMALIZED_OR_APPROVED_ALIAS,Unique match against canonical/dashboard/QGIS names and approved alias registry,VERIFIED
historical_normative_workbook,333,036,Tembok Lama - Loklua,Kandangan,HSS-KAB-036,Tembok Lama - Loklua,EXACT_NORMALIZED_OR_APPROVED_ALIAS,Unique match against canonical/dashboard/QGIS names and approved alias registry,VERIFIED
historical_normative_workbook,334,066,Teratai Menuju Komplek Perumnas Hamalau,Sungai Raya,HSS-KAB-066,Teratai Menuju Komplek Perumnas Hamalau,EXACT_NORMALIZED_OR_APPROVED_ALIAS,Unique match against canonical/dashboard/QGIS names and approved alias registry,VERIFIED
historical_normative_workbook,335,064,Tibung Dalam - Teratai,Sungai Raya,HSS-KAB-064,Tibung Dalam - Teratai,EXACT_NORMALIZED_OR_APPROVED_ALIAS,Unique match against canonical/dashboard/QGIS names and approved alias registry,VERIFIED
historical_normative_workbook,336,051,Tibung Raya - Asam Cangkuk,"Kandangan, Sungai Raya",HSS-KAB-051,Tibung Raya - Asam Cangkuk,EXACT_NORMALIZED_OR_APPROVED_ALIAS,Unique match against canonical/dashboard/QGIS names and approved alias registry,VERIFIED
historical_normative_workbook,337,068,Tibung Raya - Hamalau Dalam,"Kandangan, Sungai Raya",HSS-KAB-068,Tibung Raya - Hamalau Dalam,EXACT_NORMALIZED_OR_APPROVED_ALIAS,Unique match against canonical/dashboard/QGIS names and approved alias registry,VERIFIED
historical_normative_workbook,338,132,TPA - Ds. Sungai Raya Selatan,Sungai Raya,HSS-KAB-132,TPA - Ds. Sungai Raya Selatan,EXACT_NORMALIZED_OR_APPROVED_ALIAS,Unique match against canonical/dashboard/QGIS names and approved alias registry,VERIFIED
historical_normative_workbook,339,309,Tukang Garit (Tambangan),Daha Selatan,HSS-KAB-309,Tukang Garit (Tambangan),EXACT_NORMALIZED_OR_APPROVED_ALIAS,Unique match against canonical/dashboard/QGIS names and approved alias registry,VERIFIED
historical_normative_workbook,340,290,Tumbukan Banyu - Banua Hanyar,Daha Selatan,HSS-KAB-290,Tumbukan Banyu - Banua Hanyar,EXACT_NORMALIZED_OR_APPROVED_ALIAS,Unique match against canonical/dashboard/QGIS names and approved alias registry,VERIFIED
historical_normative_workbook,341,222,Tungkaran - Ds. Ulin,Simpur,HSS-KAB-222,Tungkaran - Ds. Ulin,EXACT_NORMALIZED_OR_APPROVED_ALIAS,Unique match against canonical/dashboard/QGIS names and approved alias registry,VERIFIED
historical_normative_workbook,342,288,Ulang - Bangkaun,Loksado,HSS-KAB-288,Ulang - Bangkaun,EXACT_NORMALIZED_OR_APPROVED_ALIAS,Unique match against canonical/dashboard/QGIS names and approved alias registry,VERIFIED
historical_normative_workbook,343,283,Ulang - Kacang Parang,Loksado,HSS-KAB-283,Ulang - Kacang Parang,EXACT_NORMALIZED_OR_APPROVED_ALIAS,Unique match against canonical/dashboard/QGIS names and approved alias registry,VERIFIED
historical_normative_workbook,344,211,Ulin - Tanggul (Balai Mas),Simpur,HSS-KAB-211,Ulin - Tanggul (Balai Mas),EXACT_NORMALIZED_OR_APPROVED_ALIAS,Unique match against canonical/dashboard/QGIS names and approved alias registry,VERIFIED
historical_normative_workbook,345,200,Umpaya - Tumarin,Telaga Langsat,HSS-KAB-200,Umpaya - Tumarin,EXACT_NORMALIZED_OR_APPROVED_ALIAS,Unique match against canonical/dashboard/QGIS names and approved alias registry,VERIFIED
historical_normative_workbook,346,019,Wahab Syahrani,Kandangan,HSS-KAB-019,Wahab Syahrani,EXACT_NORMALIZED_OR_APPROVED_ALIAS,Unique match against canonical/dashboard/QGIS names and approved alias registry,VERIFIED
historical_normative_workbook,347,209,Wasah Hilir - Amparaya,Simpur,HSS-KAB-209,Wasah Hilir - Amparaya,EXACT_NORMALIZED_OR_APPROVED_ALIAS,Unique match against canonical/dashboard/QGIS names and approved alias registry,VERIFIED
historical_normative_workbook,348,205,Wasah Hilir - Sarang Halang,"Simpur, Sungai Raya",HSS-KAB-205,Wasah Hilir - Sarang Halang,EXACT_NORMALIZED_OR_APPROVED_ALIAS,Unique match against canonical/dashboard/QGIS names and approved alias registry,VERIFIED
historical_normative_workbook,349,204,Wasah Hulu - Amparaya - Simpur,Simpur,HSS-KAB-204,Wasah Hulu - Amparaya - Simpur,EXACT_NORMALIZED_OR_APPROVED_ALIAS,Unique match against canonical/dashboard/QGIS names and approved alias registry,VERIFIED
historical_normative_workbook,350,208,Wasah Tengah - Sungai Tarap,"Simpur, Sungai Raya",HSS-KAB-208,Wasah Tengah - Sungai Tarap,EXACT_NORMALIZED_OR_APPROVED_ALIAS,Unique match against canonical/dashboard/QGIS names and approved alias registry,VERIFIED
