road_key,road_geometry_id,source_road_code,source_object_id_nonunique,candidate_nomor_ruas,identity_match_status,display_name,village_count_spatial,villages_spatial,district_count_spatial,districts_spatial
HSS-KAB-001,hss-county-001,001,1,,unresolved,Jl. Pangeran Antasari - SP. Loklua,2,Baluti; Kandangan Kota,1,Kandangan
HSS-KAB-002,hss-county-002,002,2,002,treatment_engine_alias,Jl. Soeprapto - Jl. HM. Rusli,1,Kandangan Kota,1,Kandangan
HSS-KAB-003,hss-county-003,003,3,003,treatment_engine_alias,Jl. Pasar Kandangan - Oprit Jembatan Loklua,1,Kandangan Kota,1,Kandangan
HSS-KAB-004,hss-county-004,004,4,004,exact_normalized,Jl. Soetoyo - Teluk Mesjid,1,Kandangan Kota,1,Kandangan
HSS-KAB-005,hss-county-005,005,5,005,exact_normalized,Jl. Teluk Mesjid - SP.4 Muara Banta,1,Kandangan Kota,1,Kandangan
HSS-KAB-006,hss-county-006,006,326,006,exact_normalized,Jl. Merah Johansyah - Jl. Melati,2,Kandangan Kota; Kandangan Utara,1,Kandangan
HSS-KAB-007,hss-county-007,007,58,007,exact_normalized,Jl. Menuju Stadion 2 Desember,1,Baluti,1,Kandangan
HSS-KAB-008,hss-county-008,008,13,008,exact_normalized,Jl. Aluh Idut,3,Kandangan Barat; Kandangan Kota; Kandangan Utara,1,Kandangan
HSS-KAB-009,hss-county-009,009,18,009,exact_normalized,Jl. Panglima Batur,3,Kandangan Barat; Kandangan Kota; Kandangan Utara,1,Kandangan
HSS-KAB-010,hss-county-010,010,15,010,exact_normalized,Jl. Nusa Indah,1,Kandangan Utara,1,Kandangan
HSS-KAB-011,hss-county-011,011,10,011,exact_normalized,Jl. Anggrek,1,Kandangan Utara,1,Kandangan
HSS-KAB-012,hss-county-012,012,11,012,exact_normalized,Jl. Kenanga,1,Kandangan Utara,1,Kandangan
HSS-KAB-013,hss-county-013,013,54,,unresolved,Mawar (Kandangan Utara),1,Kandangan Utara,1,Kandangan
HSS-KAB-014,hss-county-014,014,38,014,exact_normalized,Jl. Kamboja,1,Kandangan Utara,1,Kandangan
HSS-KAB-015,hss-county-015,015,14,015,exact_normalized,Jl. Dahlia,1,Kandangan Utara,1,Kandangan
HSS-KAB-016,hss-county-016,016,9,016,exact_normalized,Jl. KS. Tubun,2,Kandangan Barat; Kandangan Utara,1,Kandangan
HSS-KAB-017,hss-county-017,017,6,017,exact_normalized,Jl. Pemuda,1,Kandangan Kota,1,Kandangan
HSS-KAB-018,hss-county-018,018,8,018,exact_normalized,Jl. Parindra,2,Kandangan Kota; Kandangan Utara,1,Kandangan
HSS-KAB-019,hss-county-019,019,7,019,exact_normalized,Jl. Wahab Syahrani,1,Kandangan Barat,1,Kandangan
HSS-KAB-020,hss-county-020,020,7,,unresolved,Musyawarah (Kandangan),2,Kandangan Barat; Kandangan Kota,1,Kandangan
HSS-KAB-021,hss-county-021,021,43,,unresolved,Sekolah Islam (Kandangan Barat),1,Kandangan Barat,1,Kandangan
HSS-KAB-022,hss-county-022,022,44,022,treatment_engine_alias,Jl. Rahma Bahran,2,Kandangan Barat; Kandangan Kota,1,Kandangan
HSS-KAB-023,hss-county-023,023,16,023,treatment_engine_alias,Jl. Brigjend. Katamso,1,Kandangan Barat,1,Kandangan
HSS-KAB-024,hss-county-024,024,17,024,exact_normalized,JL. Kolonel Sugiono,1,Kandangan Barat,1,Kandangan
HSS-KAB-025,hss-county-025,025,27,025,exact_normalized,Singakarsa - Palas,6,Amawang Kiri Muka; Kandangan Barat; Kandangan Kota; Lungau; Sungai Kupang; Tibung Raya,1,Kandangan
HSS-KAB-026,hss-county-026,026,338,026,exact_normalized,Singakarsa - Getek,2,Amawang Kiri Muka; Kandangan Barat,1,Kandangan
HSS-KAB-027,hss-county-027,027,48,027,exact_normalized,Parincahan - Singakarsa (Jl. Harapan),1,Kandangan Barat,1,Kandangan
HSS-KAB-028,hss-county-028,028,19,028,exact_normalized,Jl. Budi Bakti - Tiga Desember,3,Amawang Kiri Muka; Kandangan Barat; Tibung Raya,1,Kandangan
HSS-KAB-029,hss-county-029,029,20,029,exact_normalized,Jl. Jafri Zamzam,3,Amawang Kanan; Amawang Kiri Muka; Bariang,1,Kandangan
HSS-KAB-030,hss-county-030,030,709,030,exact_normalized,Sungai Damang - Amawang Kiri,2,Bariang; Sungai Paring,1,Kandangan
HSS-KAB-031,hss-county-031,031,22,031,exact_normalized,Amawang Muka - Getek,4,Amawang Kiri; Amawang Kiri Muka; Bariang; Sungai Paring,1,Kandangan
HSS-KAB-032,hss-county-032,032,23,032,exact_normalized,Jl. Amawang Kanan - Wasah Hulu,2,Amawang Kanan; Wasah Hulu,2,Kandangan; Simpur
HSS-KAB-033,hss-county-033,033,24,033,exact_normalized,Jl. DI. Panjaitan - Loklua,2,Baluti; Tibung Raya,1,Kandangan
HSS-KAB-034,hss-county-034,034,0,034,exact_normalized,Jl. Jend. Sudirman,2,Hamalau; Tibung Raya,2,Kandangan; Sungai Raya
HSS-KAB-035,hss-county-035,035,40,035,exact_normalized,Jl. AES. Nasution,1,Baluti,1,Kandangan
HSS-KAB-036,hss-county-036,036,45,036,exact_normalized,Tembok Lama - Loklua,1,Jambu Hilir,1,Kandangan
HSS-KAB-037,hss-county-037,037,46,037,treatment_engine_alias,Jl. Kesehatan - Komp. Rumah Dokter,2,Baluti; Tibung Raya,1,Kandangan
HSS-KAB-038,hss-county-038,038,51,038,exact_normalized,Jl. Samping Bappeda - Mesjid Darul Halik,1,Tibung Raya,1,Kandangan
HSS-KAB-039,hss-county-039,039,62,039,exact_normalized,Jl. Bina Bakat,1,Tibung Raya,1,Kandangan
HSS-KAB-040,hss-county-040,040,25,,unresolved,Baluti - Jambu Hulu/Paku,3,Baluti; Jambu Hilir; Jambu Hulu,2,Kandangan; Padang Batung
HSS-KAB-041,hss-county-041,041,26,041,exact_normalized,SP.3 Baluti - Amawang,2,Amawang Kanan; Tibung Raya,1,Kandangan
HSS-KAB-042,hss-county-042,042,28,,unresolved,Sei. Kupang Utara - SP.4 Lungau,2,Lungau; Sungai Kupang,1,Kandangan
HSS-KAB-043,hss-county-043,043,36,,unresolved,SP.4 Lungau - Bangkau,2,Bangkau; Lungau,1,Kandangan
HSS-KAB-044,hss-county-044,044,37,,unresolved,Sp.4 Lungau - Garis,2,Bangkau; Lungau,1,Kandangan
HSS-KAB-045,hss-county-045,045,337,045,exact_normalized,Gambir -SP. Empat Lungau,2,Amawang Kiri; Lungau,1,Kandangan
HSS-KAB-046,hss-county-046,046,29,046,exact_normalized,Bariang - Getek,3,Amawang Kiri; Amawang Kiri Muka; Bariang,1,Kandangan
HSS-KAB-047,hss-county-047,047,30,047,exact_normalized,Muara Banta - Karang Jawa,2,Kandangan Kota; Karang Jawa Muka,2,Kandangan; Padang Batung
HSS-KAB-048,hss-county-048,048,31,048,exact_normalized,Sungai Paring - Sei Hanyar Pantai Ulin,4,Pantai Ulin; Sungai Paring; Ulin; Wasah Hulu,2,Kandangan; Simpur
HSS-KAB-049,hss-county-049,049,33,049,exact_normalized,Kandangan Hulu - SP. Tabihi,3,Kandangan Kota; Karang Jawa Muka; Tabihi,2,Kandangan; Padang Batung
HSS-KAB-050,hss-county-050,050,34,050,exact_normalized,Banyu Barau - Sungai Kalang,1,Kandangan Barat,1,Kandangan
HSS-KAB-051,hss-county-051,051,35,051,treatment_engine_alias,Tibung Raya - Asam Cangkok,3,Hamalau; Telaga Bidadari; Tibung Raya,2,Kandangan; Sungai Raya
HSS-KAB-052,hss-county-052,052,958,052,exact_normalized,Gambah Dalam - Rantauan,2,Gambah Dalam; Gambah Luar,1,Kandangan
HSS-KAB-053,hss-county-053,053,41,053,exact_normalized,Gambah Luar - Gambah Dalam,2,Gambah Dalam; Gambah Luar Muka,1,Kandangan
HSS-KAB-054,hss-county-054,054,42,054,exact_normalized,Pegangsaan Timur - Teluk Aman,2,Gambah Dalam; Sungai Kupang,1,Kandangan
HSS-KAB-055,hss-county-055,055,47,055,exact_normalized,Gambah Luar - Sungai Kudung,1,Gambah Luar Muka,1,Kandangan
HSS-KAB-056,hss-county-056,056,151,056,exact_normalized,Bakarung Tengah - Karang Jawa,3,Gambah Luar; Gambah Luar Muka; Karang Jawa Muka,2,Kandangan; Padang Batung
HSS-KAB-057,hss-county-057,057,50,057,treatment_engine_alias,Jl. Papagaran/Pelangsatan,2,Amawang Kanan; Sungai Paring,1,Kandangan
HSS-KAB-058,hss-county-058,058,152,058,exact_normalized,Jl. Tembok Kacil. Sei. Kudung,2,Gambah Luar; Tabihi,2,Kandangan; Padang Batung
HSS-KAB-059,hss-county-059,059,53,059,treatment_engine_alias,Jl. Mesjid Kuba,1,Amawang Kanan,1,Kandangan
HSS-KAB-060,hss-county-060,060,57,,unresolved,Jl. Sungai Karuh Tembus Tawar,2,Amawang Kiri; Lungau,1,Kandangan
HSS-KAB-061,hss-county-061,061,59,061,exact_normalized,Jl. Rambai - Bariang,2,Amawang Kiri Muka; Bariang,1,Kandangan
HSS-KAB-062,hss-county-062,062,60,062,exact_normalized,Jl. Jangkang - Pantai Ulin,3,Amawang Kiri; Pantai Ulin; Sungai Paring,2,Kandangan; Simpur
HSS-KAB-063,hss-county-063,063,61,063,exact_normalized,Jl. Padang Palas,1,Amawang Kiri,1,Kandangan
HSS-KAB-064,hss-county-064,064,63,064,exact_normalized,Tibung Dalam - Teratai,1,Hamalau,1,Sungai Raya
HSS-KAB-065,hss-county-065,065,77,065,exact_normalized,Jl. Kalaka Indah - Perumnas Tibung,1,Hamalau,1,Sungai Raya
HSS-KAB-066,hss-county-066,066,100,066,exact_normalized,Jl. Teratai Menuju Komplek Perumnas Hamalau,1,Hamalau,1,Sungai Raya
HSS-KAB-067,hss-county-067,067,85,067,exact_normalized,Teluk Pinang - Baluti,2,Baluti; Tibung Raya,1,Kandangan
HSS-KAB-068,hss-county-068,068,92,068,exact_normalized,Tibung Raya - Hamalau Dalam,2,Hamalau; Tibung Raya,2,Kandangan; Sungai Raya
HSS-KAB-069,hss-county-069,069,330,,unresolved,Jl. Baiturrahim,1,Kandangan Barat,1,Kandangan
HSS-KAB-070,hss-county-070,070,331,070,exact_normalized,Jl. Newangsekarti - Ds. Gambah Luar Muka,1,Gambah Luar Muka,1,Kandangan
HSS-KAB-071,hss-county-071,071,332,,unresolved,Jl. Tembok Baru (Asam Cangkok,2,Amawang Kanan; Sungai Paring,1,Kandangan
HSS-KAB-072,hss-county-072,072,179,072,exact_normalized,Sungai Paring - Toba,1,Wasah Hulu,1,Simpur
HSS-KAB-073,hss-county-073,073,333,,unresolved,Jl. Tembok Baru - Baluti,2,Baluti; Tibung Raya,1,Kandangan
HSS-KAB-074,hss-county-074,074,334,,unresolved,Jl. H. Jarkasi,1,Sungai Paring,1,Kandangan
HSS-KAB-075,hss-county-075,075,335,075,exact_normalized,Jl. Bariang - Patigan,2,Amawang Kiri; Bariang,1,Kandangan
HSS-KAB-076,hss-county-076,076,339,076,exact_normalized,Gambah Dalam Barat - Mahulung,2,Gambah Dalam Barat; Taniran Selatan,2,Angkinang; Kandangan
HSS-KAB-077,hss-county-077,077,338,,unresolved,Jl. Suriangpati,2,Gambah Dalam Barat; Sungai Kupang,1,Kandangan
HSS-KAB-078,hss-county-078,078,0,078,exact_normalized,Jl. Menuju SMP 7 - Ds. Gambah Dalam,3,Gambah Dalam; Gambah Dalam Barat; Gambah Luar,1,Kandangan
HSS-KAB-079,hss-county-079,079,336,079,exact_normalized,Jl. Telaga Banta - Patigan,2,Amawang Kiri; Lungau,1,Kandangan
HSS-KAB-080,hss-county-080,080,49,080,exact_normalized,Jl. Nomura,2,Jambu Hilir; Kandangan Kota,1,Kandangan
HSS-KAB-081,hss-county-081,081,43,081,exact_normalized,Jl. Lorong Bupati,1,Kandangan Kota,1,Kandangan
HSS-KAB-082,hss-county-082,082,0,082,exact_normalized,Jl. Biti - Sungai Kupang (Karya Bakti TNI),2,Lungau; Sungai Kupang,1,Kandangan
HSS-KAB-083,hss-county-083,083,83,083,exact_normalized,Jl. Palajau - Ds. Baluti,4,Baluti; Jambu Hulu; Karasikan; Pahampangan,3,Kandangan; Padang Batung; Sungai Raya
HSS-KAB-084,hss-county-084,084,58,084,exact_normalized,Jl. RS. Hasan Basry II,1,Hamalau,1,Sungai Raya
HSS-KAB-085,hss-county-085,085,64,085,exact_normalized,Tajun - SP.3 Muara Paring Agung,4,Paring Agung; Sarang Halang; Sungai Kali; Sungai Raya Utara,1,Sungai Raya
HSS-KAB-086,hss-county-086,086,65,086,exact_normalized,Hamalau - Anjiran,2,Hamalau; Telaga Bidadari,1,Sungai Raya
HSS-KAB-087,hss-county-087,087,66,087,exact_normalized,Tanjungan - SP.10 Batang Kulur - Sungai Kali,8,Baru; Batang Kulur Kanan; Batang Kulur Kiri; Batang Kulur Tengah; Bumi Berkat; Paring Agung; Sungai Kali; Sungai Raya Selatan,1,Sungai Raya
HSS-KAB-088,hss-county-088,088,67,088,exact_normalized,Sungai Raya Selatan - Sarang Halang,2,Paring Agung; Sungai Raya Selatan,1,Sungai Raya
HSS-KAB-089,hss-county-089,089,68,089,exact_normalized,SP. Batang Kulur Kiri - Tatas,2,Batang Kulur Kiri; Batang Kulur Tengah,1,Sungai Raya
HSS-KAB-090,hss-county-090,090,69,090,treatment_engine_alias,Taal Batang Kulur - SP.3 Muara Paring Agung,3,Batang Kulur Tengah; Hariti; Sungai Kali,1,Sungai Raya
HSS-KAB-091,hss-county-091,091,71,091,exact_normalized,Batang Kulur Kanan - Sarangan,2,Batang Kulur Kanan; Ida Manggala,1,Sungai Raya
HSS-KAB-092,hss-county-092,092,72,092,exact_normalized,Bumi Berkat - Mungkur Galah,1,Bumi Berkat,1,Sungai Raya
HSS-KAB-093,hss-county-093,093,73,093,exact_normalized,Taal Jarau - SP. Baru/Tampang,3,Batang Kulur Kanan; Bumi Berkat; Ida Manggala,1,Sungai Raya
HSS-KAB-094,hss-county-094,094,74,094,exact_normalized,Sungai Raya - Jambu Hulu/Paku,4,Jambu Hulu; Pahampangan; Sungai Raya Utara; Tanah Bangkang,2,Padang Batung; Sungai Raya
HSS-KAB-095,hss-county-095,095,75,095,exact_normalized,Sungai Raya Selatan - Malutu - Goa Berangin,2,Malutu; Sungai Raya Selatan,2,Padang Batung; Sungai Raya
HSS-KAB-096,hss-county-096,096,76,096,treatment_engine_alias,SP.4 Baru/Tampang - SP. Biluy Pamujaan,7,Asam; Baru; Batang Kulur Kanan; Bumi Berkat; Simpur; Sungai Kali; Tamiyang,2,Simpur; Sungai Raya
HSS-KAB-097,hss-county-097,097,78,097,exact_normalized,Asam Cangkuk - Telaga Bidadari,3,Amawang Kanan; Telaga Bidadari; Wasah Hulu,3,Kandangan; Simpur; Sungai Raya
HSS-KAB-098,hss-county-098,098,83,098,exact_normalized,Hamalau - Pahampangan,2,Hamalau; Karasikan,1,Sungai Raya
HSS-KAB-099,hss-county-099,099,82,099,exact_normalized,Ida Manggala - Padang Makmur,2,Ida Manggala; Malutu,2,Padang Batung; Sungai Raya
HSS-KAB-100,hss-county-100,100,79,100,exact_normalized,Simpang Hamalau - Teluk Pinang,2,Hamalau; Karasikan,1,Sungai Raya
HSS-KAB-101,hss-county-101,101,79,101,exact_normalized,Teluk Pinang - Pahampangan Utara,2,Karasikan; Pahampangan,2,Padang Batung; Sungai Raya
HSS-KAB-102,hss-county-102,102,174,102,exact_normalized,Hamalau - Telaga Bidadari - Wasah Hilir,4,Hamalau; Kapuh; Telaga Bidadari; Wasah Hilir,2,Simpur; Sungai Raya
HSS-KAB-103,hss-county-103,103,89,103,exact_normalized,Karasikan - Sarang Halang,3,Karasikan; Sarang Halang; Telaga Bidadari,1,Sungai Raya
HSS-KAB-104,hss-county-104,104,90,104,exact_normalized,Tanjungan - SP.3 Sakijang,3,Paring Agung; Sarang Halang; Sungai Raya Selatan,1,Sungai Raya
HSS-KAB-105,hss-county-105,105,91,105,exact_normalized,Sarang Halang Padang - SP Batang Kulur,2,Paring Agung; Sungai Kali,1,Sungai Raya
HSS-KAB-106,hss-county-106,106,93,106,exact_normalized,Jl. Hamalau - Ganda,3,Baluti; Hamalau; Pahampangan,3,Kandangan; Padang Batung; Sungai Raya
HSS-KAB-107,hss-county-107,107,2465,107,exact_normalized,Jl. Tamiyang - Ds. Tamiyang (Eks TMMD),2,Bumi Berkat; Tamiyang,1,Sungai Raya
HSS-KAB-108,hss-county-108,108,96,108,exact_normalized,Jl. Tanah Bangkang Menuju Balai Benih Ikan,1,Pahampangan,1,Padang Batung
HSS-KAB-109,hss-county-109,109,98,119,exact_normalized,Jl. Karang Intan - Tanah Bangkang,2,Sungai Raya Selatan; Tanah Bangkang,1,Sungai Raya
HSS-KAB-110,hss-county-110,110,99,110,exact_normalized,Jl. Haritas (PT. Pertani),2,Batang Kulur Tengah; Hariti,1,Sungai Raya
HSS-KAB-111,hss-county-111,111,101,111,exact_normalized,Paharuangan - Sungai Raya Selatan,1,Sungai Raya Selatan,1,Sungai Raya
HSS-KAB-112,hss-county-112,112,102,112,exact_normalized,Jl. Bangga TMMD,1,Telaga Bidadari,1,Sungai Raya
HSS-KAB-113,hss-county-113,113,1004,113,exact_normalized,Jl. Batang Kulur Kiri - Durian Landung,2,Batang Kulur Kiri; Paring Agung,1,Sungai Raya
HSS-KAB-114,hss-county-114,114,104,114,exact_normalized,Jl. Taminung,2,Sarang Halang; Telaga Bidadari,1,Sungai Raya
HSS-KAB-115,hss-county-115,115,55,115,exact_normalized,Jl. Matang Gadung - Halalang,1,Telaga Bidadari,1,Sungai Raya
HSS-KAB-116,hss-county-116,116,325,116,exact_normalized,Jl. Sungai Raya Utara-Teluk Pinang,2,Karasikan; Sungai Raya Utara,1,Sungai Raya
HSS-KAB-117,hss-county-117,117,341,,unresolved,Jl. Mangunang,1,Sungai Raya Utara,1,Sungai Raya
HSS-KAB-118,hss-county-118,118,340,118,exact_normalized,Hamalau - Asam Cangkok,2,Amawang Kanan; Telaga Bidadari,2,Kandangan; Sungai Raya
HSS-KAB-119,hss-county-119,119,97,119,exact_normalized,Jl. Hariti - Sungai Raya Selatan,3,Batang Kulur Kiri; Hariti; Sungai Raya Selatan,1,Sungai Raya
HSS-KAB-120,hss-county-120,120,651,120,exact_normalized,Mangaris - Limau Manis,2,Hariti; Ida Manggala,1,Sungai Raya
HSS-KAB-121,hss-county-121,121,99,121,exact_normalized,Jl. Munggu Raya - Ds. Hariti,1,Hariti,1,Sungai Raya
HSS-KAB-122,hss-county-122,122,0,122,exact_normalized,Paharuangan - Asam Dua,1,Sungai Raya Selatan,1,Sungai Raya
HSS-KAB-123,hss-county-123,123,2465,123,exact_normalized,Asam Seranggan - Asam Tamiyang,2,Asam; Tamiyang,1,Sungai Raya
HSS-KAB-124,hss-county-124,124,99,124,exact_normalized,Jl. Papancan - Ds. Tanah Bangkang,3,Pahampangan; Sungai Raya Utara; Tanah Bangkang,2,Padang Batung; Sungai Raya
HSS-KAB-125,hss-county-125,125,2458,,unresolved,Jl. Baru - Asam Desa Baru/Asam,2,Asam; Baru,1,Sungai Raya
HSS-KAB-126,hss-county-126,126,99,126,exact_normalized,Jl. Sungai Namang - Ds. Tanah Bangkang,1,Tanah Bangkang,1,Sungai Raya
HSS-KAB-127,hss-county-127,127,99,127,exact_normalized,Jl. Jarau - Parandakan,1,Ida Manggala,1,Sungai Raya
HSS-KAB-128,hss-county-128,128,99,128,exact_normalized,Jl. Mungkur Galah - Lokpaikat,1,Bumi Berkat,1,Sungai Raya
HSS-KAB-129,hss-county-129,129,0,129,exact_normalized,Batang Kulur Kanan - Bumi Berkat (Jl. Kisung),2,Batang Kulur Kanan; Bumi Berkat,1,Sungai Raya
HSS-KAB-130,hss-county-130,130,99,130,exact_normalized,Batang Kulur Kanan - Batang Kulur Kiri,2,Batang Kulur Kiri; Batang Kulur Tengah,1,Sungai Raya
HSS-KAB-131,hss-county-131,131,0,,unresolved,Jl. Manggis,3,Asam; Baru; Sungai Kali,1,Sungai Raya
HSS-KAB-132,hss-county-132,132,0,,unresolved,Jl. TPA Sungai Raya Selatan,1,Sungai Raya Selatan,1,Sungai Raya
HSS-KAB-133,hss-county-133,133,341,133,exact_normalized,Jl. Pembangunan - Ds. Sungai Raya Utara,2,Sarang Halang; Sungai Raya Utara,1,Sungai Raya
HSS-KAB-134,hss-county-134,134,341,134,exact_normalized,Jl. Kalaka Dayuh - Ds. Sungai Raya Utara,1,Sungai Raya Utara,1,Sungai Raya
HSS-KAB-135,hss-county-135,135,88,135,exact_normalized,Teluk Pinang - Padang Rasau,3,Baluti; Jambu Hilir; Jembatan Merah,2,Kandangan; Padang Batung
HSS-KAB-136,hss-county-136,136,105,136,treatment_engine_alias,Tanayung - Simpang Ambarai,2,Karang Jawa; Pandulangan,1,Padang Batung
HSS-KAB-137,hss-county-137,137,106,137,exact_normalized,Tabihi - Telaga Langsat,4,Ambutun; Mandala; Pandulangan; Tabihi,2,Padang Batung; Telaga Langsat
HSS-KAB-138,hss-county-138,138,108,138,exact_normalized,Karang Jawa - Ambarai - Sungai Bungur,4,Karang Jawa; Karang Jawa Muka; Madang; Pandulangan,1,Padang Batung
HSS-KAB-139,hss-county-139,139,109,149,exact_normalized,Ambarai - Madang,2,Karang Jawa; Madang,1,Padang Batung
HSS-KAB-140,hss-county-140,140,133,140,treatment_engine_alias,Padang Batung - Batu Laki - Malilingin,5,Batu Laki; Durian Rabung; Jelatang; Malilingin; Padang Batung,1,Padang Batung
HSS-KAB-141,hss-county-141,141,133,141,exact_normalized,Malilingin - Lokbahan - Paniungan,1,Malilingin,1,Padang Batung
HSS-KAB-142,hss-county-142,142,164,142,exact_normalized,Mawangi - Bukuanin - Telaga Langsat,4,Hamak; Hamak Timur; Mandala; Mawangi,2,Padang Batung; Telaga Langsat
HSS-KAB-143,hss-county-143,143,113,143,exact_normalized,Mandapai - Madang,2,Batu Bini; Madang,1,Padang Batung
HSS-KAB-144,hss-county-144,144,114,144,exact_normalized,Kaliring - SP. Padang Batung,2,Kaliring; Padang Batung,1,Padang Batung
HSS-KAB-145,hss-county-145,145,81,145,exact_normalized,Pagar Haur - Malutu,1,Jelatang,1,Padang Batung
HSS-KAB-146,hss-county-146,146,400,146,exact_normalized,Simpang Malutu - Pahampangan,4,Malutu; Pahampangan; Sungai Raya Selatan; Tanah Bangkang,2,Padang Batung; Sungai Raya
HSS-KAB-147,hss-county-147,147,118,147,exact_normalized,Simpang Malutu - Tambak,2,Jelatang; Malutu,1,Padang Batung
HSS-KAB-148,hss-county-148,148,119,148,exact_normalized,Pagat Batu - Muara Hariang,1,Batu Bini,1,Padang Batung
HSS-KAB-149,hss-county-149,149,121,159,exact_normalized,Paku (Jambu Hulu) - Ganda,2,Baluti; Jambu Hulu,2,Kandangan; Padang Batung
HSS-KAB-150,hss-county-150,150,123,150,exact_normalized,SP.3 Bukuanin - Riam Talo,2,Halunuk; Mawangi,2,Loksado; Padang Batung
HSS-KAB-151,hss-county-151,151,167,151,exact_normalized,SP.3 Bukuanin - Tayub,2,Madang; Mawangi,1,Padang Batung
HSS-KAB-152,hss-county-152,152,122,152,exact_normalized,Madang - Ambutun,2,Ambutun; Madang,2,Padang Batung; Telaga Langsat
HSS-KAB-153,hss-county-153,153,125,153,exact_normalized,Jl. Monumen 17 Mei - Mandapai,1,Batu Bini,1,Padang Batung
HSS-KAB-154,hss-county-154,154,126,154,treatment_engine_alias,Batulaki - Muara Pipii,1,Batu Laki,1,Padang Batung
HSS-KAB-155,hss-county-155,155,127,155,exact_normalized,Muara Pipii - Tambak Pipii,1,Batu Laki,1,Padang Batung
HSS-KAB-156,hss-county-156,156,128,156,exact_normalized,Tambak Pipii - Malilingin,2,Batu Laki; Malilingin,1,Padang Batung
HSS-KAB-157,hss-county-157,157,129,157,exact_normalized,Malilingin - Muara Hariang,2,Batu Bini; Malilingin,1,Padang Batung
HSS-KAB-158,hss-county-158,158,132,158,exact_normalized,Mawangi - Pariangan,2,Batu Bini; Mawangi,1,Padang Batung
HSS-KAB-159,hss-county-159,159,342,169,exact_normalized,Jambu Hulu - Paku Pantai,1,Jambu Hulu,1,Padang Batung
HSS-KAB-160,hss-county-160,160,99,160,exact_normalized,Jl. Sungai Minting - Ds. Malutu,1,Malutu,1,Padang Batung
HSS-KAB-161,hss-county-161,161,100,161,exact_normalized,Jl. Padang Rasau (Tambak Tamiang) - Paku Pantai,2,Baluti; Jambu Hulu,2,Kandangan; Padang Batung
HSS-KAB-162,hss-county-162,162,167,162,exact_normalized,Jl. Galuntang Tayub - Ds. Madang,1,Madang,1,Padang Batung
HSS-KAB-163,hss-county-163,163,99,163,exact_normalized,Jl. Menuju SMPN Malilingin,1,Malilingin,1,Padang Batung
HSS-KAB-164,hss-county-164,164,125,164,exact_normalized,Jl. Samping Mesjid Mandapai,1,Batu Bini,1,Padang Batung
HSS-KAB-165,hss-county-165,165,938,165,exact_normalized,Muara Hariang - Bayumbung,2,Batu Bini; Halunuk,2,Loksado; Padang Batung
HSS-KAB-166,hss-county-166,166,344,166,exact_normalized,Tambak Pipii - Batu Ampar,1,Batu Laki,1,Padang Batung
HSS-KAB-167,hss-county-167,167,56,167,exact_normalized,Bakarung - Rantauan,4,Bakarung; Gambah Dalam Barat; Gambah Luar; Taniran Selatan,2,Angkinang; Kandangan
HSS-KAB-168,hss-county-168,168,135,168,exact_normalized,Taniran Selatan - Rantauan,3,Bakarung; Gambah Luar; Taniran Selatan,2,Angkinang; Kandangan
HSS-KAB-169,hss-county-169,169,107,179,exact_normalized,Bakarung - Tabihi -Karang Jawa,4,Bakarung; Karang Jawa; Karang Jawa Muka; Tabihi,2,Angkinang; Padang Batung
HSS-KAB-170,hss-county-170,170,137,170,exact_normalized,Pandulangan - Kalinduku,2,Pandulangan; Telaga Sili-Sili,2,Angkinang; Padang Batung
HSS-KAB-171,hss-county-171,171,138,171,exact_normalized,Taniran Selatan Kubah - Buntut Taniran/Wawaran,4,Bakarung; Sungai Kupang; Taniran Kubah; Taniran Selatan,2,Angkinang; Kandangan
HSS-KAB-172,hss-county-172,172,139,172,exact_normalized,Angkinang Selatan - Tawia - Wawaran,4,Angkinang Selatan; Bakarung; Taniran Kubah; Tawia,1,Angkinang
HSS-KAB-173,hss-county-173,173,140,173,exact_normalized,Tawia - Kayu Abang,3,Angkinang; Kayu Abang; Tawia,1,Angkinang
HSS-KAB-174,hss-county-174,174,142,174,treatment_engine_alias,Bamban Selatan - Tangang - Panggang Hijau,3,Bamban; Bamban Selatan; Kayu Abang,1,Angkinang
HSS-KAB-175,hss-county-175,175,143,175,exact_normalized,Angkinang - Telaga Langsat,5,Angkinang; Angkinang Selatan; Lok Binuang; Mandala; Telaga Langsat,2,Angkinang; Telaga Langsat
HSS-KAB-176,hss-county-176,176,144,176,exact_normalized,Bamban Selatan - Pakuan,3,Angkinang; Bamban Selatan; Pakuan Timur,2,Angkinang; Telaga Langsat
HSS-KAB-177,hss-county-177,177,145,177,exact_normalized,Bamban Utara - Longawang,3,Bamban Utara; Longawang; Pandulangan,2,Angkinang; Telaga Langsat
HSS-KAB-178,hss-county-178,178,141,178,exact_normalized,Angkinang - Kayu Abang - Panggang Hijau,3,Angkinang; Kayu Abang; Tawia,1,Angkinang
HSS-KAB-179,hss-county-179,179,147,,unresolved,SP. Mandampa Telaga Sili-Sili - SP. Sungai Bungur,3,Angkinang; Pandulangan; Telaga Sili-Sili,2,Angkinang; Padang Batung
HSS-KAB-180,hss-county-180,180,148,180,exact_normalized,Sungai Kudung - Kalinduku,2,Bakarung; Telaga Sili-Sili,1,Angkinang
HSS-KAB-181,hss-county-181,181,150,181,exact_normalized,Bamban Tengah - Lok Nyiur,2,Bamban; Kayu Abang,1,Angkinang
HSS-KAB-182,hss-county-182,182,47,182,treatment_engine_alias,Simp. Bakarung Selatan - Sungai Kudung,2,Gambah Luar Muka; Tabihi,2,Kandangan; Padang Batung
HSS-KAB-183,hss-county-183,183,153,183,exact_normalized,Jl.Panggang Hijau - DsTawar,2,Sungai Kupang; Tawia,2,Angkinang; Kandangan
HSS-KAB-184,hss-county-184,184,154,184,exact_normalized,Taniran Tengah - Taniran Selatan,2,Taniran Kubah; Taniran Selatan,1,Angkinang
HSS-KAB-185,hss-county-185,185,1214,185,exact_normalized,Jl. Kayu Abang - Ds. Anjiran,2,Bamban; Kayu Abang,1,Angkinang
HSS-KAB-186,hss-county-186,186,158,186,exact_normalized,Jl. Rel Angkinang - TMMD Angkinang,3,Angkinang Selatan; Taniran Kubah; Tawia,1,Angkinang
HSS-KAB-187,hss-county-187,187,143,187,exact_normalized,Jl. AMD - Ds. Lok Binuang,2,Lok Binuang; Telaga Langsat,1,Telaga Langsat
HSS-KAB-188,hss-county-188,188,159,,unresolved,Jl. Pandan Sari,1,Angkinang,1,Angkinang
HSS-KAB-189,hss-county-189,189,347,199,exact_normalized,Jl. Bamban Selatan - Pakuan Balunan,1,Bamban Selatan,1,Angkinang
HSS-KAB-190,hss-county-190,190,346,190,exact_normalized,Jl. Kayu Abang - Paya,1,Kayu Abang,1,Angkinang
HSS-KAB-191,hss-county-191,191,347,191,exact_normalized,Jl. Bamban (Tibung) - Martajiwa,1,Bamban,1,Angkinang
HSS-KAB-192,hss-county-192,192,0,192,exact_normalized,Jl. Rantauan - Sungai Baru (Jl. Pulau),3,Bakarung; Gambah Luar; Taniran Selatan,2,Angkinang; Kandangan
HSS-KAB-193,hss-county-193,193,160,193,exact_normalized,Telaga Langsat - Pakuan Timur,3,Mandala; Pakuan Timur; Telaga Langsat,1,Telaga Langsat
HSS-KAB-194,hss-county-194,194,161,194,exact_normalized,Longawang - Gumbil,2,Gumbil; Longawang,1,Telaga Langsat
HSS-KAB-195,hss-county-195,195,149,195,exact_normalized,Mandampa - Longawang,3,Lok Binuang; Longawang; Pakuan Timur,1,Telaga Langsat
HSS-KAB-196,hss-county-196,196,162,196,exact_normalized,Gumbil - Masimpan,2,Gumbil; Mandala,1,Telaga Langsat
HSS-KAB-197,hss-county-197,197,166,197,exact_normalized,Hamak Timur - Umpaya,2,Hamak Timur; Hamak Utara,1,Telaga Langsat
HSS-KAB-198,hss-county-198,198,169,198,exact_normalized,Jl. Hamak - Umbai,1,Hamak,1,Telaga Langsat
HSS-KAB-199,hss-county-199,199,169,199,exact_normalized,Jl. Hamak Utara - Samaragi,1,Hamak Timur,1,Telaga Langsat
HSS-KAB-200,hss-county-200,200,350,200,exact_normalized,Jl. Umpaya - Tumarin,1,Hamak Utara,1,Telaga Langsat
HSS-KAB-201,hss-county-201,201,0,201,exact_normalized,Jl. Sungai Durian - Ds. Gumbil,1,Gumbil,1,Telaga Langsat
HSS-KAB-202,hss-county-202,202,349,202,exact_normalized,Jl. Pantai Langsat - Umpaya,2,Hamak Utara; Hulu Banyu,2,Loksado; Telaga Langsat
HSS-KAB-203,hss-county-203,203,171,203,exact_normalized,Jl. Halayung - Hantarukung,2,Ulin; Wasah Hilir,1,Simpur
HSS-KAB-204,hss-county-204,204,182,204,exact_normalized,Wasah Hulu - Amparaya - Simpur,6,Amparaya; Garunggang; Panjampang Bahagia; Simpur; Ulin; Wasah Hulu,1,Simpur
HSS-KAB-205,hss-county-205,205,175,205,exact_normalized,Wasah Hilir - Sarang Halang,2,Sarang Halang; Wasah Hilir,2,Simpur; Sungai Raya
HSS-KAB-206,hss-county-206,206,176,206,treatment_engine_alias,Simpur - Simpang Bilui,1,Simpur,1,Simpur
HSS-KAB-207,hss-county-207,207,177,207,exact_normalized,Simpur - SP.3 Muara Paring Agung,4,Asam; Baru; Simpur; Sungai Kali,2,Simpur; Sungai Raya
HSS-KAB-208,hss-county-208,208,178,208,exact_normalized,Wasah Tengah - Sungai Tarap,3,Kapuh; Sarang Halang; Wasah Tengah,2,Simpur; Sungai Raya
HSS-KAB-209,hss-county-209,209,180,209,exact_normalized,Wasah Hilir - Amparaya,2,Panjampang Bahagia; Wasah Hilir,1,Simpur
HSS-KAB-210,hss-county-210,210,181,210,exact_normalized,Panjampang Bahagia - Bayur,3,Amparaya; Panjampang Bahagia; Pantai Ulin,1,Simpur
HSS-KAB-211,hss-county-211,211,183,211,exact_normalized,Ulin - Tanggul (Balai Mas),2,Pantai Ulin; Ulin,1,Simpur
HSS-KAB-212,hss-county-212,212,184,212,exact_normalized,Panjampang Bahagia - Hanau,2,Amparaya; Panjampang Bahagia,1,Simpur
HSS-KAB-213,hss-county-213,213,185,213,exact_normalized,Jl. Halaban,2,Amparaya; Garunggang,1,Simpur
HSS-KAB-214,hss-county-214,214,186,214,exact_normalized,Jl. Amparaya-Karangan - Hanau,2,Amparaya; Panjampang Bahagia,1,Simpur
HSS-KAB-215,hss-county-215,215,674,215,exact_normalized,Jl. Kalimput Ds. Wasah Hilir,2,Garunggang; Wasah Hilir,1,Simpur
HSS-KAB-216,hss-county-216,216,191,216,exact_normalized,Jl. Sungai Kacil I - Kapuh Padang,2,Kapuh; Wasah Hilir,1,Simpur
HSS-KAB-217,hss-county-217,217,191,217,exact_normalized,Jl. Sungai Kacil II,1,Wasah Hilir,1,Simpur
HSS-KAB-218,hss-county-218,218,1927,218,exact_normalized,Jl. Papagaran - Ds. Amawang Kanan,1,Amawang Kanan,1,Kandangan
HSS-KAB-219,hss-county-219,219,193,219,exact_normalized,Jl. Balaimas - Hanau,2,Panjampang Bahagia; Pantai Ulin,1,Simpur
HSS-KAB-220,hss-county-220,220,194,220,exact_normalized,Garunggang - Hantamangu,1,Garunggang,1,Simpur
HSS-KAB-221,hss-county-221,221,195,,unresolved,Jl. KH. Ramli,1,Amparaya,1,Simpur
HSS-KAB-222,hss-county-222,222,196,,unresolved,Jl. Tungkaran,2,Ulin; Wasah Hulu,1,Simpur
HSS-KAB-223,hss-county-223,223,197,,unresolved,Jl. Mondar (Ulin - Pantai Ulin),2,Pantai Ulin; Ulin,1,Simpur
HSS-KAB-224,hss-county-224,224,198,224,exact_normalized,Jl. Pendawa - Ds. Tebing Tinggi,1,Tebing Tinggi,1,Simpur
HSS-KAB-225,hss-county-225,225,199,,unresolved,Jl. Mangamol,2,Pantai Ulin; Ulin,1,Simpur
HSS-KAB-226,hss-county-226,226,200,,unresolved,Jl. Guru H. Izim,3,Panjampang Bahagia; Pantai Ulin; Ulin,1,Simpur
HSS-KAB-227,hss-county-227,227,351,,unresolved,Jl. Rawati,2,Amparaya; Panjampang Bahagia,1,Simpur
HSS-KAB-228,hss-county-228,228,352,228,exact_normalized,Jl. Pianggu,2,Amparaya; Wasah Hilir,1,Simpur
HSS-KAB-229,hss-county-229,229,353,229,exact_normalized,Jl. Buluh Ds. Tebing Tinggi,1,Tebing Tinggi,1,Simpur
HSS-KAB-230,hss-county-230,230,354,,unresolved,Jl. H. Saim/Garunggang,1,Garunggang,1,Simpur
HSS-KAB-231,hss-county-231,231,0,231,exact_normalized,Jl. Padang Haur - Ds. Wasah Tengah,2,Ulin; Wasah Tengah,1,Simpur
HSS-KAB-232,hss-county-232,232,0,232,exact_normalized,Jl. Gerilya Ds. Simpur,2,Simpur; Tebing Tinggi,1,Simpur
HSS-KAB-233,hss-county-233,233,0,233,exact_normalized,Jl. Jangkang - Ds. Wasah Hilir,1,Wasah Hilir,1,Simpur
HSS-KAB-234,hss-county-234,234,0,,unresolved,Jl. Air Miris,2,Wasah Hilir; Wasah Tengah,1,Simpur
HSS-KAB-235,hss-county-235,235,0,,unresolved,Tandik - Wasah Hilir,2,Kapuh; Wasah Tengah,1,Simpur
HSS-KAB-236,hss-county-236,236,0,236,exact_normalized,Jl. Ds. Kapuh Tengah (Jl. Menuju Majelis Taklim),2,Kapuh; Wasah Tengah,1,Simpur
HSS-KAB-237,hss-county-237,237,0,,unresolved,Jl. Karampaci,2,Kapuh; Wasah Tengah,1,Simpur
HSS-KAB-238,hss-county-238,238,0,,unresolved,Jl. At-Taubah,1,Kapuh,1,Simpur
HSS-KAB-239,hss-county-239,239,0,,unresolved,Jl. Firdaus,1,Kapuh,1,Simpur
HSS-KAB-240,hss-county-240,240,0,240,exact_normalized,Jl. Slasa Garih - Ds. Kapuh,2,Kapuh; Telaga Bidadari,2,Simpur; Sungai Raya
HSS-KAB-241,hss-county-241,241,0,241,exact_normalized,Jl. Palas - Ds. Wasah Tengah,2,Kapuh; Wasah Tengah,1,Simpur
HSS-KAB-242,hss-county-242,242,176,242,exact_normalized,Jl. Tanah Habang - Ds. Simpur,2,Simpur; Wasah Hilir,1,Simpur
HSS-KAB-243,hss-county-243,243,0,,unresolved,Jl. Banua Kambang,2,Wasah Hulu; Wasah Tengah,1,Simpur
HSS-KAB-244,hss-county-244,244,0,,unresolved,Jl. Pajah Api,2,Kapuh; Wasah Tengah,1,Simpur
HSS-KAB-245,hss-county-245,245,0,,unresolved,Jl. Telapak Manuk,2,Kapuh; Wasah Hulu,1,Simpur
HSS-KAB-246,hss-county-246,246,201,246,exact_normalized,Sirih - Taro,1,Sirih,1,Kalumpang
HSS-KAB-247,hss-county-247,247,202,247,exact_normalized,Kalumpang - Balimau,5,Bago Tanggul; Balanti; Balimau; Kalumpang; Karang Bulan,1,Kalumpang
HSS-KAB-248,hss-county-248,248,205,248,treatment_engine_alias,Kalumpang (Ds. Belanti) - Teratai,2,Balanti; Kalumpang,1,Kalumpang
HSS-KAB-249,hss-county-249,249,212,249,exact_normalized,Jl. Bago Tanggul - Katilang - Teratai,4,Bago Tanggul; Balanti; Kalumpang; Karang Bulan,1,Kalumpang
HSS-KAB-250,hss-county-250,250,208,250,exact_normalized,Jl. Binjai (Sirih Hulu) - Ds. Seranggan,2,Asam; Sirih Hulu,2,Kalumpang; Sungai Raya
HSS-KAB-251,hss-county-251,251,204,251,exact_normalized,Jl. Balanti - (Ex. P3DT),2,Balanti; Karang Bulan,1,Kalumpang
HSS-KAB-252,hss-county-252,252,213,252,exact_normalized,Kalumpang - Baruh,2,Kalumpang; Sirih,1,Kalumpang
HSS-KAB-253,hss-county-253,253,215,253,exact_normalized,Sirih - Pacakan,1,Sirih,1,Kalumpang
HSS-KAB-254,hss-county-254,254,94,254,exact_normalized,SP.4 Mesjid Sirih - Sarang Nyamuk - Asam Tamiyang,4,Asam; Sirih; Sirih Hulu; Tamiyang,2,Kalumpang; Sungai Raya
HSS-KAB-255,hss-county-255,255,2465,255,exact_normalized,Jl. Kalumpang Selatan - Ds. Asam Tamiyang,2,Asam; Tamiyang,1,Sungai Raya
HSS-KAB-256,hss-county-256,256,614,256,exact_normalized,Jl. Balimau - Murung Dalam,1,Balimau,1,Kalumpang
HSS-KAB-257,hss-county-257,257,614,,unresolved,Jl. Karya Bakti TNI - Ds. Balimau,1,Balimau,1,Kalumpang
HSS-KAB-258,hss-county-258,258,222,258,exact_normalized,Tanuhi - Ulang,2,Hulu Banyu; Ulang,1,Loksado
HSS-KAB-259,hss-county-259,259,223,259,exact_normalized,Loksado - Loklahung,2,Lok Lahung; Loksado,1,Loksado
HSS-KAB-260,hss-county-260,260,224,260,exact_normalized,Loksado - Haratai,2,Haratai; Loksado,1,Loksado
HSS-KAB-261,hss-county-261,261,225,261,exact_normalized,Loklahung - Kamawakan,3,Kamawakan; Lok Lahung; Tumingki,1,Loksado
HSS-KAB-262,hss-county-262,262,227,262,exact_normalized,Jl. Niagara (Ds. Halunuk) - Ayan,1,Halunuk,1,Loksado
HSS-KAB-263,hss-county-263,263,228,263,exact_normalized,Malinau - Katingin - Kamawakan,3,Kamawakan; Malinau; Tumingki,1,Loksado
HSS-KAB-264,hss-county-264,264,230,264,exact_normalized,Loklahung - Malaris,1,Lok Lahung,1,Loksado
HSS-KAB-265,hss-county-265,265,234,265,treatment_engine_alias,Jl. Bubuih (Ds. Halunuk),1,Halunuk,1,Loksado
HSS-KAB-266,hss-county-266,266,165,266,exact_normalized,Halunuk - Riam Tajam/Talo - Hamak Umpaya,3,Halunuk; Hamak Utara; Panggungan,2,Loksado; Telaga Langsat
HSS-KAB-267,hss-county-267,267,237,267,exact_normalized,Jl. Muara Kitar - Ds. Lumpangi,1,Lumpangi,1,Loksado
HSS-KAB-268,hss-county-268,268,349,268,exact_normalized,Jl. Hulu Banyu - Pantai Langsat,1,Hulu Banyu,1,Loksado
HSS-KAB-269,hss-county-269,269,244,269,exact_normalized,Jl. Bayampah - Tanuhi - Tugu Niih,3,Hulu Banyu; Loksado; Tumingki,1,Loksado
HSS-KAB-270,hss-county-270,270,261,270,exact_normalized,Jl. Kantor Camat Loksado II,1,Loksado,1,Loksado
HSS-KAB-271,hss-county-271,271,356,,unresolved,Jl. Buntu Muara Hatib,1,Hulu Banyu,1,Loksado
HSS-KAB-272,hss-county-272,272,947,272,exact_normalized,Jl. Tanuhi - Hulu Banyu,2,Hulu Banyu; Tumingki,1,Loksado
HSS-KAB-273,hss-county-273,273,226,273,exact_normalized,Hulu Banyu - Datar Mangkung -Tumingki,1,Tumingki,1,Loksado
HSS-KAB-274,hss-county-274,274,221,274,exact_normalized,Lambuk - Ds. Tumingki,1,Tumingki,1,Loksado
HSS-KAB-275,hss-county-275,275,230,275,exact_normalized,Malaris - Loapanggang,1,Lok Lahung,1,Loksado
HSS-KAB-276,hss-county-276,276,255,276,exact_normalized,Jl. Haratai 3 (Balai Kedayang) / SDN Haratai 3,1,Haratai,1,Loksado
HSS-KAB-277,hss-county-277,277,233,,unresolved,Jl. Haratai 2 (SDN Haratai2),2,Haratai; Ulang,1,Loksado
HSS-KAB-278,hss-county-278,278,234,,unresolved,Jl. Bubuih - Kandihin,1,Halunuk,1,Loksado
HSS-KAB-279,hss-county-279,279,238,279,exact_normalized,Jl. Makam Habib Ds. Lumpangi,1,Lumpangi,1,Loksado
HSS-KAB-280,hss-county-280,280,237,280,exact_normalized,Jl. Datar Belimbing - Muara Kitar,2,Hulu Banyu; Lumpangi,1,Loksado
HSS-KAB-281,hss-county-281,281,779,281,exact_normalized,Jl. Tanginau - Balai Haruyan,2,Kamawakan; Tumingki,1,Loksado
HSS-KAB-282,hss-county-282,282,357,282,exact_normalized,Jl. Tataian - (Ds. Ulang) - Loksado,1,Ulang,1,Loksado
HSS-KAB-283,hss-county-283,283,357,283,exact_normalized,Jl. Ulang - Kacang Parang,1,Ulang,1,Loksado
HSS-KAB-284,hss-county-284,284,357,284,exact_normalized,Jl. Kacang Parang (Ulang) - Balai Mawak-Kias,1,Ulang,1,Loksado
HSS-KAB-285,hss-county-285,285,357,285,exact_normalized,Jl. Kacang Parang (Ulang) - Balai Wariung,1,Ulang,1,Loksado
HSS-KAB-286,hss-county-286,286,261,286,exact_normalized,Jl. Loksado - Pantai Dusin,2,Loksado; Tumingki,1,Loksado
HSS-KAB-287,hss-county-287,287,254,287,exact_normalized,Jl. Malinau - Kandihin,2,Halunuk; Malinau,1,Loksado
HSS-KAB-288,hss-county-288,288,222,288,exact_normalized,Ulang - Bangkaun,1,Ulang,1,Loksado
HSS-KAB-289,hss-county-289,289,262,289,exact_normalized,Bayanan - Habirau Tengah,6,Bayanan; Habirau; Habirau Tengah; Parigi; Sungai Pinang; Tumbukan Banyu,1,Daha Selatan
HSS-KAB-290,hss-county-290,290,263,290,exact_normalized,Tumbukan Banyu - Banua Hanyar,6,Banua Hanyar; Habirau; Habirau Tengah; Parigi; Sungai Pinang; Tumbukan Banyu,1,Daha Selatan
HSS-KAB-291,hss-county-291,291,276,291,exact_normalized,Jl. Satria,1,Tumbukan Banyu,1,Daha Selatan
HSS-KAB-292,hss-county-292,292,265,,unresolved,Musyawarah (Nagara),1,Tumbukan Banyu,1,Daha Selatan
HSS-KAB-293,hss-county-293,293,266,,unresolved,Sekolah Islam (Sungai Pinang),1,Sungai Pinang,1,Daha Selatan
HSS-KAB-294,hss-county-294,294,277,294,exact_normalized,Jl. Habib,1,Sungai Pinang,1,Daha Selatan
HSS-KAB-295,hss-county-295,295,267,,unresolved,Mawar (Daha Selatan),1,Sungai Pinang,1,Daha Selatan
HSS-KAB-296,hss-county-296,296,278,,unresolved,Jl. Instalasi PDAM Negara,1,Habirau,1,Daha Selatan
HSS-KAB-297,hss-county-297,297,284,297,exact_normalized,Jl. Gerilya / (Depan Pustu Habirau),1,Habirau,1,Daha Selatan
HSS-KAB-298,hss-county-298,298,283,298,exact_normalized,Jl. Harapan (SDN Habirau II)/Sei. Palangan,1,Habirau Tengah,1,Daha Selatan
HSS-KAB-299,hss-county-299,299,268,299,exact_normalized,Samuda - Bajayau,5,Badaun; Bajayau; Baru; Samuda; Siang Gantung,2,Daha Barat; Daha Selatan
HSS-KAB-300,hss-county-300,300,361,300,exact_normalized,Jl. Tambangan - Ds. Baruh Jaya,2,Baruh Jaya; Tambangan,1,Daha Selatan
HSS-KAB-301,hss-county-301,301,273,301,exact_normalized,Jl. Muning Tengah - Batang Alai (Pihanin Raya),2,Muning Tengah; Pihanin Raya,1,Daha Selatan
HSS-KAB-302,hss-county-302,302,272,,unresolved,Jl. Muning Tengah - Muning Dalam,2,Muning Dalam; Muning Tengah,1,Daha Selatan
HSS-KAB-303,hss-county-303,303,281,303,exact_normalized,SP.4 Banjarbaru - Pasar Negara,2,Banjarbaru; Bayanan,1,Daha Selatan
HSS-KAB-304,hss-county-304,304,281,304,exact_normalized,Negara - Tumbukan Banyu,2,Bayanan; Tumbukan Banyu,1,Daha Selatan
HSS-KAB-305,hss-county-305,305,282,305,exact_normalized,SP.4. Banjarbaru - Pihanin Raya,3,Balah Paikat; Banjarbaru; Pihanin Raya,2,Daha Selatan; Daha Utara
HSS-KAB-306,hss-county-306,306,289,306,exact_normalized,Bayanan - Pihanin,3,Bayanan; Pandan Sari; Pihanin Raya,1,Daha Selatan
HSS-KAB-307,hss-county-307,307,286,307,exact_normalized,Jl. Kantor Camat Daha Selatan II,1,Tumbukan Banyu,1,Daha Selatan
HSS-KAB-308,hss-county-308,308,363,308,exact_normalized,Jl. Sungai Bugundi,1,Baruh Jaya,1,Daha Selatan
HSS-KAB-309,hss-county-309,309,362,309,exact_normalized,Jl. Tukang Garit,1,Tambangan,1,Daha Selatan
HSS-KAB-310,hss-county-310,310,288,310,exact_normalized,Pandak Daun - Baruh Jaya - Samuda,9,Baruh Jaya; Pakan Dalam; Pakapuran Kecil; Pandak Daun; Panggandingan; Paramaian; Samuda; Tambak Bitin; Tambangan,2,Daha Selatan; Daha Utara
HSS-KAB-311,hss-county-311,311,291,311,exact_normalized,Sei. Mandala - Murung Raya,4,Balah Paikat; Murung Raya; Sungai Garuda; Sungai Mandala,1,Daha Utara
HSS-KAB-312,hss-county-312,312,297,312,exact_normalized,Teluk haur I,1,Teluk Haur,1,Daha Utara
HSS-KAB-313,hss-county-313,313,298,313,exact_normalized,Teluk Haur II,1,Teluk Haur,1,Daha Utara
HSS-KAB-314,hss-county-314,314,365,314,treatment_engine_alias,Jl. HM. Thaib,1,Baruh Kembang,1,Daha Utara
HSS-KAB-315,hss-county-315,315,311,315,exact_normalized,Jl. Kenanga - Ds. Baruh Kambang,1,Baruh Kembang,1,Daha Utara
HSS-KAB-316,hss-county-316,316,303,316,exact_normalized,Jl. SMAN Negara (KH. Abdullah),1,Baruh Kembang,1,Daha Utara
HSS-KAB-317,hss-county-317,317,311,317,exact_normalized,Jl. Pertukangan,1,Baruh Kembang,1,Daha Utara
HSS-KAB-318,hss-county-318,318,311,318,treatment_engine_alias,Jl. Silaturahim,1,Mdl. Murung Mesjid,1,Daha Utara
HSS-KAB-319,hss-county-319,319,369,,unresolved,Jl. Habib Iberahim,1,Sungai Mandala,1,Daha Utara
HSS-KAB-320,hss-county-320,320,303,320,exact_normalized,Jl. Sukaramai - Keramat,3,Baruh Kembang; Mdl. Murung Mesjid; Sungai Mandala,1,Daha Utara
HSS-KAB-321,hss-county-321,321,292,321,exact_normalized,Pakan Dalam I,1,Tambak Bitin,1,Daha Utara
HSS-KAB-322,hss-county-322,322,293,322,exact_normalized,Pakan Dalam II,1,Pakan Dalam,1,Daha Utara
HSS-KAB-323,hss-county-323,323,294,323,exact_normalized,Pakan Dalam III,1,Pakan Dalam,1,Daha Utara
HSS-KAB-324,hss-county-324,324,309,324,exact_normalized,Jl. Paramaian,1,Paramaian,1,Daha Utara
HSS-KAB-325,hss-county-325,325,358,325,exact_normalized,Jl. MIN Pandak Daun,2,Pandak Daun; Paramaian,1,Daha Utara
HSS-KAB-326,hss-county-326,326,310,326,exact_normalized,Jl. Pesantren Muradiyah,1,Pandak Daun,1,Daha Utara
HSS-KAB-327,hss-county-327,327,360,327,exact_normalized,Jl. Pandak Daun (Buntut Muradiyah) - Pakan Dalam,3,Pakan Dalam; Pandak Daun; Paramaian,1,Daha Utara
HSS-KAB-328,hss-county-328,328,299,328,treatment_engine_alias,Pakan Dalam - Keminting Batu,5,Pakan Dalam; Pakapuran Kecil; Panggandingan; Tambak Bitin; Tambangan,2,Daha Selatan; Daha Utara
HSS-KAB-329,hss-county-329,329,359,329,exact_normalized,Jl. Samping Kantor Camat Daha Utara,1,Tambak Bitin,1,Daha Utara
HSS-KAB-330,hss-county-330,330,369,330,exact_normalized,Jl. Gang Bidan (Ds. Tambak Bitin),2,Panggandingan; Tambak Bitin,1,Daha Utara
HSS-KAB-331,hss-county-331,331,308,331,treatment_engine_alias,Jl. Cakingan Herman,1,Panggandingan,1,Daha Utara
HSS-KAB-332,hss-county-332,332,307,332,exact_normalized,Jl. Kampung Kawat,1,Pakapuran Kecil,1,Daha Utara
HSS-KAB-333,hss-county-333,333,306,333,treatment_engine_alias,Jl. Keminting Batu,1,Tambangan,1,Daha Selatan
HSS-KAB-334,hss-county-334,334,301,,unresolved,Jl. Hamayung - Ds. Hakurung Dalam,2,Hakurung; Hamayung,1,Daha Utara
HSS-KAB-335,hss-county-335,335,285,335,exact_normalized,Simpang Jadi Makmur Ds. Samuda,1,Samuda,1,Daha Selatan
HSS-KAB-336,hss-county-336,336,370,336,treatment_engine_alias,Jl. Sakincung Ds. Hakurun Dalam,1,Hakurung,1,Daha Utara
HSS-KAB-337,hss-county-337,337,302,337,exact_normalized,Hakurung Dalam - Ds. Sungai haji,1,Hakurung,1,Daha Utara
HSS-KAB-338,hss-county-338,338,318,338,exact_normalized,Jl. Siang Gantung - Ds. Baru,2,Baru; Siang Gantung,1,Daha Barat
HSS-KAB-339,hss-county-339,339,319,339,exact_normalized,Jl. Baru - Ds. Bajayau,1,Baru,1,Daha Barat
HSS-KAB-340,hss-county-340,340,268,,unresolved,Bajayau - Bajayau Tengah,2,Bajayau; Bajayau Tengah,1,Daha Barat
HSS-KAB-341,hss-county-341,341,322,,unresolved,Jl. Banua Hanyar - Tanjung Selor,2,Banua Hanyar; Tanjung Selor,2,Daha Barat; Daha Selatan
HSS-KAB-342,hss-county-342,342,323,342,exact_normalized,Jl. Tanjung Selor - Ds. Badaun,3,Badaun; Bajayau Lama; Tanjung Selor,1,Daha Barat
HSS-KAB-343,hss-county-343,343,324,343,treatment_engine_alias,Jl. Badaun - Ds. Bajayau Lama,1,Bajayau Lama,1,Daha Barat
HSS-KAB-344,hss-county-344,344,26,344,exact_normalized,Jl. Goha - Ds. Amawang Kanan,1,Amawang Kanan,1,Kandangan
HSS-KAB-345,hss-county-345,345,333,345,exact_normalized,Jl. Al - Ikhlas - Ds. Baluti,2,Baluti; Tibung Raya,1,Kandangan
HSS-KAB-346,hss-county-346,346,57,346,exact_normalized,Jl. Angkakai - Ds. Amawang Kiri,1,Amawang Kiri,1,Kandangan
HSS-KAB-347,hss-county-347,347,0,347,exact_normalized,Jl. Anjiran Rantauan - Ds. Taniran Tengah,1,Taniran Selatan,1,Angkinang
HSS-KAB-348,hss-county-348,348,61,348,exact_normalized,Jl. Asam Duhat - Ds. Pantai Ulin,1,Pantai Ulin,1,Simpur
HSS-KAB-349,hss-county-349,349,0,349,exact_normalized,Jl. Pertanian - Ds. Wasah Tengah,2,Wasah Hulu; Wasah Tengah,1,Simpur
HSS-KAB-350,hss-county-350,350,198,350,exact_normalized,Jl. Keramat Sakti - Ds. Tebing Tinggi,1,Tebing Tinggi,1,Simpur
