no,nama_ruas,nama_ruas_norm,desa_yang_dilalui,kecamatan_yang_dilalui,jumlah_desa_yang_dilalui,jumlah_kecamatan_yang_dilalui,jumlah_penduduk_dilayani,terhubung_ruas_provinsi,terhubung_ruas_nasional,jarak_pasar_m,jarak_puskesmas_m,jarak_rsud_m,jarak_sd_smp_m,jarak_ibukota_m,akses_terputus_ibukota,akses_terputus_pasar,akses_terputus_puskesmas,akses_terputus_rsud,akses_terputus_sd_smp,prior_handled_any_pre2024,prior_handled_count_pre2024,prior_handled_last_year_pre2024,years_since_last_handled_pre2024,prior_handled_any_pre2025,prior_handled_count_pre2025,prior_handled_last_year_pre2025,years_since_last_handled_pre2025,prior_handled_any_pre2026,prior_handled_count_pre2026,prior_handled_last_year_pre2026,years_since_last_handled_pre2026,handled_any_2021,handled_any_2022,handled_any_2023,handled_any_2024,handled_any_2025,handled_pl_2021,handled_pl_2022,handled_pl_2023,handled_pl_2024,handled_pl_2025,handled_tender_2021,handled_tender_2022,handled_tender_2023,handled_tender_2024,handled_tender_2025,planned_any_2026,planned_any_2027,planned_pl_2026,planned_pl_2027,planned_tender_2026,planned_tender_2027,source_ml_road_id
1,AES Nasution,aes nasution,Baluti,Kandangan,1,1,1377,0,0,714.1,954.7,1467.1,166.2,395.8,0,0,0,0,0,0,0,,,1,1,2024,1,1,1,2024,2,0,0,0,1,0,0,0,0,0,0,0,0,0,1,0,0,0,0,0,0,0,035
2,Air Miris - Ds. Wasah Hilir,air miris – desa wasah hilir,"Wasah Hilir, Wasah Tengah",Simpur,2,1,1294,0,1,961.1,2012.5,5681,667.2,6453.8,0,0,0,0,0,0,0,,,0,0,,,0,0,,,0,0,0,0,0,0,0,0,0,0,0,0,0,0,0,0,0,0,0,0,0,234
3,Al - Ikhlas - Ds. Baluti,al – ikhlas – desa baluti,"Baluti, Tibung Raya",Kandangan,2,1,2315,0,0,1257.5,1407.6,1286.8,425.9,1575.8,0,0,0,0,0,0,0,,,1,1,2024,1,1,1,2024,2,0,0,0,1,0,0,0,0,0,0,0,0,0,1,0,0,0,0,0,0,0,345
4,Aluh Idut,aluh idut,"Kandangan Barat, Kandangan Kota, Kandangan Utara",Kandangan,3,1,6205,0,1,1109.5,461.8,2807.8,138.8,944.9,0,0,0,0,0,0,0,,,0,0,,,0,0,,,0,0,0,0,0,0,0,0,0,0,0,0,0,0,0,0,1,0,0,0,1,008
5,Amawang Kanan - Wasah Hulu,amawang kanan – wasah hulu,"Amawang Kanan, Wasah Hulu","Kandangan, Simpur",2,2,1122,0,1,3281,1687.3,2540.2,459.8,3136,0,0,0,0,0,1,1,2023,1,1,1,2023,2,1,1,2023,3,0,0,1,0,0,0,0,1,0,0,0,0,0,0,0,0,0,0,0,0,0,032
6,Amawang Muka - Getek,amawang muka – getek,"Amawang Kiri, Amawang Kiri Muka, Bariang, Sungai Paring",Kandangan,4,1,2479,0,0,4114.1,3726.6,5380,191.1,3795.8,0,0,0,0,0,1,2,2023,1,1,2,2023,2,1,3,2025,1,1,0,1,0,1,1,0,1,0,1,0,0,0,0,0,0,1,0,1,0,0,031
7,Ambarai - Madang,ambarai – madang,"Karang Jawa, Madang",Padang Batung,2,1,1088,0,0,2381.2,3220.9,7125.8,1028.5,5524.6,0,0,0,0,0,0,0,,,1,1,2024,1,1,1,2024,2,0,0,0,1,0,0,0,0,1,0,0,0,0,0,0,1,0,1,0,0,0,149
8,AMD - Ds. Lok Binuang,amd – desa lok binuang,"Lok Binuang, Telaga Langsat",Telaga Langsat,2,1,763,0,0,4179.5,2818.2,13938.7,1329.4,12075.8,0,0,0,0,0,0,0,,,0,0,,,0,0,,,0,0,0,0,0,0,0,0,0,0,0,0,0,0,0,0,1,0,0,0,1,187
9,Amparaya - Karangan - Hanau,amparaya – karangan – hanau,"Amparaya, Panjampang Bahagia",Simpur,2,1,1032,0,0,4608.7,5179.2,10259.5,1207.7,10424.2,0,0,0,0,0,1,3,2023,1,1,3,2023,2,1,3,2023,3,1,1,1,0,0,1,1,1,0,0,0,0,0,0,0,0,0,0,0,0,0,214
10,Anggrek,anggrek,"Kandangan Kota, Kandangan Utara",Kandangan,2,1,4331,0,0,781.6,796.9,2773.5,196.3,910.6,0,0,0,0,0,1,1,2023,1,1,1,2023,2,1,1,2023,3,0,0,1,0,0,0,0,0,0,0,0,0,1,0,0,0,0,0,0,0,0,011
11,Angkakai - Ds. Amawang Kiri,angkakai – desa amawang kiri,Amawang Kiri,Kandangan,1,1,786,0,0,4664.3,3176.4,5196.4,490.7,4346,0,0,0,0,0,0,0,,,0,0,,,0,0,,,0,0,0,0,0,0,0,0,0,0,0,0,0,0,0,0,0,0,0,0,0,346
12,Angkinang - Kayu Abang - Panggang Hijau,angkinang – kayu abang – panggang hijau,"Angkinang, Kayu Abang, Tawia",Angkinang,3,1,2516,0,1,4170.6,4803.9,12260.5,1030.9,10397.6,0,0,0,0,0,1,2,2023,1,1,3,2024,1,1,3,2024,2,1,0,1,1,0,1,0,1,1,0,0,0,0,0,0,0,0,0,0,0,0,178
13,Angkinang - Telaga Langsat,angkinang – telaga langsat,"Angkinang, Angkinang Selatan, Lok Binuang, Mandala, Telaga Langsat","Angkinang, Telaga Langsat",5,2,2430,0,1,2807.7,2660.1,12566.9,42.4,10704,0,0,0,0,0,1,1,2021,3,1,2,2024,1,1,3,2025,1,1,0,0,1,1,0,0,0,1,1,1,0,0,1,0,0,0,0,0,0,0,175
14,Angkinang Selatan - Tawia - Wawaran,angkinang selatan – tawia – wawaran,"Angkinang Selatan, Bakarung, Taniran Kubah, Tawia",Angkinang,4,1,3114,0,0,3473.9,4541,11563.7,1798.1,9700.8,0,0,0,0,0,1,1,2023,1,1,2,2024,1,1,2,2024,2,0,0,1,1,0,0,0,1,0,0,0,0,0,1,0,1,0,0,0,1,1,172
15,Anjiran Rantauan - Ds. Taniran Tengah,anjiran rantauan – desa taniran tengah,Taniran Selatan,Angkinang,1,1,545,0,1,2869.7,3143.5,8536.5,474.2,6673.6,0,0,0,0,0,0,0,,,0,0,,,0,0,,,0,0,0,0,0,0,0,0,0,0,0,0,0,0,0,0,1,0,0,0,1,347
16,Asam Cangkuk - Telaga Bidadari,asam cangkuk – telaga bidadari,"Amawang Kanan, Telaga Bidadari, Wasah Hulu","Kandangan, Simpur, Sungai Raya",3,3,1790,0,0,2965.8,2977.4,2083.4,862.4,3010.9,0,0,0,0,0,0,0,,,0,0,,,0,0,,,0,0,0,0,0,0,0,0,0,0,0,0,0,0,0,0,0,0,0,0,0,097
17,Asam Duhat - Ds. Pantai Ulin,asam duhat – desa pantai ulin,Pantai Ulin,Simpur,1,1,708,0,0,4362.9,4148.6,11085.9,532.9,7234.7,0,0,0,0,0,1,2,2023,1,1,2,2023,2,1,2,2023,3,0,1,1,0,0,0,1,1,0,0,0,0,0,0,0,1,0,0,0,1,0,348
18,Asam Seranggan - Asam Tamiyang,asam seranggan – asam tamiyang,"Asam, Tamiyang",Sungai Raya,2,1,797,0,0,7415,4953,8268.7,979.8,12484.5,0,0,0,0,0,1,1,2022,2,1,1,2022,3,1,1,2022,4,0,1,0,0,0,0,1,0,0,0,0,0,0,0,0,0,0,0,0,0,0,123
19,At-Taubah - Ds. Kapuh,at – taubah – desa kapuh,Kapuh,Simpur,1,1,682,0,0,2565.8,3045,3705.6,527.9,5104.2,0,0,0,0,0,0,0,,,0,0,,,0,0,,,0,0,0,0,0,0,0,0,0,0,0,0,0,0,0,0,0,0,0,0,0,238
20,Badaun - Ds. Bjayau Lama,badaun – desa bjayau lama,Bajayau Lama,Daha Barat,1,1,426,0,0,,,,612,,1,1,1,1,0,0,0,,,0,0,,,0,0,,,0,0,0,0,0,0,0,0,0,0,0,0,0,0,0,0,0,0,0,0,0,343
21,Bago Tanggul - Katilang - Teratai,bago tanggul – katilang – teratai,"Bago Tanggul, Balanti, Kalumpang, Karang Bulan",Kalumpang,4,1,960,0,0,10210.5,7816.6,20724.2,161.6,22103.7,0,0,0,0,0,1,1,2022,2,1,1,2022,3,1,1,2022,4,0,1,0,0,0,0,0,0,0,0,0,1,0,0,0,0,0,0,0,0,0,249
22,Baiturrahim Parincahan,baiturrahim parincahan,Kandangan Barat,Kandangan,1,1,1874,0,1,2675.7,2608.4,4437.4,935.9,2574.5,0,0,0,0,0,1,1,2023,1,1,1,2023,2,1,2,2025,1,0,0,1,0,1,0,0,1,0,1,0,0,0,0,0,0,0,0,0,0,0,069
23,Bajayau - Ds. Bajayau Tengah,bajayau – desa bajayau tengah,"Bajayau, Bajayau Tengah",Daha Barat,2,1,734,0,0,3635.1,1570.2,17922.5,1051.1,,1,0,0,0,0,1,1,2023,1,1,1,2023,2,1,2,2025,1,0,0,1,0,1,0,0,0,0,0,0,0,1,0,1,1,0,0,0,1,0,340
24,Bakarung - Rantauan,bakarung – rantauan,"Bakarung, Gambah Dalam Barat, Gambah Luar, Taniran Selatan","Angkinang, Kandangan",4,2,2506,1,1,1752.4,2792.8,8362.7,1550.7,6499.8,0,0,0,0,0,1,2,2023,1,1,2,2023,2,1,2,2023,3,0,1,1,0,0,0,0,0,0,0,0,1,1,0,0,0,0,0,0,0,0,167
25,Bakarung -Tabihi - Karang Jawa,bakarung – tabihi – karang jawa,"Bakarung, Karang Jawa, Karang Jawa Muka, Tabihi","Angkinang, Padang Batung",4,2,2766,0,1,2678.7,1551.4,5058.9,419.1,3325.5,0,0,0,0,0,1,1,2023,1,1,1,2023,2,1,2,2025,1,0,0,1,0,1,0,0,0,0,0,0,0,1,0,1,1,0,0,0,1,0,179
26,Bakarung Tengah - Karang Jawa,bakarung tengah – karang jawa,"Gambah Luar, Gambah Luar Muka, Karang Jawa Muka","Kandangan, Padang Batung",3,2,1780,0,1,2368.5,1835.5,4559.7,89.1,2826.2,0,0,0,0,0,1,3,2023,1,1,3,2023,2,1,3,2023,3,1,1,1,0,0,1,1,1,0,0,0,0,0,0,0,0,0,0,0,0,0,056
27,Balaimas - Hanau,balaimas – hanau,"Panjampang Bahagia, Pantai Ulin",Simpur,2,1,1150,0,0,6620.7,4762,8803.8,1614.2,8968.5,0,0,0,0,0,1,2,2023,1,1,2,2023,2,1,2,2023,3,1,0,1,0,0,1,0,1,0,0,0,0,0,0,0,0,0,0,0,0,0,219
28,Balanti - (Ex. P3DT),balanti – p3dt,"Balanti, Karang Bulan",Kalumpang,2,1,426,0,0,4304.7,1910.8,14818.3,1026,16197.8,0,0,0,0,0,1,1,2022,2,1,1,2022,3,1,1,2022,4,0,1,0,0,0,0,1,0,0,0,0,0,0,0,0,0,0,0,0,0,0,251
29,Balimau - Murung Dalam,balimau – murung dalam,Balimau,Kalumpang,1,1,310,0,0,8506.9,6113.1,19020.6,1650.5,20400.1,0,0,0,0,0,0,0,,,0,0,,,0,0,,,0,0,0,0,0,0,0,0,0,0,0,0,0,0,0,0,0,0,0,0,0,256
30,Baluti - Jambu Hulu (Paku),baluti – jambu hulu paku,"Baluti, Jambu Hilir, Jambu Hulu","Kandangan, Padang Batung",3,2,3778,0,1,2296,1621.3,3589.2,57.6,2614.4,0,0,0,0,0,1,1,2023,1,1,1,2023,2,1,1,2023,3,0,0,1,0,0,0,0,0,0,0,0,0,1,0,0,0,0,0,0,0,0,040
31,Bamban (Tibung) - Martajiwa,bamban tibung – martajiwa,Bamban,Angkinang,1,1,499,0,0,3513.6,1365.5,13272.8,739.2,11409.9,0,0,0,0,0,0,0,,,0,0,,,0,0,,,0,0,0,0,0,0,0,0,0,0,0,0,0,0,0,1,0,0,0,1,0,191
32,Bamban Selatan - Pakuan,bamban selatan – pakuan,"Angkinang, Bamban Selatan, Pakuan Timur","Angkinang, Telaga Langsat",3,2,1568,0,1,2719.8,2340.2,12479,1116.4,10616.1,0,0,0,0,0,1,1,2023,1,1,2,2024,1,1,3,2025,1,0,0,1,1,1,0,0,1,1,1,0,0,0,0,0,0,1,0,1,0,0,176
33,Bamban Selatan - Pakuan Balunan,bamban selatan – pakuan balunan,Bamban Selatan,Angkinang,1,1,447,0,1,3639.6,2038.8,13398.9,865.2,11536,0,0,0,0,0,0,0,,,0,0,,,0,0,,,0,0,0,0,0,0,0,0,0,0,0,0,0,0,0,0,0,0,0,0,0,199
34,Bamban Selatan - Tanggang - Panggang Hijau,bamban selatan – tanggang – panggang hijau,"Bamban, Bamban Selatan, Kayu Abang",Angkinang,3,1,1733,0,1,4613.6,2943.6,13008.9,1839.2,11146,0,0,0,0,0,0,0,,,0,0,,,0,0,,,0,0,0,0,0,0,0,0,0,0,0,0,0,0,0,0,0,0,0,0,0,174
35,Bamban Tengah - Lok Nyiur,bamban tengah – lok nyiur,"Bamban, Kayu Abang",Angkinang,2,1,1286,0,1,3704,1555.9,13463.2,929.6,11600.3,0,0,0,0,0,0,0,,,0,0,,,0,0,,,0,0,0,0,0,0,0,0,0,0,0,0,0,0,0,1,0,0,0,1,0,181
36,Bamban Utara - Longawang,bamban utara – longawang,"Bamban Utara, Longawang, Pandulangan","Angkinang, Telaga Langsat",3,2,1579,0,1,4916.4,1098.2,14675.6,222.1,12812.7,0,0,0,0,0,0,0,,,0,0,,,0,0,,,0,0,0,0,0,0,0,0,0,0,0,0,0,0,0,0,0,0,0,0,0,177
37,Bangga TMMD,bangga,Telaga Bidadari,Sungai Raya,1,1,668,0,0,3386.3,3536.4,1759.6,1501.9,3431.5,0,0,0,0,0,0,0,,,0,0,,,0,0,,,0,0,0,0,0,0,0,0,0,0,0,0,0,0,0,0,0,0,0,0,0,112
38,Banua Hanyar - Ds. Tanjung Selor,banua hanyar – desa tanjung selor,"Banua Hanyar, Tanjung Selor","Daha Barat, Daha Selatan",2,2,1716,0,0,,,,,,1,1,1,1,1,0,0,,,0,0,,,0,0,,,0,0,0,0,0,0,0,0,0,0,0,0,0,0,0,0,0,0,0,0,0,341
39,Banua Kambang - Ds. Wasah Tengah,banua kambang – desa wasah tengah,"Wasah Hulu, Wasah Tengah",Simpur,2,1,1057,0,1,2640.6,1440.1,3946.6,946.5,4542.4,0,0,0,0,0,0,0,,,1,1,2024,1,1,1,2024,2,0,0,0,1,0,0,0,0,0,0,0,0,0,1,0,0,0,0,0,0,0,243
40,Banyu Barau - Sei Kalang,banyu barau – sei kalang,Kandangan Barat,Kandangan,1,1,1874,0,1,2875.3,2807.9,4548,991.5,2685.1,0,0,0,0,0,1,1,2023,1,1,1,2023,2,1,2,2025,1,0,0,1,0,1,0,0,0,0,0,0,0,1,0,1,0,0,0,0,0,0,050
41,Bariang - Getek,bariang – getek,"Amawang Kiri, Amawang Kiri Muka, Bariang",Kandangan,3,1,1903,0,0,3312.2,3299.3,3671.3,922.4,3167.3,0,0,0,0,0,0,0,,,0,0,,,0,0,,,0,0,0,0,0,0,0,0,0,0,0,0,0,0,0,0,0,0,0,0,0,046
42,Bariang - Patigan,bariang – patigan,"Amawang Kiri, Bariang",Kandangan,2,1,1164,0,0,4064.3,3949.4,4423.4,897,3919.4,0,0,0,0,0,0,0,,,0,0,,,0,0,,,0,0,0,0,0,0,0,0,0,0,0,0,0,0,0,0,0,0,0,0,0,075
43,Baru - Asam Desa Baru,baru – asam desa baru,"Asam, Baru (Sungai Raya)",Sungai Raya,2,1,743,0,0,3233.4,3264.1,10405.2,1686.5,12077.1,0,0,0,0,0,1,1,2023,1,1,2,2024,1,1,2,2024,2,0,0,1,1,0,0,0,1,1,0,0,0,0,0,0,0,0,0,0,0,0,125
44,Baru - Ds. Bajayau,baru – desa bajayau,Baru (Daha Barat),Daha Barat,1,1,330,0,0,3131.6,5196.5,11050,1557.1,41329.6,0,0,0,0,0,1,1,2023,1,1,2,2024,1,1,2,2024,2,0,0,1,1,0,0,0,0,0,0,0,0,1,1,0,0,0,0,0,0,0,339
45,Batang Kulur Kanan - Batang Kulur Kiri,batang kulur kanan – batang kulur kiri,"Batang Kulur Kiri, Batang Kulur Tengah",Sungai Raya,2,1,459,0,0,1554.6,1585.3,6402,1197.5,8073.9,0,0,0,0,0,0,0,,,0,0,,,0,0,,,0,0,0,0,0,0,0,0,0,0,0,0,0,0,0,0,1,0,0,0,1,130
46,Batang Kulur Kanan - Bumi Berkat (Kisung),batang kulur kanan – bumi berkat kisung,"Batang Kulur Kanan, Bumi Berkat",Sungai Raya,2,1,527,0,0,4542.8,4573.5,11710.7,2035.2,13382.6,0,0,0,0,0,0,0,,,0,0,,,0,0,,,0,0,0,0,0,0,0,0,0,0,0,0,0,0,0,0,0,0,0,0,0,129
47,Batang Kulur Kanan - Sarangan,batang kulur kanan – sarangan,"Batang Kulur Kanan, Ida Manggala",Sungai Raya,2,1,751,0,0,1424.6,1455.3,8596.5,1082.9,10268.4,0,0,0,0,0,1,2,2023,1,1,2,2023,2,1,2,2023,3,0,1,1,0,0,0,1,1,0,0,0,0,0,0,0,0,0,0,0,0,0,091
48,Batang Kulur Kiri - Durian Landung,batang kulur kiri – durian landung,"Batang Kulur Kiri, Paring Agung",Sungai Raya,2,1,643,0,0,1284.1,1314.8,6603.6,516.5,8275.5,0,0,0,0,0,0,0,,,1,1,2024,1,1,1,2024,2,0,0,0,1,0,0,0,0,0,0,0,0,0,1,0,0,0,0,0,0,0,113
49,Batu Laki - Muara Pipii,batu laki – muara pipii,Batu Laki,Padang Batung,1,1,507,0,0,22881.6,18931.9,25092,4485.5,24994.4,0,0,0,0,0,0,0,,,0,0,,,0,0,,,0,0,0,0,0,0,0,0,0,0,0,0,0,0,0,0,0,0,0,0,0,154
50,Bayampah - Tanuhi - Tugu Niih,bayampah – tanuhi – tugu niih,"Hulu Banyu, Loksado, Tumingki",Loksado,3,1,1058,1,0,29266.8,5229.2,31477.2,1499.1,31379.5,0,0,0,0,0,0,0,,,0,0,,,0,0,,,0,0,0,0,0,0,0,0,0,0,0,0,0,0,0,0,0,0,0,0,0,269
51,Bayanan - Habirau Tengah,bayanan – habirau tengah,"Bayanan, Habirau, Habirau Tengah, Parigi, Sungai Pinang, Tumbukan Banyu",Daha Selatan,6,1,4606,1,0,1430.4,0,2388.8,114.3,29002,0,0,0,0,0,1,1,2022,2,1,1,2022,3,1,1,2022,4,0,1,0,0,0,0,0,0,0,0,0,1,0,0,0,1,0,0,0,1,0,289
52,Bayanan - Pihanin,bayanan – pihanin,"Bayanan, Pandan Sari, Pihanin Raya",Daha Selatan,3,1,2075,0,0,1135.9,1027.3,705.3,197.1,27941.3,0,0,0,0,0,0,0,,,0,0,,,0,0,,,0,0,0,0,0,0,0,0,0,0,0,0,0,0,0,0,0,0,0,0,0,306
53,Bina Bakat,bina bakat,Tibung Raya,Kandangan,1,1,938,0,0,920.9,1071,1065.3,210.7,1034,0,0,0,0,0,1,1,2023,1,1,1,2023,2,1,1,2023,3,0,0,1,0,0,0,0,0,0,0,0,0,1,0,0,0,0,0,0,0,0,039
54,Binjai (Sirih Hulu) - Ds. Seranggan,binjai sirih hulu – desa seranggan,"Asam, Sirih Hulu","Kalumpang, Sungai Raya",2,2,701,0,1,6241.4,5437,12374.3,1268.6,13772.9,0,0,0,0,0,0,0,,,0,0,,,0,0,,,0,0,0,0,0,0,0,0,0,0,0,0,0,0,0,0,0,0,0,0,0,250
55,Biti - Sungai Kupang (Karya Bakti TNI),biti – sei kupang karya bakti tni,"Lungau, Sungai Kupang",Kandangan,2,1,1848,1,0,10112.4,9359.8,11521.3,939,9847.6,0,0,0,0,0,0,0,,,1,1,2024,1,1,1,2024,2,0,0,0,1,0,0,0,0,0,0,0,0,0,1,0,0,0,0,0,0,0,082
56,Brigjen Katamso,brigjen katamso,Kandangan Barat,Kandangan,1,1,1874,0,0,1351.3,1894.4,2726.1,0,1033,0,0,0,0,0,0,0,,,0,0,,,0,0,,,0,0,0,0,0,0,0,0,0,0,0,0,0,0,0,0,0,0,0,0,0,023
57,Bubuih - Ds. Halunuk,bubuih – desa halunuk,Halunuk,Loksado,1,1,303,0,1,14913.1,10870.4,17123.5,390,17025.9,0,0,0,0,0,0,0,,,0,0,,,0,0,,,0,0,0,0,0,0,0,0,0,0,0,0,0,0,0,0,0,0,0,0,0,265
58,Bubuih (Ds. Halunuk) - Kandihin,bubuih desa halunuk – kandihin,Halunuk,Loksado,1,1,303,0,0,16716.8,12674.1,18927.2,1391.2,18829.6,0,0,0,0,0,1,1,2023,1,1,1,2023,2,1,1,2023,3,0,0,1,0,0,0,0,1,0,0,0,0,0,0,0,0,0,0,0,0,0,278
59,Budi Bakti - Tiga Desember,budi bakti – tiga desember,"Amawang Kiri Muka, Kandangan Barat, Tibung Raya",Kandangan,3,1,3551,0,1,1491.2,1641.3,2153.7,572.3,1254.7,0,0,0,0,0,0,0,,,0,0,,,0,0,,,0,0,0,0,0,0,0,0,0,0,0,0,0,0,0,0,0,0,0,0,0,028
60,Buluh - Ds. Tebing Tinggi,buluh – desa tebing tinggi,Tebing Tinggi,Simpur,1,1,404,0,1,2436.5,2727.7,9356.3,946.5,10735.8,0,0,0,0,0,1,1,2021,3,1,2,2024,1,1,2,2024,2,1,0,0,1,0,0,0,0,0,0,1,0,0,1,0,0,0,0,0,0,0,229
61,Bumi Berkat - Mungkur Galah,bumi berkat – mungkur galah,Bumi Berkat,Sungai Raya,1,1,259,0,0,4463,4493.7,11634.9,376.2,13306.7,0,0,0,0,0,0,0,,,1,1,2024,1,1,2,2025,1,0,0,0,1,1,0,0,0,1,1,0,0,0,0,0,0,0,0,0,0,0,092
62,Buntu Muara Hatib - Bts. Kab. HST,buntu muara hatib – bts kab hst,Hulu Banyu,Loksado,1,1,474,1,0,26934.3,8122.4,29144.7,1982.5,29047.1,0,0,0,0,0,0,0,,,0,0,,,0,0,,,0,0,0,0,0,0,0,0,0,0,0,0,0,0,0,0,0,0,0,0,0,271
63,Cangkingan Herman,cangkingan herman,Panggandingan,Daha Utara,1,1,633,0,0,1258.9,795.3,2477.8,0,29090.9,0,0,0,0,0,0,0,,,0,0,,,0,0,,,0,0,0,0,0,0,0,0,0,0,0,0,0,0,0,0,1,0,0,0,1,331
64,Dahlia,dahlia,Kandangan Utara,Kandangan,1,1,1142,0,0,1768.8,197.4,3467.1,0,1604.2,0,0,0,0,0,0,0,,,0,0,,,0,0,,,0,0,0,0,0,0,0,0,0,0,0,0,0,0,0,0,0,0,0,0,0,015
65,Datar Belimbing - Muara Kitar,datar belimbing – muara kitar,"Hulu Banyu, Lumpangi",Loksado,2,1,859,0,0,30227.2,8413.6,32437.6,2459.5,32339.9,0,0,0,0,0,1,3,2023,1,1,3,2023,2,1,3,2023,3,1,1,1,0,0,1,1,1,0,0,0,0,1,0,0,0,0,0,0,0,0,280
66,DI. Panjaitan - Loklua,di panjaitan – loklua,"Baluti, Tibung Raya",Kandangan,2,1,2315,0,1,454.9,605,1552.9,35.3,745.4,0,0,0,0,0,0,0,,,0,0,,,0,0,,,0,0,0,0,0,0,0,0,0,0,0,0,0,0,0,0,0,0,0,0,0,033
67,Ds. Kapuh Tengah (Menuju Majelis Talim),desa kapuh tengah menuju majelis talim,"Kapuh, Wasah Tengah",Simpur,2,1,1247,0,0,3193.6,3103.3,3164,689.4,4562.7,0,0,0,0,0,0,0,,,0,0,,,0,0,,,0,0,0,0,0,0,0,0,0,0,0,0,0,0,0,0,0,0,0,0,0,236
68,Firdaus - Ds. Kapuh,firdaus – desa kapuh,Kapuh,Simpur,1,1,682,0,0,2954.7,2864.4,3525,916.8,4923.6,0,0,0,0,0,0,0,,,0,0,,,0,0,,,0,0,0,0,0,0,0,0,0,0,0,0,0,0,0,0,0,0,0,0,0,239
69,Galuntang Tayub - Ds. Madang,galuntang tayub – desa madang,Madang,Padang Batung,1,1,448,0,0,7191.3,7765.4,11936,1270.6,10334.7,0,0,0,0,0,0,0,,,0,0,,,0,0,,,0,0,0,0,0,0,0,0,0,0,0,0,0,0,0,0,0,0,0,0,0,162
70,Gambah Dalam - Rantauan,gambah dalam – rantauan,"Gambah Dalam, Gambah Luar",Kandangan,2,1,1348,1,,3498.6,2163.2,6008.8,845,4145.9,0,0,0,0,0,1,1,2023,1,1,1,2023,2,1,1,2023,3,0,0,1,0,0,0,0,1,0,0,0,0,0,0,0,0,0,0,0,0,0,052
71,Gambah Dalam Barat - Mahulung,gambah dalam barat – mahulung,"Gambah Dalam Barat, Taniran Selatan","Angkinang, Kandangan",2,2,1084,1,0,5501,4435,7855.4,1269.8,5992.5,0,0,0,0,0,0,0,,,0,0,,,0,0,,,0,0,0,0,0,0,0,0,0,0,0,0,0,0,0,0,0,0,0,0,0,076
72,Gambah Luar - Gambah Dalam,gambah luar – gambah dalam,"Gambah Dalam, Gambah Luar Muka",Kandangan,2,1,1637,1,1,3537.8,2014.8,5299.5,697.1,3436.6,0,0,0,0,0,0,0,,,0,0,,,0,0,,,0,0,0,0,0,0,0,0,0,0,0,0,0,0,0,0,0,0,0,0,0,053
73,Gambah Luar - Sungai Kudung,gambah luar – sei kudung,Gambah Luar Muka,Kandangan,1,1,775,0,1,2824.3,1429.3,4911,113.6,3048.1,0,0,0,0,0,1,1,2023,1,1,1,2023,2,1,1,2023,3,0,0,1,0,0,0,0,1,0,0,0,0,0,0,0,0,0,0,0,0,0,055
74,Gambir - Sp. Empat Lungau,gambir – sp empat lungau,"Amawang Kiri, Lungau",Kandangan,2,1,1503,0,0,6491.8,5365.4,7507,1638.9,6173.5,0,0,0,0,0,1,1,2023,1,1,1,2023,2,1,1,2023,3,0,0,1,0,0,0,0,1,0,0,0,0,0,0,0,0,0,0,0,0,0,045
75,Gang Bidan (Ds. Tambak Bitin),gang bidan desa tambak bitin,"Panggandingan, Tambak Bitin",Daha Utara,2,1,1172,0,0,1245.2,609.9,2464.1,629.9,29077.2,0,0,0,0,0,1,3,2023,1,1,4,2024,1,1,5,2025,1,1,1,1,1,1,1,1,1,0,0,0,0,0,1,1,0,0,0,0,0,0,330
76,Garunggang - Hantamangu,garunggang – hantamangu,Garunggang,Simpur,1,1,313,0,0,1860.7,2224.4,7617.1,1155.9,8996.6,0,0,0,0,0,1,3,2023,1,1,3,2023,2,1,3,2023,3,1,1,1,0,0,1,1,1,0,0,0,0,0,0,0,0,0,0,0,0,0,220
77,Gerilya - Ds. Simpur,gerilya – desa simpur,"Simpur, Tebing Tinggi",Simpur,2,1,827,0,1,2082.5,1257.4,7886,568.8,9265.5,0,0,0,0,0,0,0,,,0,0,,,0,0,,,0,0,0,0,0,0,0,0,0,0,0,0,0,0,0,0,0,0,0,0,0,232
78,Gerilya / (Depan PUSTU Habirau),gerilya depan pustu habirau,Habirau,Daha Selatan,1,1,771,0,0,2087.4,657.1,3045.9,341.5,29659,0,0,0,0,0,0,0,,,0,0,,,0,0,,,0,0,0,0,0,0,0,0,0,0,0,0,0,0,0,1,0,0,0,1,0,297
79,Goha - Ds. Amawang Kanan,goha – desa amawang kanan,Amawang Kanan,Kandangan,1,1,630,0,0,2508.7,2658.7,2185.2,1236.8,2363.7,0,0,0,0,0,0,0,,,1,1,2024,1,1,1,2024,2,0,0,0,1,0,0,0,0,0,0,0,0,0,1,0,0,0,0,0,0,0,344
80,Gumbil - Masimpan,gumbil – masimpan,"Gumbil, Mandala",Telaga Langsat,2,1,1110,0,0,8342.9,2875.1,16421.6,404.8,14820.3,0,0,0,0,0,1,1,2023,1,1,2,2024,1,1,3,2025,1,0,0,1,1,1,0,0,1,1,1,0,0,0,0,0,0,0,0,0,0,0,196
81,Guru H. Izim - Ds. Pantai Ulin,guru h izim – desa pantai ulin,"Panjampang Bahagia, Pantai Ulin, Ulin",Simpur,3,1,1775,0,0,4802.4,2469.6,6511.4,1016.5,6676,0,0,0,0,0,0,0,,,0,0,,,0,0,,,0,0,0,0,0,0,0,0,0,0,0,0,0,0,0,0,0,0,0,0,0,226
82,H. Jarkasi - Ds. Sungai Paring,h jarkasi – desa sei paring,Sungai Paring,Kandangan,1,1,576,0,1,2541.1,2421.3,2900.2,285.2,2396.2,0,0,0,0,0,0,0,,,0,0,,,0,0,,,0,0,0,0,0,0,0,0,0,0,0,0,0,0,0,0,0,0,0,0,0,074
83,H. Saim Garunggang - Kalimput,h saim garunggang – kalimput,Garunggang,Simpur,1,1,313,0,0,2110.9,1506.2,7867.3,817.5,9246.8,0,0,0,0,0,0,0,,,0,0,,,0,0,,,0,0,0,0,0,0,0,0,0,0,0,0,0,0,0,0,0,0,0,0,0,230
84,H.M. Thaib,h m thaib,Baruh Kembang,Daha Utara,1,1,870,1,0,2175.7,1937.1,3394.6,0,30007.7,0,0,0,0,0,0,0,,,0,0,,,0,0,,,0,0,0,0,0,0,0,0,0,0,0,0,0,0,0,0,0,0,0,0,0,314
85,Habib,habib,Sungai Pinang,Daha Selatan,1,1,706,0,0,1239.3,413.9,2322,75.5,28935.1,0,0,0,0,0,0,0,,,0,0,,,0,0,,,0,0,0,0,0,0,0,0,0,0,0,0,0,0,0,0,0,0,0,0,0,294
86,Habib Ibrahim - Ds. Sei Mandala,habib ibrahim – desa sei mandala,Sungai Mandala,Daha Utara,1,1,489,1,0,609.3,370.6,1828.1,75,28441.3,0,0,0,0,0,0,0,,,0,0,,,1,1,2025,1,0,0,0,0,1,0,0,0,0,0,0,0,0,0,1,0,0,0,0,0,0,319
87,Hakurung Dalam - Ds. Sungai Haji,hakurung dalam – desa sei haji,Hakurung,Daha Utara,1,1,670,0,0,9408.8283,9355,14749.7,139.7,41472.5,0,0,0,0,0,0,0,,,0,0,,,0,0,,,0,0,0,0,0,0,0,0,0,0,0,0,0,0,0,0,0,0,0,0,0,337
88,Halaban,halaban,"Amparaya, Garunggang",Simpur,2,1,903,0,0,2999,3569.4,8755.4,786,9035.9,0,0,0,0,0,1,3,2023,1,1,3,2023,2,1,3,2023,3,1,1,1,0,0,1,1,1,0,0,0,0,0,0,0,0,1,0,0,0,1,213
89,Halayung - Hantarukung,halayung – hantarukung,"Ulin, Wasah Hilir",Simpur,2,1,1354,0,0,2693.7,1953.7,5995.5,1377.9,6160.2,0,0,0,0,0,1,3,2023,1,1,4,2024,1,1,4,2024,2,1,1,1,1,0,1,1,1,0,0,0,0,0,1,0,1,0,1,0,0,0,203
90,Halunuk - Riam Tajam/Talo - Hamak Umpaya,halunuk – riam tajam talo – hamak umpaya,"Halunuk, Hamak Utara, Panggungan","Loksado, Telaga Langsat",3,2,810,0,1,18029.7,13987,20240.1,409.1,20142.5,0,0,0,0,0,0,0,,,1,1,2024,1,1,1,2024,2,0,0,0,1,0,0,0,0,0,0,0,0,0,1,0,0,1,0,0,0,1,266
91,Hamak - Umbai,hamak – umbai,Hamak,Telaga Langsat,1,1,166,0,0,23529,19486.3,25739.4,2928.3,25641.8,0,0,0,0,0,1,1,2023,1,1,1,2023,2,1,1,2023,3,0,0,1,0,0,0,0,1,0,0,0,0,0,0,0,0,0,0,0,0,0,198
92,Hamak Timur - Umpaya,hamak timur – umpaya,"Hamak Timur, Hamak Utara",Telaga Langsat,2,1,622,0,0,20707.8,16665,22918.2,1957.6,22820.5,0,0,0,0,0,0,0,,,1,1,2024,1,1,1,2024,2,0,0,0,1,0,0,0,0,1,0,0,0,0,0,0,0,0,0,0,0,0,197
93,Hamak Utara - Samaragi,hamak utara – samaragi,Hamak Timur,Telaga Langsat,1,1,251,0,0,17179.1,13136.4,19389.5,558.3,19291.8,0,0,0,0,0,0,0,,,0,0,,,0,0,,,0,0,0,0,0,0,0,0,0,0,0,0,0,0,0,0,0,0,0,0,0,199
94,Hamalau - Anjiran,hamalau – anjiran,"Hamalau, Telaga Bidadari",Sungai Raya,2,1,1505,0,0,2537.2,2687.3,910.5,858.4,2582.3,0,0,0,0,0,1,1,2023,1,1,2,2024,1,1,3,2025,1,0,0,1,1,1,0,0,1,1,1,0,0,0,0,0,0,1,0,0,0,1,086
95,Hamalau - Asam Cangkok,hamalau – asam cangkok,"Amawang Kanan, Telaga Bidadari","Kandangan, Sungai Raya",2,2,1298,0,0,2325.9,2475.9,1443.4,1418.4,2371,0,0,0,0,0,0,0,,,0,0,,,1,1,2025,1,0,0,0,0,1,0,0,0,0,1,0,0,0,0,0,0,0,0,0,0,0,118
96,Hamalau - Ganda,hamalau – ganda,"Baluti, Hamalau, Pahampangan","Kandangan, Padang Batung, Sungai Raya",3,3,2554,0,0,2409.4,2559.5,1239.3,370.5,2727.8,0,0,0,0,0,1,1,2023,1,1,2,2024,1,1,2,2024,2,0,0,1,1,0,0,0,1,0,0,0,0,0,1,0,0,1,0,0,0,1,106
97,Hamalau - Pahampangan,hamalau – pahampangan,"Hamalau, Karasikan",Sungai Raya,2,1,1245,0,1,2781.2,2931.3,1637.8,705.9,3099.5,0,0,0,0,0,0,0,,,1,1,2024,1,1,1,2024,2,0,0,0,1,0,0,0,0,0,0,0,0,0,1,0,0,0,0,0,0,0,098
98,Hamalau - Telaga Bidadari - Wasah Hilir,hamalau – telaga bidadari – wasah hilir,"Hamalau, Kapuh, Telaga Bidadari, Wasah Hilir","Simpur, Sungai Raya",4,2,2916,0,1,2573.5,2569.4,3230,535.6,4628.6,0,0,0,0,0,1,1,2023,1,1,1,2023,2,1,1,2023,3,0,0,1,0,0,0,0,0,0,0,0,0,1,0,0,0,0,0,0,0,0,102
99,Hamayung - Hakurung Dalam,hamayung – hakurung dalam,"Hakurung, Hamayung",Daha Utara,2,1,1435,1,0,9408.8,11892.5,17293.2,87.8,43906.3,0,0,0,0,0,1,2,2023,1,1,2,2023,2,1,2,2023,3,1,0,1,0,0,0,0,1,0,0,1,0,0,0,0,0,0,0,0,0,0,334
100,Harapan (SDN Habirau II)/ Sei. Palangan,harapan sdn habirau ii sei palangan,Habirau Tengah,Daha Selatan,1,1,741,0,0,2252,901.6,3290.5,0,29903.6,0,0,0,0,0,0,0,,,0,0,,,0,0,,,0,0,0,0,0,0,0,0,0,0,0,0,0,0,0,0,0,0,0,0,0,298
101,Haratai 2 (Balai Ujung Atas) SDN Haratai2,haratai 2 balai ujung atas sdn haratai2,"Haratai, Ulang",Loksado,2,1,501,0,0,38688.8,4781.2,40899.2,918.1,40801.6,0,0,0,0,0,1,1,2022,2,1,2,2024,1,1,2,2024,2,0,1,0,1,0,0,1,0,1,0,0,0,0,0,0,0,0,0,0,0,0,277
102,Haratai 3 (Balai Kedayang) / SDN Haratai 3,haratai 3 balai kedayang sdn haratai 3,Haratai,Loksado,1,1,235,0,0,41201.5,7293.9,43411.9,1185.3,43314.3,0,0,0,0,0,1,3,2023,1,1,3,2023,2,1,3,2023,3,1,1,1,0,0,1,1,1,0,0,0,0,0,0,0,0,0,0,0,0,0,276
103,Haritas (PT. Pertani),haritas pt pertani,"Batang Kulur Tengah, Hariti",Sungai Raya,2,1,424,0,1,3313.7,1973.7,6467.9,0,8139.8,0,0,0,0,0,1,1,2021,3,1,1,2021,4,1,1,2021,5,1,0,0,0,0,0,0,0,0,0,1,0,0,0,0,0,0,0,0,0,0,110
104,Hariti - Sungai Raya Selatan,hariti – sei raya selatan,"Batang Kulur Kiri, Hariti, Sungai Raya Selatan",Sungai Raya,3,1,1055,0,1,3751.3,3431.5,7925.7,1826.6,9597.5,0,0,0,0,0,0,0,,,1,1,2024,1,1,1,2024,2,0,0,0,1,0,0,0,0,1,0,0,0,0,0,0,0,0,0,0,0,0,119
105,Hulu Banyu - Datar Mangkung - Tumingki,hulu banyu – datar mangkung – tumingki,Tumingki,Loksado,1,1,238,0,0,33381.9,3247.9,35592.3,1965.4,35494.7,0,0,0,0,0,0,0,,,0,0,,,0,0,,,0,0,0,0,0,0,0,0,0,0,0,0,0,0,0,0,0,0,0,0,0,273
106,Hulu Banyu - Pantai Langsat,hulu banyu – pantai langsat,Hulu Banyu,Loksado,1,1,474,1,0,25538.1,10172.5,27748.5,827.3,27650.9,0,0,0,0,0,0,0,,,0,0,,,0,0,,,0,0,0,0,0,0,0,0,0,0,0,0,0,0,0,0,0,0,0,0,0,268
107,Ida Manggala - Padang Makmur,ida manggala – padang makmur,"Ida Manggala, Malutu","Padang Batung, Sungai Raya",2,2,1048,0,1,4947.1,4916.4,10139.1,2876.1,11810.9,0,0,0,0,0,0,0,,,0,0,,,0,0,,,0,0,0,0,0,0,0,0,0,0,0,0,0,0,0,0,0,0,0,0,0,099
108,Inst. PDAM Negara,inst pdam negara,Habirau,Daha Selatan,1,1,771,0,0,1594.2,320.5,2709.3,294.8,29322.4,0,0,0,0,0,0,0,,,0,0,,,0,0,,,0,0,0,0,0,0,0,0,0,0,0,0,0,0,0,0,0,0,0,0,0,296
109,Jafri Zamzam,jafri zamzam,"Amawang Kanan, Amawang Kiri Muka, Bariang",Kandangan,3,1,1747,0,0,1961.9,2111.9,2320.9,690,1816.9,0,0,0,0,0,1,1,2023,1,1,1,2023,2,1,2,2025,1,0,0,1,0,1,0,0,1,0,1,0,0,0,0,0,0,0,0,0,0,0,029
110,Jambu Hulu - Paku Pantai,jambu hulu – paku pantai,Jambu Hulu,Padang Batung,1,1,551,0,0,3614.8,2775.1,5309.1,942.1,5462.2,0,0,0,0,0,0,0,,,0,0,,,0,0,,,0,0,0,0,0,0,0,0,0,0,0,0,0,0,0,0,0,0,0,0,0,169
111,Jangkang - Ds. Wasah Hilir,jangkang – desa wasah hilir,Wasah Hilir,Simpur,1,1,729,0,1,373.9,1215.8,6177.5,446.5,7557,0,0,0,0,0,0,0,,,0,0,,,0,0,,,0,0,0,0,0,0,0,0,0,0,0,0,0,0,0,0,0,0,0,0,0,233
112,Jangkang - Pantai Ulin,jangkang – pantai ulin,"Amawang Kiri, Pantai Ulin, Sungai Paring","Kandangan, Simpur",3,2,2070,0,0,5873,4693.4,6888.2,966.9,5554.7,0,0,0,0,0,1,2,2023,1,1,2,2023,2,1,2,2023,3,1,0,1,0,0,1,0,0,0,0,0,0,1,0,0,0,0,0,0,0,0,062
113,Jarau - Parandakan,jarau – parandakan,Ida Manggala,Sungai Raya,1,1,483,0,0,3231.6,3262.3,9659.2,724.1,11331,0,0,0,0,0,0,0,,,1,1,2024,1,1,1,2024,2,0,0,0,1,0,0,0,0,1,0,0,0,0,0,0,0,0,0,0,0,0,127
114,Jend. Sudirman,jend sudirman,"Hamalau, Tibung Raya","Kandangan, Sungai Raya",2,2,1775,0,1,1696.8,1846.9,121,789.3,1741.9,0,0,0,0,0,0,0,,,0,0,,,0,0,,,0,0,0,0,0,0,0,0,0,0,0,0,0,0,0,0,0,0,0,0,0,034
115,Kacang Parang (Ulang) - Balai Mawak-Kias,kacang parang ulang – balai mawak – kias,"Sungai Kupang, Tawia","Angkinang, Kandangan",2,2,2100,0,0,37625,16570.9,39835.4,3384.4,39737.8,0,0,0,0,0,0,0,,,0,0,,,0,0,,,0,0,0,0,0,0,0,0,0,0,0,0,0,0,0,0,0,0,0,0,0,284
116,Kacang Parang (Ulang) - Balai Wariung,kacang parang ulang – balai wariung,Ulang,Loksado,1,1,266,0,0,35944,14889.9,38154.4,1703.4,38056.7,0,0,0,0,0,0,0,,,0,0,,,0,0,,,0,0,0,0,0,0,0,0,0,0,0,0,0,0,0,0,0,0,0,0,0,285
117,Kalaka Dayuh - Ds. Sungai Raya Utara,kalaka dayuh – desa sei raya utara,Ulang,Loksado,1,1,266,0,0,4245.8,1365.4,3635.4,287.1,5307.2,0,0,0,0,0,1,1,2022,2,1,2,2024,1,1,2,2024,2,0,1,0,1,0,0,1,0,1,0,0,0,0,0,0,0,0,0,0,0,0,134
118,Kalaka Indah - Perumnas Tibung,kalaka indah – perumnas tibung,Sungai Raya Utara,Sungai Raya,1,1,393,0,0,1902.6,2052.7,1348.7,1070.9,2220.9,0,0,0,0,0,0,0,,,0,0,,,0,0,,,0,0,0,0,0,0,0,0,0,0,0,0,0,0,0,0,0,0,0,0,0,065
119,Kalimput Desa Wasah Hilir,kalimput desa wasah hilir,Hamalau,Sungai Raya,1,1,837,0,0,742.3,2005.6,6498.7,37.5,7878.2,0,0,0,0,0,0,0,,,0,0,,,0,0,,,0,0,0,0,0,0,0,0,0,0,0,0,0,0,0,0,0,0,0,0,0,215
120,Kaliring - Sp. Padang Batung,kaliring – sp padang batung,"Garunggang, Wasah Hilir",Simpur,2,1,1042,0,1,2835.6,2319.8,7322.6,1408,5721.3,0,0,0,0,0,0,0,,,0,0,,,0,0,,,0,0,0,0,0,0,0,0,0,0,0,0,0,0,0,0,1,0,0,0,1,144
121,Kalumpang - Balimau,kalumpang – balimau,"Kaliring, Padang Batung",Padang Batung,2,1,952,0,1,5176.3,2782.4,15690,1306.6,17069.5,0,0,0,0,0,1,1,2023,1,1,2,2024,1,1,3,2025,1,0,0,1,1,1,0,0,1,1,0,0,0,0,0,1,0,0,0,0,0,0,247
122,Kalumpang - Baruh,kalumpang – baruh,"Bago Tanggul, Balanti, Balimau, Kalumpang, Karang Bulan",Kalumpang,5,1,1270,0,1,3242.8,1603.3,13554.9,1216.1,14934.4,0,0,0,0,0,1,1,2021,3,1,1,2021,4,1,1,2021,5,1,0,0,0,0,1,0,0,0,0,0,0,0,0,0,0,0,0,0,0,0,252
123,Kalumpang (Ds. Balanti) - Teratai,kalumpang desa balanti – teratai,"Kalumpang, Sirih",Kalumpang,2,1,716,0,0,5758,3364.1,16271.6,3221.9,17651.2,0,0,0,0,0,1,1,2023,1,1,1,2023,2,1,1,2023,3,0,0,1,0,0,0,0,1,0,0,0,0,0,0,0,0,0,0,0,0,1,248
124,Kalumpang Selatan - Ds. Asam Tamiyang,kalumpang selatan – desa asam tamiyang,"Balanti, Kalumpang",Kalumpang,2,1,570,0,0,6068.8,5264.4,12201.7,1096,13600.3,0,0,0,0,0,0,0,,,0,0,,,0,0,,,0,0,0,0,0,0,0,0,0,0,0,0,0,0,0,0,0,0,0,0,0,255
125,Kamboja,kamboja,"Asam, Tamiyang",Sungai Raya,2,1,797,0,0,1683.8,112.4,3382.1,85,1519.2,0,0,0,0,0,1,1,2023,1,1,1,2023,2,1,1,2023,3,0,0,1,0,0,0,0,0,0,0,0,0,1,0,0,0,0,0,0,0,0,014
126,Kaminting Batu,kaminting batu,Kandangan Utara,Kandangan,1,1,1142,0,0,2008.7,1250.2,3227.5,0,29840.7,0,0,0,0,0,1,1,2021,3,1,1,2021,4,1,1,2021,5,1,0,0,0,0,0,0,0,0,0,1,0,0,0,0,0,1,0,0,0,1,333
127,Kampung Kawat,kampung kawat,Pakapuran Kecil,Daha Utara,1,1,925,0,0,1881.5,1417.9,3100.4,215,29713.5,0,0,0,0,0,0,0,,,0,0,,,0,0,,,0,0,0,0,0,0,0,0,0,0,0,0,0,0,0,0,1,0,0,0,1,332
128,Kandangan Hulu - Sp. Tabihi,kandangan hulu – sp tabihi,"Kandangan Kota, Karang Jawa Muka, Tabihi","Kandangan, Padang Batung",3,2,4379,0,1,1075.3,1905.9,3266.5,952,1533,0,0,0,0,0,1,2,2023,1,1,3,2024,1,1,3,2024,2,0,1,1,1,0,0,1,1,0,0,0,0,0,1,0,0,0,0,0,0,0,049
129,Kantor Camat Daha Selatan II,kantor camat daha selatan ii,Tumbukan Banyu,Daha Selatan,1,1,923,1,0,988.6,1168.8,1546.7,496.2,28159.8,0,0,0,0,0,0,0,,,0,0,,,0,0,,,0,0,0,0,0,0,0,0,0,0,0,0,0,0,0,0,0,0,0,0,0,307
130,Kantor Camat Loksado II,kantor camat loksado ii,Loksado,Loksado,1,1,346,0,0,33609.8,408.9,35820.2,333.5,35722.5,0,0,0,0,0,0,0,,,0,0,,,1,1,2025,1,0,0,0,0,1,0,0,0,0,1,0,0,0,0,0,0,0,0,0,0,0,270
131,Karampaci - Ds. Kapuh,karampaci – desa kapuh,"Kapuh, Wasah Tengah",Simpur,2,1,1247,0,0,2374.3,2616.4,3485.1,485.4,4883.7,0,0,0,0,0,0,0,,,0,0,,,0,0,,,0,0,0,0,0,0,0,0,0,0,0,0,0,0,0,0,0,0,0,0,0,237
132,Karang Intan - Tanah Bangkang,karang intan – tanah bangkang,"Sungai Raya Selatan, Tanah Bangkang",Sungai Raya,2,1,1083,0,1,3995.5,586.7,4976.4,1315.3,6648.2,0,0,0,0,0,0,0,,,0,0,,,0,0,,,0,0,0,0,0,0,0,0,0,0,0,0,0,0,0,0,0,0,0,0,0,119
133,Karang Jawa -Ambarai - Sungai Bungur,karang jawa – ambarai – sei bungur,"Karang Jawa, Karang Jawa Muka, Madang, Pandulangan",Padang Batung,4,1,2294,0,0,1919.7,2759.4,6664.3,812.9,5063,0,0,0,0,0,1,3,2023,1,1,4,2024,1,1,4,2024,2,1,1,1,1,0,1,1,1,1,0,0,0,0,0,0,0,0,0,0,0,0,138
134,Karasikan - Sarang Halang,karasikan – sarang halang,"Karasikan, Sarang Halang, Telaga Bidadari",Sungai Raya,3,1,1457,0,1,4210.3,3585.8,2583.6,961.6,4255.4,0,0,0,0,0,1,2,2023,1,1,2,2023,2,1,2,2023,3,0,1,1,0,0,0,1,1,0,0,0,0,0,0,0,0,0,0,0,0,1,103
135,Karya Bakti - Ds. Balimau,karya bakti – desa balimau,Balimau,Kalumpang,1,1,310,0,0,7572.6,5178.7,18086.2,716.1,19465.7,0,0,0,0,0,0,0,,,0,0,,,1,1,2025,1,0,0,0,0,1,0,0,0,0,0,0,0,0,0,1,0,0,0,0,0,0,257
136,Kayu Abang - Ds. Anjiran,kayu abang – desa anjiran,"Bamban, Kayu Abang",Angkinang,2,1,1286,0,0,3487.3,2758.9,11780.9,1002.5,9918,0,0,0,0,0,0,0,,,0,0,,,0,0,,,0,0,0,0,0,0,0,0,0,0,0,0,0,0,0,0,0,0,0,0,0,185
137,Kayu Abang - Paya,kayu abang – paya,Kayu Abang,Angkinang,1,1,787,0,0,2912,3645.1,11001.8,714.4,9138.9,0,0,0,0,0,0,0,,,0,0,,,0,0,,,0,0,0,0,0,0,0,0,0,0,0,0,0,0,0,0,0,0,0,0,0,190
138,Kenanga,kenanga,Kandangan Utara,Kandangan,1,1,1142,0,0,781.6,796.9,2773.5,196.3,910.6,0,0,0,0,0,0,0,,,0,0,,,0,0,,,0,0,0,0,0,0,0,0,0,0,0,0,0,0,0,0,0,0,0,0,0,012
139,Kenanga - Ds. Baruh Kambang,kenanga – desa baruh kambang,Baruh Kembang,Daha Utara,1,1,870,1,0,1729.3,1490.7,2948.2,0,29561.3,0,0,0,0,0,0,0,,,0,0,,,0,0,,,0,0,0,0,0,0,0,0,0,0,0,0,0,0,0,0,0,0,0,0,0,315
140,Keramat Sakti - Ds. Tebing Tinggi,keramat sakti – desa tebing tinggi,Tebing Tinggi,Simpur,1,1,404,0,1,2008.8,2598.1,9226.6,816.8,10606.1,0,0,0,0,0,0,0,,,1,1,2024,1,1,1,2024,2,0,0,0,1,0,0,0,0,0,0,0,0,0,1,0,0,0,0,0,0,0,350
141,Kesehatan - Komp. Rmh Dokter,kesehatan – komp rmh dokter,"Baluti, Tibung Raya",Kandangan,2,1,2315,0,1,815.5,1226.2,1738.6,437.7,497.1,0,0,0,0,0,0,0,,,0,0,,,0,0,,,0,0,0,0,0,0,0,0,0,0,0,0,0,0,0,0,0,0,0,0,0,037
142,KH. Ramli - DS. Amparaya,kh ramli – desa amparaya,Amparaya,Simpur,1,1,590,0,0,2561.3,3131.7,8317.7,895.7,8598.2,0,0,0,0,0,1,1,2023,1,1,1,2023,2,1,1,2023,3,0,0,1,0,0,0,0,1,0,0,0,0,0,0,0,0,0,0,0,0,0,221
143,Kolonel Sugiono,kolonel sugiono,Kandangan Barat,Kandangan,1,1,1874,0,0,1289.5,1832.6,2664.3,61.8,971.2,0,0,0,0,0,0,0,,,1,1,2024,1,1,1,2024,2,0,0,0,1,0,0,0,0,0,0,0,0,0,1,0,0,0,0,0,0,0,024
144,KS. Tubun,ks tubun,"Kandangan Barat, Kandangan Utara",Kandangan,2,1,3016,0,1,1258.6,1191.3,3413.4,625.1,1550.5,0,0,0,0,0,1,1,2023,1,1,1,2023,2,1,1,2023,3,0,0,1,0,0,0,0,0,0,0,0,0,1,0,0,0,1,0,0,0,1,016
145,Lambuk - Ds. Tumingki,lambuk – desa tumingki,Tumingki,Loksado,1,1,238,0,0,31022.2,6215.7,33232.6,1002.3,33135,0,0,0,0,0,1,1,2023,1,1,1,2023,2,1,1,2023,3,0,0,1,0,0,0,0,1,0,0,0,0,0,0,0,0,0,0,0,0,0,274
146,Loklahung - Kamawakan,loklahung – kamawakan,"Kamawakan, Lok Lahung, Tumingki",Loksado,3,1,521,0,0,37536.6,5049.7,39747,636.3,39649.4,0,0,0,0,0,1,2,2023,1,1,3,2024,1,1,4,2025,1,0,1,1,1,1,0,1,1,0,0,0,0,0,1,1,0,0,0,0,0,0,261
147,Loklahung - Malaris,loklahung – malaris,Lok Lahung,Loksado,1,1,138,0,0,35235,2018.5,37445.4,413.6,37347.8,0,0,0,0,0,1,1,2023,1,1,2,2024,1,1,2,2024,2,0,0,1,1,0,0,0,1,1,0,0,0,0,0,0,0,0,0,0,0,0,264
148,Loksado - Haratai,loksado – haratai,"Haratai, Loksado",Loksado,2,1,581,1,0,37205.7,3298.1,39416.1,2401.2,39318.4,0,0,0,0,0,0,0,,,1,1,2024,1,1,1,2024,2,0,0,0,1,0,0,0,0,1,0,0,0,0,0,0,0,0,0,0,0,0,260
149,Loksado - Loklahung,loksado – loklahung,"Lok Lahung, Loksado",Loksado,2,1,484,1,0,34216.6,1000,36427,307.1,36329.4,0,0,0,0,0,0,0,,,0,0,,,0,0,,,0,0,0,0,0,0,0,0,0,0,0,0,0,0,0,1,0,0,0,1,0,259
150,Loksado - Pantai Dusin,loksado – pantai dusin,"Loksado, Tumingki",Loksado,2,1,584,1,0,34399.4,1719.1,36609.8,1643.7,36512.2,0,0,0,0,0,0,0,,,0,0,,,0,0,,,0,0,0,0,0,0,0,0,0,0,0,0,0,0,0,0,0,0,0,0,0,286
151,Longawang - Gumbil,longawang – gumbil,"Gumbil, Longawang",Telaga Langsat,2,1,912,0,0,6121.3,3023,15880.5,292,14017.6,0,0,0,0,0,1,1,2023,1,1,2,2024,1,1,3,2025,1,0,0,1,1,1,0,0,1,1,1,0,0,0,0,0,0,0,0,0,0,0,194
152,Lorong Bupati,lorong bupati,Kandangan Kota,Kandangan,1,1,3189,0,0,575.9,1149.1,2120.5,0,257.6,0,0,0,0,0,1,1,2023,1,1,1,2023,2,1,1,2023,3,0,0,1,0,0,0,0,0,0,0,0,0,1,0,0,0,0,0,0,0,0,081
153,Madang - Ambutun,madang – ambutun,"Ambutun, Madang","Padang Batung, Telaga Langsat",2,2,700,0,0,4661.4,4844.4,9406.1,1615.3,7804.8,0,0,0,0,0,1,1,2023,1,1,1,2023,2,1,1,2023,3,0,0,1,0,0,0,0,1,0,0,0,0,0,0,0,0,0,0,0,0,0,152
154,Makam Habib - Desa Lumpangi,makam habib – desa lumpangi,Lumpangi,Loksado,1,1,385,1,1,21094.2,8100.1,23304.6,219.7,23207,0,0,0,0,0,1,1,2021,3,1,1,2021,4,1,1,2021,5,1,0,0,0,0,1,0,0,0,0,0,0,0,0,0,0,0,0,0,0,0,279
155,Malaris - Loapanggang,malaris – loapanggang,Lok Lahung,Loksado,1,1,138,0,0,790352350,79020185,37445.479,413.679,38542.8,0,0,0,0,0,0,0,,,0,0,,,0,0,,,0,0,0,0,0,0,0,0,0,0,0,0,0,0,0,0,0,0,0,0,0,275
156,Malilingin - Lokbahan - Paniungan,malilingin – lokbahan – paniungan,Malilingin,Padang Batung,1,1,371,0,0,18164.7,14215,20375.1,802.2,20277.5,0,0,0,0,0,1,1,2023,1,1,2,2024,1,1,2,2024,2,0,0,1,1,0,0,0,0,1,0,0,0,1,0,0,1,0,0,0,1,0,141
157,Malilingin - Muara Hariang,malilingin – muara hariang,"Batu Bini, Malilingin",Padang Batung,2,1,1090,0,0,15110.7,11161,17321.1,858.1,17223.5,0,0,0,0,0,0,0,,,0,0,,,0,0,,,0,0,0,0,0,0,0,0,0,0,0,0,0,0,0,0,0,0,0,0,0,157
158,Malinau - Kandihin,malinau – kandihin,"Halunuk, Malinau",Loksado,2,1,746,0,1,29795.6,3662.6,32006,2306.6,31908.3,0,0,0,0,0,0,0,,,0,0,,,0,0,,,0,0,0,0,0,0,0,0,0,0,0,0,0,0,0,0,0,0,0,0,0,287
159,Malinau - Katingin - Kamawakan,malinau – katingin – kamawakan,"Kamawakan, Malinau, Tumingki",Loksado,3,1,826,0,1,32644,5566,34854.4,5215.4,34756.8,0,0,0,0,0,1,1,2023,1,1,1,2023,2,1,2,2025,1,0,0,1,0,1,0,0,0,0,0,0,0,1,0,1,0,0,0,0,0,0,263
160,Mandampa - Longawang,mandampa – longawang,"Lok Binuang, Longawang, Pakuan Timur",Telaga Langsat,3,1,1073,0,0,3842.4,3621.9,13601.6,722.9,11738.7,0,0,0,0,0,0,0,,,0,0,,,0,0,,,0,0,0,0,0,0,0,0,0,0,0,0,0,0,0,0,1,0,1,0,0,195
161,Mandapai - Madang,mandapai – madang,"Batu Bini, Madang",Padang Batung,2,1,1167,0,1,6152.3,6491.7,10897,231.7,9295.7,0,0,0,0,0,1,1,2023,1,1,1,2023,2,1,2,2025,1,0,0,1,0,1,0,0,1,0,1,0,0,0,0,0,0,0,0,0,0,0,143
162,Mangamol - Ds. Pantai Ulin,mangamol – desa pantai ulin,"Pantai Ulin, Ulin",Simpur,2,1,1333,0,0,5072.3,2739.5,6781.3,1099.5,6945.9,0,0,0,0,0,0,0,,,1,1,2024,1,1,1,2024,2,0,0,0,1,0,0,0,0,0,0,0,0,0,1,0,0,0,0,0,0,0,225
163,Mangaris - Limau Manis,mangaris – limau manis,"Hariti, Ida Manggala",Sungai Raya,2,1,699,0,1,4079.9,4049.2,9016.5,1953.1,10688.3,0,0,0,0,0,0,0,,,0,0,,,0,0,,,0,0,0,0,0,0,0,0,0,0,0,0,0,0,0,0,0,0,0,0,0,120
164,Manggis - Ds. Baru,manggis – desa baru,"Asam, Baru (Sungai Raya) , Sungai Kali",Sungai Raya,3,1,918,0,0,3496.7,2643.3,9580.6,1024,10979.2,0,0,0,0,0,0,0,,,1,1,2024,1,1,1,2024,2,0,0,0,1,0,0,0,0,0,0,0,0,0,1,0,0,0,0,0,0,0,131
165,Mangunang - Ds. Sungai Raya Utara,mangunang – desa sei raya utara,Sungai Raya Utara,Sungai Raya,1,1,393,0,1,4487.9,1607.4,3210.8,580.7,4882.7,0,0,0,0,0,1,1,2023,1,1,1,2023,2,1,1,2023,3,0,0,1,0,0,0,0,1,0,0,0,0,0,0,0,0,1,0,1,0,0,117
166,Matang Gadung - Halalang,matang gadung – halalang,Telaga Bidadari,Sungai Raya,1,1,668,0,0,4563,3628.5,2936.3,1004.3,4608.1,0,0,0,0,0,0,0,,,1,1,2024,1,1,1,2024,2,0,0,0,1,0,0,0,0,0,0,0,0,0,1,0,0,0,0,0,0,0,115
167,Mawangi - Bukuanin - Telaga Langsat,mawangi – bukuanin – telaga langsat,"Hamak, Hamak Timur, Mandala, Mawangi","Padang Batung, Telaga Langsat",4,2,1371,0,1,17414.7,13372,19625.1,15.7,19527.5,0,0,0,0,0,1,2,2023,1,1,3,2024,1,1,4,2025,1,1,0,1,1,1,1,0,1,1,1,0,0,0,0,0,0,1,0,0,0,1,142
168,Mawangi - Pariangan,mawangi – pariangan,"Batu Bini, Mawangi",Padang Batung,2,1,1137,0,1,10447.4,6404.7,12657.8,712,12560.2,0,0,0,0,0,1,3,2023,1,1,3,2023,2,1,3,2023,3,1,1,1,0,0,1,1,1,0,0,0,0,0,0,0,0,0,0,0,0,0,158
169,Mawar (Kandangan Utara),mawar kandangan utara,Kandangan Utara,Kandangan,1,1,1142,0,0,1047.6,523.8,2745.9,76.8,29136.3,0,0,0,0,0,1,1,2023,1,1,1,2023,2,1,1,2023,3,0,0,1,0,0,0,0,0,0,0,0,0,1,0,0,0,0,0,0,0,0,013
170,Mawar (Daha Selatan),mawar daha selatan,Sungai Pinang,Daha Selatan,1,1,706,0,0,1399.3,205.3,2523.2,248.6,883,0,0,0,0,0,0,0,,,0,0,,,0,0,,,0,0,0,0,0,0,0,0,0,0,0,0,0,0,0,0,0,0,0,0,0,295
171,Menuju SMP 7 - Ds. Gambah Dalam,menuju smp 7 – desa gambah dalam,"Gambah Dalam, Gambah Dalam Barat, Gambah Luar",Kandangan,3,1,1887,1,0,4729.7,3206.6,6491.3,314.1,4628.4,0,0,0,0,0,0,0,,,0,0,,,0,0,,,0,0,0,0,0,0,0,0,0,0,0,0,0,0,0,0,0,0,0,0,0,078
172,Menuju SMPN Malilingin,menuju smpn malilingin,Malilingin,Padang Batung,1,1,371,0,0,12975.4,9025.7,15185.8,305.1,15088.2,0,0,0,0,0,0,0,,,0,0,,,0,0,,,0,0,0,0,0,0,0,0,0,0,0,0,0,0,0,0,0,0,0,0,0,163
173,Menuju Stadion 2 Desember,menuju stadion 2 desember,Baluti,Kandangan,1,1,1377,0,1,1857.9,2008,2128.1,1110.1,2176.2,0,0,0,0,0,1,2,2022,2,1,2,2022,3,1,2,2022,4,1,1,0,0,0,0,0,0,0,0,1,1,0,0,0,1,0,0,0,1,0,007
174,Merah Johansyah - Melati,merah johansyah – melati,"Kandangan Kota, Kandangan Utara",Kandangan,2,1,4331,0,1,675.3,916.5,2386.1,315.9,523.2,0,0,0,0,0,0,0,,,1,1,2024,1,1,1,2024,2,0,0,0,1,0,0,0,0,0,0,0,0,0,1,0,0,0,0,0,0,0,006
175,Mesjid Quba,mesjid quba,Amawang Kanan,Kandangan,1,1,630,0,1,1844.4,1994.5,2203.5,572.6,1699.5,0,0,0,0,0,0,0,,,0,0,,,0,0,,,0,0,0,0,0,0,0,0,0,0,0,0,0,0,0,0,0,0,0,0,0,059
176,MIN Pandak Daun,min pandak daun,"Pandak Daun, Paramaian",Daha Utara,2,1,1018,0,0,3011.5,2376.2,4230.4,719.4,30843.5,0,0,0,0,0,0,0,,,0,0,,,0,0,,,0,0,0,0,0,0,0,0,0,0,0,0,0,0,0,0,0,0,0,0,0,325
177,Mondar (Ulin-Pantai Ulin) - Ds. Ulin,mondar ulin – pantai ulin – desa ulin,"Pantai Ulin, Ulin",Simpur,2,1,1333,0,0,5003.7,2670.9,6712.7,1226.5,6877.3,0,0,0,0,0,1,1,2022,2,1,1,2022,3,1,1,2022,4,0,1,0,0,0,0,1,0,0,0,0,0,0,0,0,0,0,0,0,0,0,223
178,Monumen 17 Mei - Mandapai,monumen 17 mei – mandapai,Batu Bini,Padang Batung,1,1,719,0,0,7867.5,3824.8,10077.9,1206.6,9980.3,0,0,0,0,0,0,0,,,0,0,,,0,0,,,0,0,0,0,0,0,0,0,0,0,0,0,0,0,0,0,0,0,0,0,0,153
179,Muara Banta - Karang Jawa,muara banta – karang jawa,"Kandangan Kota, Karang Jawa Muka","Kandangan, Padang Batung",2,2,3708,0,1,2252.4,1999.5,3967.4,1087.9,2366.1,0,0,0,0,0,0,0,,,0,0,,,0,0,,,0,0,0,0,0,0,0,0,0,0,0,0,0,0,0,0,0,0,0,0,0,047
180,Muara Hariang - Bayumbung,muara hariang – bayumbung,"Batu Bini, Halunuk","Loksado, Padang Batung",2,2,1022,0,0,12390.8,8348.1,14601.2,2435.3,14503.6,0,0,0,0,0,1,1,2023,1,1,1,2023,2,1,1,2023,3,0,0,1,0,0,0,0,1,0,0,0,0,0,0,0,0,0,0,0,0,0,165
181,Muara Kitar - Desa Lumpangi,muara kitar – desa lumpangi,Lumpangi,Loksado,1,1,385,0,1,21696.1,7530,23906.5,558.6,23808.9,0,0,0,0,0,1,1,2023,1,1,1,2023,2,1,1,2023,3,0,0,1,0,0,0,0,1,0,0,0,0,0,0,0,0,0,0,0,0,0,267
182,Muara Pipii - Tambak Pipii,muara pipii – tambak pipii,Batu Laki,Padang Batung,1,1,507,0,0,23282.2,19332.4,25492.6,37.2,25394.9,0,0,0,0,0,0,0,,,0,0,,,0,0,,,0,0,0,0,0,0,0,0,0,0,0,0,0,0,0,0,0,0,0,0,0,155
183,Munggu Raya - Ds. Hariti,munggu raya – desa hariti,Hariti,Sungai Raya,1,1,216,0,1,2846.7,2090.9,6585.1,910.7,8256.9,0,0,0,0,0,0,0,,,0,0,,,0,0,,,0,0,0,0,0,0,0,0,0,0,0,0,0,0,0,0,0,0,0,0,0,121
184,Mungkur Galah - Lokpaikat,mungkur galah – lokpaikat,Bumi Berkat,Sungai Raya,1,1,259,0,0,5125.6,5156.3,12297.5,431.3,13969.3,0,0,0,0,0,0,0,,,0,0,,,0,0,,,0,0,0,0,0,0,0,0,0,0,0,0,0,0,0,0,0,0,0,0,0,128
185,Muning Tengah - Batang Alai (Pihanin Raya),muning tengah – batang alai pihanin raya,"Muning Tengah, Pihanin Raya",Daha Selatan,2,1,1509,1,0,,,,2414,,1,1,1,1,0,1,1,2021,3,1,1,2021,4,1,1,2021,5,1,0,0,0,0,0,0,0,0,0,1,0,0,0,0,0,0,0,0,0,0,301
186,Muning Tengah - Ds. Muning Dalam,muning tengah – desa muning dalam,"Muning Dalam, Muning Tengah",Daha Selatan,2,1,702,1,0,,,,8055.3,,1,1,1,1,0,0,0,,,1,1,2024,1,1,1,2024,2,0,0,0,1,0,0,0,0,0,0,0,0,0,1,0,0,0,0,0,0,0,302
187,Musyawarah (Kandangan),musyawarah kandangan,"Kandangan Barat, Kandangan Kota",Kandangan,2,1,5063,0,1,868.8,979.1,2413.4,126.3,28513.6,0,0,0,0,0,0,0,,,0,0,,,0,0,,,0,0,0,0,0,0,0,0,0,0,0,0,0,0,0,0,0,0,0,0,0,020
188,Musyawarah (Nagara),musyawarah nagara,Tumbukan Banyu,Daha Selatan,1,1,923,0,0,747.7,826.7,1900.4,218.6,550.5,0,0,0,0,0,0,0,,,0,0,,,0,0,,,0,0,0,0,0,0,0,0,0,0,0,0,0,0,0,0,0,0,0,0,0,292
189,Negara - Tumbukan Banyu,negara – tumbukan banyu,"Bayanan, Tumbukan Banyu",Daha Selatan,2,1,1550,1,0,0,635.3,1218.9,374,27832,0,0,0,0,0,0,0,,,0,0,,,0,0,,,0,0,0,0,0,0,0,0,0,0,0,0,0,0,0,0,0,0,0,0,0,304
190,Newangsekarti - Ds. Gambah Luar Muka,newangsekarti – desa gambah luar muka,Gambah Luar Muka,Kandangan,1,1,775,0,1,3005.6,1468.3,4799.3,181.9,2936.4,0,0,0,0,0,0,0,,,0,0,,,0,0,,,0,0,0,0,0,0,0,0,0,0,0,0,0,0,0,0,0,0,0,0,0,070
191,Niagara (Ds. Halunuk) - Ayan,niagara desa halunuk – ayan,Halunuk,Loksado,1,1,303,0,1,13549.6,9506.8,15760,3510.6,15662.3,0,0,0,0,0,0,0,,,0,0,,,1,1,2025,1,0,0,0,0,1,0,0,0,0,0,0,0,0,0,1,0,0,0,0,0,0,262
192,Nomura,nomura,"Jambu Hilir, Kandangan Kota",Kandangan,2,1,5039,0,0,1650.5,975.7,2943.6,503.6,1781.7,0,0,0,0,0,0,0,,,0,0,,,0,0,,,0,0,0,0,0,0,0,0,0,0,0,0,0,0,0,0,0,0,0,0,0,080
193,Nusa Indah,nusa indah,Kandangan Utara,Kandangan,1,1,1142,0,0,591.1,980.3,2783.1,386.8,920.2,0,0,0,0,0,0,0,,,0,0,,,0,0,,,0,0,0,0,0,0,0,0,0,0,0,0,0,0,0,0,0,0,0,0,0,010
194,Padang Batung - Batulaki - Malilingin,padang batung – batulaki – malilingin,"Batu Laki, Durian Rabung, Jelatang, Malilingin, Padang Batung",Padang Batung,5,1,1863,0,1,8440.6,4490.9,10651,290.7,10553.4,0,0,0,0,0,1,1,2021,3,1,2,2024,1,1,3,2025,1,1,0,0,1,1,1,0,0,0,0,0,0,0,1,1,0,0,0,0,0,0,140
195,Padang Haur - Ds. Wasah Tengah,padang haur – desa wasah tengah,"Ulin, Wasah Tengah",Simpur,2,1,1190,0,1,2158.3,977.1,5204.5,1039.7,5665.1,0,0,0,0,0,1,1,2023,1,1,1,2023,2,1,2,2025,1,0,0,1,0,1,0,0,1,0,1,0,0,0,0,0,0,0,0,0,0,0,231
196,Padang Palas,padang palas,Amawang Kiri,Kandangan,1,1,786,0,0,5334,4207.6,6349.2,481.1,5015.7,0,0,0,0,0,0,0,,,0,0,,,0,0,,,0,0,0,0,0,0,0,0,0,0,0,0,0,0,0,0,0,0,0,0,0,063
197,Padang Rasau (Tambak Tamiang) - Paku Pantai,padang rasau tambak tamiang – paku pantai,"Baluti, Jambu Hulu","Kandangan, Padang Batung",2,2,1928,0,0,4307.5,3805.9,4316.5,79.2,4625.8,0,0,0,0,0,0,0,,,0,0,,,0,0,,,0,0,0,0,0,0,0,0,0,0,0,0,0,0,0,0,0,0,0,0,0,161
198,Pagar  Haur - Malutu,pagar haur – malutu,Jelatang,Padang Batung,1,1,373,0,0,8716.9,4767.1,10927.3,566.9,10829.6,0,0,0,0,0,1,2,2023,1,1,2,2023,2,1,3,2025,1,1,0,1,0,1,1,0,1,0,0,0,0,0,0,1,0,0,0,0,0,0,145
199,Pagat Batu - Muara Hariang,pagat batu – muara hariang,Batu Bini,Padang Batung,1,1,719,0,1,8420.8,4378.1,10631.2,1759.9,10533.6,0,0,0,0,0,1,1,2022,2,1,2,2024,1,1,2,2024,2,0,1,0,1,0,0,0,0,0,0,0,1,0,1,0,0,0,0,0,0,0,148
200,Paharuangan - Asam Dua,paharuangan – asam dua,Sungai Raya Selatan,Sungai Raya,1,1,588,0,0,4931.7,2122.4,6512,2411.6,8183.9,0,0,0,0,0,0,0,,,1,1,2024,1,1,1,2024,2,0,0,0,1,0,0,0,0,1,0,0,0,0,0,0,0,1,0,0,0,1,122
201,Paharuangan - Sei. Raya Selatan,paharuangan – sei raya selatan,Sungai Raya Selatan,Sungai Raya,1,1,588,0,0,4610.6,1457.8,5847.5,2090.4,7519.3,0,0,0,0,0,1,1,2022,2,1,1,2022,3,1,1,2022,4,0,1,0,0,0,0,0,0,0,0,0,1,0,0,0,0,0,0,0,0,0,111
202,Pajah Api - Ds. Kapuh,pajah api – desa kapuh,"Kapuh, Wasah Tengah",Simpur,2,1,1247,0,0,3337.8,3247.5,3308.3,833.6,4706.9,0,0,0,0,0,0,0,,,1,1,2024,1,1,1,2024,2,0,0,0,1,0,0,0,0,0,0,0,0,0,1,0,0,0,0,0,0,0,244
203,Pakan Dalam - Kaminting Batu,pakan dalam – kaminting batu,"Pakan Dalam, Pakapuran Kecil, Panggandingan, Tambak Bitin, Tambangan","Daha Selatan, Daha Utara",5,2,4562,0,0,1580.3,945,2799.2,422.7,29412.3,0,0,0,0,0,0,0,,,0,0,,,0,0,,,0,0,0,0,0,0,0,0,0,0,0,0,0,0,0,0,0,0,0,0,0,328
204,Pakan Dalam I,pakan dalam i,Tambak Bitin,Daha Utara,1,1,539,0,0,1383.3,748,2602.2,86.4,29215.3,0,0,0,0,0,0,0,,,0,0,,,0,0,,,0,0,0,0,0,0,0,0,0,0,0,0,0,0,0,0,0,0,0,0,0,321
205,Pakan Dalam II,pakan dalam ii,Pakan Dalam,Daha Utara,1,1,727,0,0,1686.7,1051.4,2905.6,177,29518.7,0,0,0,0,0,0,0,,,0,0,,,0,0,,,0,0,0,0,0,0,0,0,0,0,0,0,0,0,0,0,0,0,0,0,0,322
206,Pakan Dalam III,pakan dalam iii,Pakan Dalam,Daha Utara,1,1,727,0,0,1984.4,1349.1,3203.3,201.1,29816.4,0,0,0,0,0,0,0,,,0,0,,,0,0,,,0,0,0,0,0,0,0,0,0,0,0,0,0,0,0,0,0,0,0,0,0,323
207,Paku (Jambu Hulu) - Ganda,paku jambu hulu – ganda,"Baluti, Jambu Hulu","Kandangan, Padang Batung",2,2,1928,0,1,2840,2676.3,2849.1,1388.2,3158.4,0,0,0,0,0,1,1,2021,3,1,1,2021,4,1,2,2025,1,1,0,0,0,1,1,0,0,0,1,0,0,0,0,0,0,0,0,0,0,0,159
208,Palajau - Ds. Baluti,palajau – desa baluti,"Baluti, Jambu Hulu, Karasikan, Pahampangan","Kandangan, Padang Batung, Sungai Raya",4,3,2676,0,0,4054.2,4204.3,2890.5,737.7,4372.5,0,0,0,0,0,1,1,2023,1,1,1,2023,2,1,2,2025,1,0,0,1,0,1,0,0,1,0,1,0,0,0,0,0,0,0,0,0,0,0,083
209,Palas - Ds. Wasah Tengah,palas – desa wasah tengah,"Kapuh, Wasah Tengah",Simpur,2,1,1247,0,1,1763,1586,4835.5,899.9,6027.3,0,0,0,0,0,0,0,,,0,0,,,0,0,,,0,0,0,0,0,0,0,0,0,0,0,0,0,0,0,0,0,0,0,0,0,241
210,Pandak Daun - Baruh Jaya - Samuda,pandak daun – baruh jaya – samuda,"Baruh Jaya, Pakan Dalam, Pakapuran Kecil, Pandak Daun, Panggandingan, Paramaian, Samuda, Tambak Bitin, Tambangan","Daha Selatan, Daha Utara",9,2,9090,0,0,758.6,294.9,1977.5,153.4,28590.6,0,0,0,0,0,1,2,2023,1,1,2,2023,2,1,2,2023,3,0,1,1,0,0,0,0,1,0,0,0,1,0,0,0,0,0,0,0,0,0,310
211,Pandak Daun (Buntut Muradiyah) - Pakan Dalam,pandak daun buntut muradiyah – pakan dalam,"Pakan Dalam, Pandak Daun, Paramaian",Daha Utara,3,1,1745,0,0,2988.9,2353.5,4207.7,525.8,30820.9,0,0,0,0,0,0,0,,,0,0,,,0,0,,,0,0,0,0,0,0,0,0,0,0,0,0,0,0,0,0,0,0,0,0,0,327
212,Pandan Sari - Ds. Angkinang,pandan sari – desa angkinang,Angkinang,Angkinang,1,1,760,0,1,697.1,91.6,10456.3,136.6,8593.4,0,0,0,0,0,0,0,,,0,0,,,0,0,,,0,0,0,0,0,0,0,0,0,0,0,0,0,0,0,0,0,0,0,0,0,198
213,Pandulangan - Kalinduku,pandulangan – kalinduku,"Pandulangan, Telaga Sili-Sili","Angkinang, Padang Batung",2,2,1110,0,0,4859.2,4797.5,10089.2,920.4,8226.3,0,0,0,0,0,0,0,,,1,1,2024,1,1,1,2024,2,0,0,0,1,0,0,0,0,1,0,0,0,0,0,0,0,0,0,0,0,0,170
214,Pangeran Antasari - Loklua,pangeran antasari – loklua,"Baluti, Kandangan Kota",Kandangan,2,1,4566,0,1,0,674.8,1817.8,490.3,318.3,0,0,0,0,0,0,0,,,0,0,,,0,0,,,0,0,0,0,0,0,0,0,0,0,0,0,0,0,0,1,0,0,0,1,0,001
215,Panggang Hijau - Ds. Tawar,panggang hijau – desa tawar,"Sungai Kupang, Tawia","Angkinang, Kandangan",2,2,2100,1,0,,,,,,1,1,1,1,1,1,2,2023,1,1,2,2023,2,1,2,2023,3,0,1,1,0,0,0,1,1,0,0,0,0,0,0,0,0,0,0,0,0,0,183
216,Panglima Batur,panglima batur,"Kandangan Barat, Kandangan Kota, Kandangan Utara",Kandangan,3,1,6205,0,1,893.2,814.5,2455.1,0,592.2,0,0,0,0,0,0,0,,,0,0,,,0,0,,,0,0,0,0,0,0,0,0,0,0,0,0,0,0,0,0,0,0,0,0,0,009
217,Panjampang  Bahagia - Bayur,panjampang bahagia – bayur,"Amparaya, Panjampang Bahagia, Pantai Ulin",Simpur,3,1,1740,0,0,4124.9,3842.6,7884.4,520.9,8049.1,0,0,0,0,0,0,0,,,0,0,,,0,0,,,0,0,0,0,0,0,0,0,0,0,0,0,0,0,0,0,0,0,0,0,0,210
218,Panjampang Bahagia - Hanau,panjampang bahagia – hanau,"Amparaya, Panjampang Bahagia",Simpur,2,1,1032,0,0,6310.1,6310.4,10352.2,1321.3,10516.9,0,0,0,0,0,1,2,2023,1,1,2,2023,2,1,2,2023,3,0,1,1,0,0,0,0,0,0,0,0,1,1,0,0,0,0,0,0,0,0,212
219,Pantai Langsat - Umpaya,pantai langsat – umpaya,"Hamak Utara, Hulu Banyu","Loksado, Telaga Langsat",2,2,845,0,0,28635.1,13269.5,30845.5,2194.2,30747.8,0,0,0,0,0,0,0,,,0,0,,,0,0,,,0,0,0,0,0,0,0,0,0,0,0,0,0,0,0,0,0,0,0,0,0,202
220,Papagaran - Ds. Amawang Kanan,papagaran – desa amawang kanan,Amawang Kanan,Kandangan,1,1,630,0,0,3405.1,2185.5,3038.5,747.9,3260.2,0,0,0,0,0,1,1,2023,1,1,1,2023,2,1,1,2023,3,0,0,1,0,0,0,0,1,0,0,0,0,0,0,0,0,0,0,0,0,0,218
221,Papagaran/Palangsatan,papagaran palangsatan,"Amawang Kanan, Sungai Paring",Kandangan,2,1,1206,0,1,3079.3,2176.7,3029.6,422.1,2934.4,0,0,0,0,0,0,0,,,1,1,2024,1,1,1,2024,2,0,0,0,1,0,0,0,0,1,0,0,0,0,0,0,0,0,0,0,0,0,057
222,Papancan - Ds. Tanah Bangkang,papancan – desa tanah bangkang,"Pahampangan, Sungai Raya Utara, Tanah Bangkang","Padang Batung, Sungai Raya",3,2,1228,0,0,5059.4,2680.7,3895.7,796.2,5377.7,0,0,0,0,0,0,0,,,1,1,2024,1,1,1,2024,2,0,0,0,1,0,0,0,0,0,0,0,0,0,1,0,0,0,0,0,0,0,124
223,Paramaian,paramaian,Paramaian,Daha Utara,1,1,659,0,0,2530.5,1895.1,3749.4,0,30362.5,0,0,0,0,0,0,0,,,0,0,,,0,0,,,0,0,0,0,0,0,0,0,0,0,0,0,0,0,0,0,0,0,0,0,0,324
224,Parincahan - Singakarsa (Harapan),parincahan – singakarsa harapan,Kandangan Barat,Kandangan,1,1,1874,0,1,1676.9,1687.3,3221.4,154.5,1358.5,0,0,0,0,0,1,2,2023,1,1,2,2023,2,1,2,2023,3,0,1,1,0,0,0,1,1,0,0,0,0,0,0,0,0,0,0,0,0,0,027
225,Parindra,parindra,"Kandangan Kota, Kandangan Utara",Kandangan,2,1,4331,0,0,1039.6,538.9,2730.8,61.8,867.9,0,0,0,0,0,0,0,,,0,0,,,0,0,,,0,0,0,0,0,0,0,0,0,0,0,0,0,0,0,0,0,0,0,0,0,018
226,Pasar Kandangan - Oprit Jembt. Loklua,pasar kandangan – oprit jembt loklua,Kandangan Kota,Kandangan,1,1,3189,0,0,199.3,697.5,1840.5,513,517.6,0,0,0,0,0,0,0,,,0,0,,,0,0,,,0,0,0,0,0,0,0,0,0,0,0,0,0,0,0,0,0,0,0,0,0,003
227,Pegangsaan Timur - Teluk Aman,pegangsaan timur – teluk aman,"Gambah Dalam, Sungai Kupang",Kandangan,2,1,1993,1,0,4711.6,4644.3,6120.5,2055.4,4446.9,0,0,0,0,0,1,1,2023,1,1,1,2023,2,1,1,2023,3,0,0,1,0,0,0,0,1,0,0,0,0,0,0,0,0,0,0,0,0,0,054
228,Pembangunan - Ds. Sungai Raya Utara,pembangunan – desa sei raya utara,"Sarang Halang, Sungai Raya Utara",Sungai Raya,2,1,774,0,1,4197.2,1316.8,3994.9,483.7,5666.8,0,0,0,0,0,0,0,,,0,0,,,0,0,,,0,0,0,0,0,0,0,0,0,0,0,0,0,0,0,0,0,0,0,0,0,133
229,Pemuda,pemuda,Kandangan Kota,Kandangan,1,1,3189,0,1,575.9,1149.1,2120.5,0,257.6,0,0,0,0,0,0,0,,,0,0,,,0,0,,,0,0,0,0,0,0,0,0,0,0,0,0,0,0,0,0,0,0,0,0,0,017
230,Pendawa - Ds. Tebing Tinggi,pendawa – desa tebing tinggi,Tebing Tinggi,Simpur,1,1,404,0,1,2164.7,2573.4,9202,792.2,10581.5,0,0,0,0,0,0,0,,,1,1,2024,1,1,1,2024,2,0,0,0,1,0,0,0,0,0,0,0,0,0,1,0,0,0,0,0,0,0,224
231,Pertanian - Ds. Wasah Tengah,pertanian – desa wasah tengah,"Wasah Hulu, Wasah Tengah",Simpur,2,1,1057,0,1,2275.5,697.9,4925.4,1137.2,5385.9,0,0,0,0,0,0,0,,,0,0,,,0,0,,,0,0,0,0,0,0,0,0,0,0,0,0,0,0,0,0,0,0,0,0,0,349
232,Pertukangan,pertukangan,Baruh Kembang,Daha Utara,1,1,870,1,0,1145.7,907,2364.5,167.6,28977.7,0,0,0,0,0,0,0,,,0,0,,,1,1,2025,1,0,0,0,0,1,0,0,0,0,0,0,0,0,0,1,0,0,0,0,0,0,317
233,Pesantren Muradiyah,pesantren muradiyah,Pandak Daun,Daha Utara,1,1,359,0,0,3497.9,2862.5,4716.7,1205.8,31329.9,0,0,0,0,0,0,0,,,0,0,,,0,0,,,0,0,0,0,0,0,0,0,0,0,0,0,0,0,0,0,0,0,0,0,0,326
234,Pianggu,pianggu,"Amparaya, Wasah Hilir",Simpur,2,1,1319,0,0,2155.3,2905.5,7397.2,688,7561.9,0,0,0,0,0,1,1,2023,1,1,2,2024,1,1,2,2024,2,0,0,1,1,0,0,0,1,0,0,0,0,0,1,0,0,0,0,0,0,0,228
235,Rahmah Bahran,rahmah bahran,"Kandangan Barat, Kandangan Kota",Kandangan,2,1,5063,0,1,705.7,1202.3,2250.3,328.4,387.4,0,0,0,0,0,0,0,,,0,0,,,0,0,,,0,0,0,0,0,0,0,0,0,0,0,0,0,0,0,0,0,0,0,0,0,022
236,Rambai - Bariang,rambai – bariang,"Amawang Kiri Muka, Bariang",Kandangan,2,1,1117,0,,2659.6,2809.7,3018.7,1387.7,2514.7,0,0,0,0,0,0,0,,,0,0,,,0,0,,,0,0,0,0,0,0,0,0,0,0,0,0,0,0,0,0,0,0,0,0,0,061
237,Rantauan - Sungai Baru (Pulau),rantauan – sei baru pulau,"Bakarung, Gambah Luar, Taniran Selatan","Angkinang, Kandangan",3,2,1967,0,,1539.1,1398.4,6968.4,1114.5,5105.5,0,0,0,0,0,1,2,2022,2,1,2,2022,3,1,2,2022,4,1,1,0,0,0,0,1,0,0,0,1,0,0,0,0,0,0,0,0,0,0,192
238,Rawati - Ds. Panjampang Bahagia,rawati – desa panjampang bahagia,"Amparaya, Panjampang Bahagia",Simpur,2,1,1032,0,,4019.5,4023.5,8065.3,547.5,8229.9,0,0,0,0,0,0,0,,,0,0,,,0,0,,,0,0,0,0,0,0,0,0,0,0,0,0,0,0,0,0,0,0,0,0,0,227
239,Rel Angkinang - TMMD Angkinang,rel angkinang – angkinang,"Angkinang Selatan, Taniran Kubah, Tawia",Angkinang,3,1,2178,0,1,1350.7,2417.8,9440.5,1818.7,7577.6,0,0,0,0,0,1,2,2023,1,1,2,2023,2,1,2,2023,3,0,1,1,0,0,0,1,1,0,0,0,0,0,0,0,0,0,0,0,0,0,186
240,RS. Hasan Basry II,rs hasan basry ii,Hamalau,Sungai Raya,1,1,837,0,,1776.3,1926.4,41.4,827.3,1821.5,0,0,0,0,0,0,0,,,0,0,,,0,0,,,0,0,0,0,0,0,0,0,0,0,0,0,0,0,0,0,0,0,0,0,0,084
241,Sakincung - Ds. Hakurung Dalam,sakincung – desa hakurung dalam,Hakurung,Daha Utara,1,1,670,1,,6687,9170.7,14571.4,2304.8,41184.5,0,0,0,0,0,1,1,2023,1,1,1,2023,2,1,1,2023,3,0,0,1,0,0,0,0,1,0,0,0,0,0,0,0,0,0,0,0,0,0,336
242,Samping Bappeda - Mesjid Darul Halik,samping bappeda – mesjid darul halik,Tibung Raya,Kandangan,1,1,938,0,,971.4,1121.5,1273,333,826.4,0,0,0,0,0,0,0,,,0,0,,,1,1,2025,1,0,0,0,0,1,0,0,0,0,0,0,0,0,0,1,0,0,0,0,0,0,038
243,Samping Kantor Camat Daha Utara,samping kantor camat daha utara,Tambak Bitin,Daha Utara,1,1,539,0,,1229.4,594,2448.3,68.1,29061.4,0,0,0,0,0,0,0,,,0,0,,,0,0,,,0,0,0,0,0,0,0,0,0,0,0,0,0,0,0,0,0,0,0,0,0,329
244,Samping Mesjid Mandapai,samping mesjid mandapai,Batu Bini,Padang Batung,1,1,719,0,1,8162.8,4120.1,10373.2,1501.9,10275.6,0,0,0,0,0,1,1,2021,3,1,1,2021,4,1,1,2021,5,1,0,0,0,0,0,0,0,0,0,1,0,0,0,0,0,0,0,0,0,0,164
245,Samuda - Bajayau,samuda – bajayau,"Badaun, Bajayau, Baru (Daha Barat), Samuda, Siang Gantung","Daha Barat, Daha Selatan",5,2,2647,0,,4267,6331.9,9887.5,3256.1,40166.6,0,0,0,0,0,1,2,2023,1,1,3,2024,1,1,4,2025,1,0,1,1,1,1,0,0,0,0,0,0,1,1,1,1,1,0,0,0,1,0,299
246,Sarang Halang Padang - Sp. Batang Kulur,sarang halang padang – sp batang kulur,"Paring Agung, Sungai Kali",Sungai Raya,2,1,567,0,,1667.8,1698.5,6822.7,319,8494.6,0,0,0,0,0,1,2,2023,1,1,2,2023,2,1,2,2023,3,1,0,1,0,0,1,0,1,0,0,0,0,0,0,0,0,1,0,1,0,0,105
247,Satria,satria,Tumbukan Banyu,Daha Selatan,1,1,923,0,,330.2,687.1,1549.1,293.3,28162.2,0,0,0,0,0,0,0,,,0,0,,,0,0,,,0,0,0,0,0,0,0,0,0,0,0,0,0,0,0,0,0,0,0,0,0,291
248,Sei Kupang Utara - Simp. Empat Lungau,sei kupang utara – simp empat lungau,"Lungau, Sungai Kupang",Kandangan,2,1,1848,1,,8527.3,7774.8,9936.3,646,8262.6,0,0,0,0,0,0,0,,,0,0,,,0,0,,,0,0,0,0,0,0,0,0,0,0,0,0,0,0,0,0,0,0,0,0,0,042
249,Sei. Mandala Murung Raya,sei mandala murung raya,"Balah Paikat, Murung Raya, Sungai Garuda, Sungai Mandala",Daha Utara,4,1,1766,1,,1237.4,1128.8,806.8,247.1,28042.8,0,0,0,0,0,0,0,,,0,0,,,0,0,,,0,0,0,0,0,0,0,0,0,0,0,0,0,0,0,0,1,0,0,0,1,311
250,Sekolah Islam (Kandangan Barat),sekolah islam kandangan barat,Kandangan Barat,Kandangan,1,1,1874,0,1,978.5,1471.4,2523.1,597.5,660.2,0,0,0,0,0,0,0,,,1,1,2024,1,1,1,2024,2,0,0,0,1,0,0,0,0,0,0,0,0,0,1,0,0,0,0,0,0,0,021
251,Sekolah Islam (Sungai Pinang),sekolah islam sei pinang,Sungai Pinang,Daha Selatan,1,1,706,0,,1189.4,691.1,2147.9,452.2,28761,0,0,0,0,0,0,0,,,0,0,,,0,0,,,0,0,0,0,0,0,0,0,0,0,0,0,0,0,0,0,0,0,0,0,0,293
252,Siang Gantung - Ds. Baru,siang gantung – desa baru,"Baru (Daha Barat), Siang Gantung",Daha Barat,2,1,661,0,,5869.6,7934.5,956069302,2013.1,47122.1,0,0,0,0,0,1,2,2022,2,1,2,2022,3,1,3,2025,1,1,1,0,0,1,0,0,0,0,0,1,1,0,0,1,0,1,0,0,0,1,338
253,Silaturrahim,silaturrahim,Mdl. Murung Mesjid,Daha Utara,1,1,406,1,,847.4,608.7,2066.3,365.6,28679.4,0,0,0,0,0,0,0,,,0,0,,,1,1,2025,1,0,0,0,0,1,0,0,0,0,0,0,0,0,0,1,0,0,0,0,0,0,318
254,Simpang Hamalau - Teluk Pinang,sp hamalau – teluk pinang,"Hamalau, Karasikan",Sungai Raya,2,1,1245,0,,3149.3,3299.4,1522.6,800.7,3194.5,0,0,0,0,0,0,0,,,0,0,,,0,0,,,0,0,0,0,0,0,0,0,0,0,0,0,0,0,0,1,0,1,0,0,0,100
255,Simpang Jadi Makmur - Ds. Samuda,sp jadi makmur – desa samuda,Samuda,Daha Selatan,1,1,1352,0,,8023.3,10088.2,6771.5,500.2,40497.1,0,0,0,0,0,1,1,2023,1,1,1,2023,2,1,1,2023,3,0,0,1,0,0,0,0,1,0,0,0,0,0,0,0,0,0,0,0,0,0,335
256,Simpang Malutu - Pahampangan,sp malutu – pahampangan,"Malutu, Pahampangan, Sungai Raya Selatan, Tanah Bangkang","Padang Batung, Sungai Raya",4,2,1988,0,,8950.1,6258.4,8924.7,2875.1,9268.4,0,0,0,0,0,0,0,,,0,0,,,0,0,,,0,0,0,0,0,0,0,0,0,0,0,0,0,0,0,1,0,0,0,1,0,146
257,Simpang Malutu - Tambak,sp malutu – tambak,"Jelatang, Malutu",Padang Batung,2,1,938,0,,8550.8,4601.1,10761.2,2190.3,10663.6,0,0,0,0,0,1,1,2021,3,1,1,2021,4,1,1,2021,5,1,0,0,0,0,0,0,0,0,0,1,0,0,0,0,0,0,0,0,0,0,147
258,Simpur - Simp. Bilui,simpur – simp bilui,Simpur,Simpur,1,1,423,0,1,1326.5,974.6,7130,997.9,8509.5,0,0,0,0,0,0,0,,,0,0,,,0,0,,,0,0,0,0,0,0,0,0,0,0,0,0,0,0,0,0,0,0,0,0,0,206
259,Simpur - Sp. 3 Muara Paring Agung,simpur – sp 3 muara paring agung,"Asam, Baru (Sungai Raya) , Simpur, Sungai Kali","Simpur, Sungai Raya",4,2,1341,0,1,2386.8,1123.5,8060.7,90.4,9459.3,0,0,0,0,0,1,1,2023,1,1,2,2024,1,1,2,2024,2,0,0,1,1,0,0,0,1,0,0,0,0,0,1,0,0,0,0,0,0,0,207
260,Singakarsa - Getek,singakarsa – getek,"Amawang Kiri Muka, Kandangan Barat",Kandangan,2,1,2613,0,,2905.9,3449,4261.3,143.1,2587.6,0,0,0,0,0,0,0,,,0,0,,,0,0,,,0,0,0,0,0,0,0,0,0,0,0,0,0,0,0,0,0,0,0,0,0,026
261,Singakarsa - Palas,singakarsa – palas,"Amawang Kiri Muka, Kandangan Barat, Kandangan Kota, Lungau, Sungai Kupang, Tibung Raya",Kandangan,6,1,8588,1,1,3075.6,3618.6,4430.9,365.8,2757.2,0,0,0,0,0,1,1,2023,1,1,2,2024,1,1,2,2024,2,0,0,1,1,0,0,0,1,1,0,0,0,0,0,0,0,0,0,0,0,0,025
262,Sirih - Pacakan,sirih – pacakan,Sirih,Kalumpang,1,1,371,0,1,608.3,2430.4,11122,277.2,12501.5,0,0,0,0,0,0,0,,,0,0,,,0,0,,,0,0,0,0,0,0,0,0,0,0,0,0,0,0,0,0,0,0,0,0,0,253
263,Sirih - Taro,sirih – taro,Sirih,Kalumpang,1,1,371,0,1,744.7,3138.6,11056.8,1075.9,12436.3,0,0,0,0,0,1,2,2023,1,1,2,2023,2,1,2,2023,3,1,0,1,0,0,1,0,1,0,0,0,0,0,0,0,0,0,0,0,0,0,246
264,Slasa Garih - Ds. Kapuh,slasa garih – desa kapuh,"Kapuh, Telaga Bidadari","Simpur, Sungai Raya",2,2,1350,0,0,3564.5,3474.2,3534.9,1060.3,4933.5,0,0,0,0,0,0,0,,,0,0,,,0,0,,,0,0,0,0,0,0,0,0,0,0,0,0,0,0,0,0,0,0,0,0,0,240
265,SMAN Negara (KH. Abdullah),sman negara kh abdullah,Baruh Kembang,Daha Utara,1,1,870,1,0,1337.2,1098.6,2556.1,657.2,29169.2,0,0,0,0,0,1,1,2023,1,1,2,2024,1,1,2,2024,2,0,0,1,1,0,0,0,1,0,0,0,0,0,1,0,0,0,0,0,0,0,316
266,Soeprapto - H.M Rusli,soeprapto – h m rusli,Kandangan Kota,Kandangan,1,1,3189,0,0,419.6,1094.4,2197.3,383.2,334.4,0,0,0,0,0,0,0,,,0,0,,,0,0,,,0,0,0,0,0,0,0,0,0,0,0,0,0,0,0,0,0,0,0,0,0,002
267,Soetoyo - Teluk Mesjid,soetoyo – teluk mesjid,Kandangan Kota,Kandangan,1,1,3189,0,0,164.9,839.6,1982.7,618.4,360.8,0,0,0,0,0,0,0,,,0,0,,,0,0,,,0,0,0,0,0,0,0,0,0,0,0,0,0,0,0,0,0,0,0,0,1,004
268,Sp. 3 Baluti - Amawang,sp 3 baluti – amawang,"Amawang Kanan, Tibung Raya",Kandangan,2,1,1568,0,0,1340.4,1490.5,942.9,32.6,3162.2,0,0,0,0,0,1,1,2023,1,1,2,2024,1,1,2,2024,2,0,0,1,1,0,0,0,1,0,0,0,0,1,1,0,0,0,0,0,0,0,041
269,Sp. 4 Baru/Tampang - Sp. Bilui Pamujaan,sp 4 baru tampang – sp bilui pamujaan,"Asam, Baru (Sungai Raya) , Batang Kulur Kanan, Bumi Berkat, Simpur, Sungai Kali, Tamiyang","Simpur, Sungai Raya",7,2,2253,0,0,3775.4,3580.5,10517.7,349.1,8013.7,0,0,0,0,0,0,0,,,0,0,,,0,0,,,0,0,0,0,0,0,0,0,0,0,0,0,0,0,0,0,0,0,0,0,1,096
270,Sp. Bakarung Selatan - Sungai Kudung,sp bakarung selatan – sei kudung,"Gambah Luar Muka, Tabihi","Kandangan, Padang Batung",2,2,1446,0,1,1963.7,1063.7,5025.1,295.8,8261,0,0,0,0,0,0,0,,,1,1,2024,1,1,1,2024,2,0,0,0,1,0,0,0,0,1,0,0,0,0,0,0,0,0,0,0,0,0,182
271,Sp. Batang Kulur Kiri - Tatas,sp batang kulur kiri – tatas,"Batang Kulur Kiri, Batang Kulur Tengah",Sungai Raya,2,1,459,0,0,13352.3,12599.8,14761.3,4179,1385.5,0,0,0,0,0,1,1,2021,3,1,2,2024,1,1,2,2024,2,1,0,0,1,0,1,0,0,1,0,0,0,0,0,0,0,1,0,0,0,1,089
272,Sp. Empat Lungau - Bangkau,sp empat lungau – bangkau,"Bangkau, Lungau",Kandangan,2,1,1355,1,0,13680.7,12928.1,15089.6,4507.3,17300.3,0,0,0,0,0,1,3,2023,1,1,3,2023,2,1,3,2023,3,1,1,1,0,0,1,1,1,0,0,0,0,0,0,0,0,0,0,0,0,0,043
273,Sp. Empat Lungau - Garis,sp empat lungau – garis,"Bangkau, Lungau",Kandangan,2,1,1355,1,0,1469.3,1438.6,6341.9,1137.4,10988.7,0,0,0,0,0,1,1,2023,1,1,2,2024,1,1,2,2024,2,0,0,1,1,0,0,0,0,0,0,0,0,1,1,0,0,0,0,0,0,0,044
274,Sp. Mandampa Tel. Sili-Sili - Sp. Sei. Bungur,sp mandampa tel sili – sili – sp sei bungur,"Angkinang, Pandulangan, Telaga Sili-Sili","Angkinang, Padang Batung",3,2,1870,0,0,3740.6,4346.1,10123.9,198.2,27315.5,0,0,0,0,0,0,0,,,0,0,,,0,0,,,0,0,0,0,0,0,0,0,0,0,0,0,0,0,0,0,0,0,0,0,0,189
275,Sp.3 Bukuanin - Riam Talo,sp 3 bukuanin – riam talo,"Halunuk, Mawangi","Loksado, Padang Batung",2,2,721,0,0,15187.5,11144.8,17397.9,1940.4,11916.4,0,0,0,0,0,1,1,2023,1,1,1,2023,2,1,1,2023,3,0,0,1,0,0,0,0,1,0,0,0,0,0,0,0,0,1,0,0,0,1,150
276,Sp.3 Bukuanin - Tayub,sp 3 bukuanin – tayub,"Madang, Mawangi",Padang Batung,2,1,866,0,0,16936152.3,16936491.7,169310897,1749,13087.6,0,0,0,0,0,0,0,,,0,0,,,0,0,,,0,0,0,0,0,0,0,0,0,0,0,0,0,0,0,0,0,0,0,0,0,151
277,SP.4 Banjarbaru - Pasar Negara,sp 4 banjarbaru – pasar negara,"Banjarbaru, Bayanan",Daha Selatan,2,1,1539,1,0,516.5,401.5,702.4,408.5,13415.9,0,0,0,0,0,0,0,,,0,0,,,0,0,,,0,0,0,0,0,0,0,0,0,0,0,0,0,0,0,0,0,0,0,0,0,303
278,SP.4 Mesjid Sirih - Sarang Nyamuk - Asam Tamiyang,sp 4 mesjid sirih – sarang nyamuk – asam tamiyang,"Asam, Sirih, Sirih Hulu, Tamiyang","Kalumpang, Sungai Raya",4,2,1457,0,1,3147.4,4256.4,13088.9,631.8,14760.8,0,0,0,0,0,1,1,2023,1,1,1,2023,2,1,1,2023,3,0,0,1,0,0,0,0,1,0,0,0,0,0,0,0,0,0,0,0,0,0,254
279,SP.4. Banjarbaru - Pihanin Raya,sp 4 banjarbaru – pihanin raya,"Balah Paikat, Banjarbaru, Pihanin Raya","Daha Selatan, Daha Utara",3,2,2335,1,0,1373.2,527.8,205.8,442.7,27441.8,0,0,0,0,0,1,1,2023,1,1,1,2023,2,1,2,2025,1,0,0,1,0,1,0,0,0,0,0,0,0,1,0,1,0,0,0,0,0,0,305
280,Sukaramai - Keramat,sukaramai – keramat,"Baruh Kembang, Mdl. Murung Mesjid, Sungai Mandala",Daha Utara,3,1,1765,0,0,828.6,673.7,2047.5,228.2,28660.6,0,0,0,0,0,0,0,,,0,0,,,1,1,2025,1,0,0,0,0,1,0,0,0,0,0,0,0,0,0,1,0,0,0,0,0,0,320
281,Sungai Bugundi,sei bugundi,Baruh Jaya,Daha Selatan,1,1,2158,0,0,3836.4,948.9,5055.3,386.9,31668.4,0,0,0,0,0,0,0,,,0,0,,,0,0,,,0,0,0,0,0,0,0,0,0,0,0,0,0,0,0,1,0,0,0,1,0,308
282,Sungai Damang - Amawang Kiri,sei damang – amawang kiri,"Bariang, Sungai Paring",Kandangan,2,1,954,0,1,3489.3,2635.6,3848.4,0,3344.3,0,0,0,0,0,1,2,2022,2,1,2,2022,3,1,2,2022,4,1,1,0,0,0,1,0,0,0,0,0,1,0,0,0,0,0,0,0,0,0,030
283,Sungai Durian - Ds. Gumbil,sei durian – desa gumbil,Gumbil,Telaga Langsat,1,1,574,0,0,8528.7,3060.9,16607.4,590.6,15006.1,0,0,0,0,0,0,0,,,0,0,,,0,0,,,0,0,0,0,0,0,0,0,0,0,0,0,0,0,0,0,0,0,0,0,0,201
284,Sungai Kacil I - Kapuh Padang,sei kacil i – kapuh padang,"Kapuh, Wasah Hilir",Simpur,2,1,1411,0,0,1392.3,2513.8,5096.1,1073.2,6494.7,0,0,0,0,0,0,0,,,0,0,,,0,0,,,0,0,0,0,0,0,0,0,0,0,0,0,0,0,0,0,0,0,0,0,0,216
285,Sungai Kacil II,sei kacil ii,Wasah Hilir,Simpur,1,1,729,0,0,957.5,2079,5530.9,638.4,6929.5,0,0,0,0,0,0,0,,,0,0,,,0,0,,,0,0,0,0,0,0,0,0,0,0,0,0,0,0,0,0,0,0,0,0,0,217
286,Sungai Karuh,sei karuh,"Amawang Kiri, Lungau",Kandangan,2,1,1503,0,0,5226.4,4588.2,6241.6,1052.7,4908.1,0,0,0,0,0,1,3,2023,1,1,3,2023,2,1,3,2023,3,1,1,1,0,0,1,1,1,0,0,0,0,0,0,0,0,0,0,0,0,0,060
287,Sungai Kudung - Kalinduku,sei kudung – kalinduku,"Bakarung, Telaga Sili-Sili",Angkinang,2,1,1359,0,0,3360.1,2769.1,8060.7,1772.2,6197.8,0,0,0,0,0,0,0,,,0,0,,,0,0,,,0,0,0,0,0,0,0,0,0,0,0,0,0,0,0,0,0,0,0,0,0,180
288,Sungai Minting - Ds. Malutu,sei minting – desa malutu,Malutu,Padang Batung,1,1,565,0,0,8386.3,6269.2,10658.9,335.2,12330.7,0,0,0,0,0,0,0,,,0,0,,,0,0,,,0,0,0,0,0,0,0,0,0,0,0,0,0,0,0,0,0,0,0,0,0,160
289,Sungai Namang - Ds. Tanah Bangkang,sei namang – desa tanah bangkang,Tanah Bangkang,Sungai Raya,1,1,495,0,0,5634,2753.5,5419.8,727.9,6901.8,0,0,0,0,0,1,2,2023,1,1,2,2023,2,1,2,2023,3,0,1,1,0,0,0,1,1,0,0,0,0,0,0,0,0,0,0,0,0,0,126
290,Sungai Paring - Sei Hanyar Pantai Ulin,sei paring – sei hanyar pantai ulin,"Pantai Ulin, Sungai Paring, Ulin, Wasah Hulu","Kandangan, Simpur",4,2,2401,0,1,6314.2,3852.2,7167.9,121,6663.9,0,0,0,0,0,1,1,2021,3,1,1,2021,4,1,1,2021,5,1,0,0,0,0,1,0,0,0,0,0,0,0,0,0,0,0,0,0,0,0,048
291,Sungai Paring - Toba,sei paring – toba,Wasah Hulu,Simpur,1,1,492,0,1,3865.4,1123.7,3945.7,891.5,4159.1,0,0,0,0,0,1,1,2023,1,1,1,2023,2,1,1,2023,3,0,0,1,0,0,0,0,1,0,0,0,0,0,0,0,0,0,0,0,0,0,072
292,Sungai Raya - Jambu Hulu/Paku,sei raya – jambu hulu paku,"Jambu Hulu, Pahampangan, Sungai Raya Utara, Tanah Bangkang","Padang Batung, Sungai Raya",4,2,1779,0,1,5776.8,3264.6,5785.9,481.5,6095.2,0,0,0,0,0,1,1,2023,1,1,2,2024,1,1,2,2024,2,0,0,1,1,0,0,0,1,1,0,0,0,0,0,0,0,1,0,1,0,0,094
293,Sungai Raya Selatan - Malutu - Goa Berangin,sei raya selatan – malutu – goa berangin,"Malutu, Sungai Raya Selatan","Padang Batung, Sungai Raya",2,2,1153,0,1,6316.2,4199.1,8588.7,1937.1,10260.6,0,0,0,0,0,1,1,2023,1,1,1,2023,2,1,2,2025,1,0,0,1,0,1,0,0,1,0,0,0,0,0,0,1,1,0,0,0,1,1,095
294,Sungai Raya Selatan - Sarang Halang,sei raya selatan – sarang halang,"Paring Agung, Sungai Raya Selatan",Sungai Raya,2,1,980,0,1,2816.5,1392.3,5358.1,646.4,7030,0,0,0,0,0,1,1,2023,1,1,1,2023,2,1,2,2025,1,0,0,1,0,1,0,0,1,0,1,0,0,0,0,0,1,1,1,1,0,0,088
295,Sungai Raya Utara - Teluk Pinang,sei raya utara – teluk pinang,"Karasikan, Sungai Raya Utara",Sungai Raya,2,1,801,0,1,4323.5,2673.6,3159.8,836.5,4641.9,0,0,0,0,0,1,1,2023,1,1,1,2023,2,1,1,2023,3,0,0,1,0,0,0,0,1,0,0,0,0,0,0,0,1,0,0,0,1,0,116
296,Suriangpati - Gambah Dalam Barat,suriangpati – gambah dalam barat,"Gambah Dalam Barat, Sungai Kupang",Kandangan,2,1,1670,1,0,6466.2,5400.3,8820.6,1498.6,6957.7,0,0,0,0,0,0,0,,,0,0,,,0,0,,,0,0,0,0,0,0,0,0,0,0,0,0,0,0,0,0,0,0,0,0,0,077
297,Taal Batang Kulur - Sp. 3 Muara Prg Agung,taal batang kulur – sp 3 muara prg agung,"Batang Kulur Tengah, Hariti, Sungai Kali",Sungai Raya,3,1,599,0,1,173.2,203.9,7345.1,507.9,9017,0,0,0,0,0,1,1,2023,1,1,1,2023,2,1,2,2025,1,0,0,1,0,1,0,0,1,0,1,0,0,0,0,0,0,0,0,0,0,0,090
298,Taal Jarau - Sp. Baru/Tampang,taal jarau – sp baru tampang,"Batang Kulur Kanan, Bumi Berkat, Ida Manggala",Sungai Raya,3,1,1010,0,1,3309.5,3340.2,10477.5,802,12149.4,0,0,0,0,0,1,3,2023,1,1,4,2024,1,1,4,2024,2,1,1,1,1,0,1,0,1,0,0,0,1,0,1,0,1,1,1,1,0,1,093
299,Tabihi - Telaga Langsat,tabihi – telaga langsat,"Ambutun, Mandala, Pandulangan, Tabihi","Padang Batung, Telaga Langsat",4,2,2146,0,0,4480.1,4321.7,9224.7,739.7,7623.4,0,0,0,0,0,1,1,2022,2,1,2,2024,1,1,3,2025,1,0,1,0,1,1,0,0,0,1,0,0,1,0,0,1,0,1,0,1,0,0,137
300,Tajun - Sp.3 Muara Paring Agung,tajun – sp 3 muara paring agung,"Paring Agung, Sarang Halang, Sungai Kali, Sungai Raya Utara",Sungai Raya,4,1,1341,0,1,3454.7,3630,4533.5,596.3,6205.3,0,0,0,0,0,1,3,2023,1,1,4,2024,1,1,4,2024,2,1,1,1,1,0,1,1,1,1,0,0,0,0,0,0,1,0,1,0,0,0,085
301,Talapak Manuk - Ds. Kapuh,talapak manuk – desa kapuh,"Kapuh, Wasah Hulu",Simpur,2,1,1174,0,0,3864.4,3774.1,3834.9,1360.2,27289.5,0,0,0,0,0,0,0,,,0,0,,,0,0,,,0,0,0,0,0,0,0,0,0,0,0,0,0,0,0,0,1,0,0,0,1,245
302,Tambak Pipii - Batu Ampar,tambak pipii – batu ampar,Batu Laki,Padang Batung,1,1,507,0,0,25176.7,21227,27387.1,1857.4,20527.7,0,0,0,0,0,0,0,,,0,0,,,0,0,,,0,0,0,0,0,0,0,0,0,0,0,0,0,0,0,0,0,0,0,0,0,166
303,Tambak Pipii - Malilingin,tambak pipii – malilingin,"Batu Laki, Malilingin",Padang Batung,2,1,878,0,0,18414.9,14465.2,20625.3,3828.7,31142.7,0,0,0,0,0,0,0,,,0,0,,,0,0,,,0,0,0,0,0,0,0,0,0,0,0,0,0,0,0,0,0,0,0,0,0,156
304,Tambangan - Ds. Baruh Jaya,tambangan – desa baruh jaya,"Baruh Jaya, Tambangan",Daha Selatan,2,1,3896,0,0,3310.7,613.8,4529.6,201.4,4114.9,0,0,0,0,0,0,0,,,1,1,2024,1,1,1,2024,2,0,0,0,1,0,0,0,0,0,0,0,0,0,1,0,1,0,0,0,1,0,300
305,Taminung,taminung,"Sarang Halang, Telaga Bidadari",Sungai Raya,2,1,1049,0,0,4069.8,4190.9,2443.1,1566.7,13203.1,0,0,0,0,0,1,2,2023,1,1,2,2023,2,1,2,2023,3,1,0,1,0,0,1,0,1,0,0,0,0,0,0,0,1,0,1,0,0,0,114
306,Tamiyang - Ds. Tamiyang (Eks TMMD),tamiyang – desa tamiyang eks,"Bumi Berkat, Tamiyang",Sungai Raya,2,1,644,0,0,4359.4,4390.1,11531.3,1786.9,6516.8,0,0,0,0,0,0,0,,,0,0,,,1,1,2025,1,0,0,0,0,1,0,0,0,0,1,0,0,0,0,0,0,0,0,0,0,0,107
307,Tanah Bangkang Menuju Balai Benih Ikan,tanah bangkang menuju balai benih ikan,Pahampangan,Padang Batung,1,1,340,0,0,6198.5,3506.8,6173.1,314.4,7923.7,0,0,0,0,0,0,0,,,0,0,,,0,0,,,0,0,0,0,0,0,0,0,0,0,0,0,0,0,0,0,0,0,0,0,0,108
308,Tanah Habang - Ds. Simpur,tanah habang – desa simpur,"Simpur, Wasah Hilir",Simpur,2,1,1152,0,0,1719.7,1507.5,6525,1400.5,5074.2,0,0,0,0,0,1,2,2023,1,1,2,2023,2,1,2,2023,3,0,1,1,0,0,0,1,0,0,0,0,0,1,0,0,0,1,0,0,0,1,242
309,Tanayung - Simp. Ambarai,tanayung – simp ambarai,"Karang Jawa, Pandulangan",Padang Batung,2,1,1327,0,0,1930.8,2770.5,6675.5,763.3,5253.2,0,0,0,0,0,1,1,2023,1,1,2,2024,1,1,2,2024,2,0,0,1,1,0,0,0,1,1,0,0,0,0,0,0,0,0,0,0,0,0,136
310,Tandik - Ds. Wasah Hilir,tandik – desa wasah hilir,"Kapuh, Wasah Tengah",Simpur,2,1,1247,0,0,2227.2,2247,3854.6,338.4,40544.1,0,0,0,0,0,0,0,,,0,0,,,0,0,,,0,0,0,0,0,0,0,0,0,0,0,0,0,0,0,0,0,0,0,0,0,235
311,Tanginau - Balai Haruyan,tanginau – balai haruyan,"Kamawakan, Tumingki",Loksado,2,1,383,0,0,38431.3,5308.5,40641.7,1530.9,5930.7,0,0,0,0,0,1,1,2023,1,1,1,2023,2,1,1,2023,3,0,0,1,0,0,0,0,1,0,0,0,0,0,0,0,0,0,0,0,0,0,281
312,Taniran Selatan - Rantauan,taniran selatan – rantauan,"Bakarung, Gambah Luar, Taniran Selatan","Angkinang, Kandangan",3,2,1967,0,1,1183.2,2223.6,7793.6,981.5,9536.8,0,0,0,0,0,1,1,2023,1,1,1,2023,2,1,1,2023,3,0,0,1,0,0,0,0,0,0,0,0,0,1,0,0,0,0,0,0,0,0,168
313,Taniran Selatan Kubah - Buntut Taniran / Wawaran,taniran selatan kubah – buntut taniran wawaran,"Bakarung, Sungai Kupang, Taniran Kubah, Taniran Selatan","Angkinang, Kandangan",4,2,3450,1,1,3451.8,5726.6,11399.7,145.5,6836,0,0,0,0,0,1,1,2023,1,1,2,2024,1,1,3,2025,1,0,0,1,1,1,0,0,1,1,0,0,0,0,0,1,1,0,0,0,1,0,171
314,Taniran Tengah - Taniran Selatan,taniran tengah – taniran selatan,"Taniran Kubah, Taniran Selatan",Angkinang,2,1,1383,0,0,1884.6,3129,8698.9,1459.4,,1,0,0,0,0,0,0,,,1,1,2024,1,1,1,2024,2,0,0,0,1,0,0,0,0,0,0,0,0,0,1,0,0,0,0,0,0,0,184
315,Tanjung Selor - Ds. Badaun,tanjung selor – desa badaun,"Badaun, Bajayau Lama, Tanjung Selor",Daha Barat,3,1,1322,0,0,,,,737.9,9365.6,0,1,1,1,0,0,0,,,0,0,,,0,0,,,0,0,0,0,0,0,0,0,0,0,0,0,0,0,0,0,0,0,0,0,0,342
316,Tanjungan - Sp. 10 Batang Kulur - Sungai Kali,tanjungan – sp 10 batang kulur – sei kali,"Baru (Sungai Raya), Batang Kulur Kanan, Batang Kulur Kiri, Batang Kulur Tengah, Bumi Berkat, Paring Agung, Sungai Kali, Sungai Raya Selatan",Sungai Raya,8,1,2472,0,1,521.8,552.5,7693.7,1000.2,6193.3,0,0,0,0,0,1,3,2023,1,1,3,2023,2,1,3,2023,3,1,1,1,0,0,0,1,1,0,0,1,0,0,0,0,1,0,1,0,0,0,087
317,Tanjungan - Sp. 3 Sakijang,tanjungan – sp 3 sakijang,"Paring Agung, Sarang Halang, Sungai Raya Selatan",Sungai Raya,3,1,1361,0,0,4723.8,1843.3,4521.5,1010.2,30302.6,0,0,0,0,0,1,1,2022,2,1,1,2022,3,1,1,2022,4,0,1,0,0,0,0,1,0,0,0,0,0,0,0,0,0,1,0,1,0,0,104
318,Tanuhi - Hulu Banyu,tanuhi – hulu banyu,"Hulu Banyu, Tumingki",Loksado,2,1,712,1,0,28189.8,6376.2,30400.2,422.1,33413.1,0,0,0,0,0,0,0,,,1,1,2024,1,1,1,2024,2,0,0,0,1,0,0,0,0,1,0,0,0,0,0,0,0,0,0,0,0,0,272
319,Tanuhi - Ulang,tanuhi – ulang,"Hulu Banyu, Ulang",Loksado,2,1,740,1,0,31300.4,10246.3,33510.7,2940.2,34426.6,0,0,0,0,0,1,1,2023,1,1,2,2024,1,1,3,2025,1,0,0,1,1,1,0,0,1,1,0,0,0,0,0,1,0,0,0,0,0,0,258
320,Tataian - (Ds. Ulang) - Loksado,tataian – desa ulang – loksado,Ulang,Loksado,1,1,266,0,0,32313.9,11259.8,34524.3,2327.7,8108.2,0,0,0,0,0,0,0,,,0,0,,,0,0,,,0,0,0,0,0,0,0,0,0,0,0,0,0,0,0,0,0,0,0,0,0,282
321,Tawia - Kayu Abang,tawia – kayu abang,"Angkinang,KayuAbang,Tawia",Angkinang,3,1,1729,0,0,1881.3,2948.4,9971.1,316.3,3930.7,0,0,0,0,0,0,0,,,1,1,2024,1,1,1,2024,2,0,0,0,1,0,0,0,0,0,0,0,0,0,1,0,0,0,0,0,0,0,173
322,Telaga Banta - Patigan,telaga banta – patigan,"AmawangKiri,Lungau",Kandangan,2,1,717,0,0,4249.1,4208.4,5604.4,672.9,13564,0,0,0,0,0,0,0,,,1,1,2024,1,1,1,2024,2,0,0,0,1,0,0,0,0,0,0,0,0,0,1,0,0,0,0,0,0,0,079
323,Telaga Langsat - Pakuan Timur,telaga langsat – pakuan timur,"Mandala,PakuanTimur,Telaga Langsat",Telaga Langsat,3,1,536,0,0,5667.6,1807.7,15354.2,208.6,5233.5,0,0,0,0,0,1,2,2022,2,1,2,2022,3,1,2,2022,4,1,1,0,0,0,1,1,0,0,0,0,0,0,0,0,1,0,1,0,0,0,193
324,Teluk Haur I,teluk haur i,Teluk Haur,Daha Utara,1,1,616,1,0,2918.2,1429,4137.1,1065.6,30750.2,0,0,0,0,0,0,0,,,1,1,2024,1,1,1,2024,2,0,0,0,1,0,0,0,0,0,0,0,0,0,1,0,0,0,0,0,0,1,312
325,Teluk Haur II,teluk haur ii,Teluk Haur,Daha Utara,1,1,616,1,0,2535.4,1804.6,3754.3,682.8,30367.4,0,0,0,0,0,0,0,,,0,0,,,0,0,,,0,0,0,0,0,0,0,0,0,0,0,0,0,0,0,0,0,0,0,0,1,313
326,Teluk Mesjid - Sp. 4 Muara Banta,teluk mesjid – sp 4 muara banta,Kandangan Kota,Kandangan,1,1,3189,0,1,1044,1570.5,2861.8,120.5,1157.7,0,0,0,0,0,0,0,,,0,0,,,0,0,,,0,0,0,0,0,0,0,0,0,0,0,0,0,0,0,0,1,0,0,0,1,005
327,Teluk Pinang - Baluti,teluk pinang – baluti,"Baluti, Tibung Raya",Kandangan,2,1,2315,0,,1071.6,1221.6,1568.9,323.8,1389.9,0,0,0,0,0,0,0,,,0,0,,,1,1,2025,1,0,0,0,0,1,0,0,0,0,1,0,0,0,0,0,0,0,0,0,0,0,067
328,Teluk Pinang - Padang Rasau,teluk pinang – padang rasau,"Baluti, Jambu Hilir, Jembatan Merah","Kandangan, Padang Batung",3,2,3515,0,1,3128.2,2288.5,3236.9,1380.8,3546.1,0,0,0,0,0,1,2,2023,1,1,2,2023,2,1,2,2023,3,0,1,1,0,0,0,1,1,0,0,0,0,0,0,0,0,0,0,0,0,0,135
329,Teluk Pinang - Pahampangan Utara,teluk pinang – pahampangan utara,"Karasikan, Pahampangan","Padang Batung, Sungai Raya",2,2,748,0,1,4137.9,3602.1,2974.2,650.8,4456.2,0,0,0,0,0,1,1,2023,1,1,1,2023,2,1,1,2023,3,0,0,1,0,0,0,0,1,0,0,0,0,0,0,0,0,0,0,0,0,0,101
330,Tembok Baru - Ds. Baluti,tembok baru – desa baluti,"Baluti, Tibung Raya",Kandangan,2,1,2315,0,1,956.5,1106.6,1294.7,208.7,1274.8,0,0,0,0,0,0,0,,,0,0,,,0,0,,,0,0,0,0,0,0,0,0,0,0,0,0,0,0,0,0,0,0,0,0,0,073
331,Tembok Baru (Asam Cangkok),tembok baru asam cangkok,"Amawang Kanan, Sungai Paring",Kandangan,2,1,1206,0,1,2446.5,2596.6,2421,891,2301.6,0,0,0,0,0,0,0,,,0,0,,,0,0,,,0,0,0,0,0,0,0,0,0,0,0,0,0,0,0,0,0,0,0,0,0,071
332,Tembok Kacil. Sei. Kudung,tembok kacil sei kudung,"Gambah Luar, Tabihi","Kandangan, Padang Batung",2,2,1157,0,1,2488.8,269.4,5545.2,277,3682.3,0,0,0,0,0,0,0,,,0,0,,,0,0,,,0,0,0,0,0,0,0,0,0,0,0,0,0,0,0,0,0,0,0,0,0,058
333,Tembok Lama - Loklua,tembok lama – loklua,Jambu Hilir,Kandangan,1,1,1850,0,0,1416.8,742.1,2709.9,611.8,1735.1,0,0,0,0,0,1,1,2023,1,1,1,2023,2,1,1,2023,3,0,0,1,0,0,0,0,1,0,0,0,0,0,0,0,0,0,0,0,0,0,036
334,Teratai Menuju Komplek Perumnas Hamalau,teratai menuju komp perumnas hamalau,Hamalau,Sungai Raya,1,1,837,0,0,1852.1,2002.2,1298.2,1020.5,2170.4,0,0,0,0,0,1,1,2023,1,1,1,2023,2,1,1,2023,3,0,0,1,0,0,0,0,0,0,0,0,0,1,0,0,0,1,0,1,0,0,066
335,Tibung Dalam - Teratai,tibung dalam – teratai,Hamalau,Sungai Raya,1,1,837,0,0,2644.2,2794.3,1500.9,632.2,2962.6,0,0,0,0,0,0,0,,,0,0,,,0,0,,,0,0,0,0,0,0,0,0,0,0,0,0,0,0,0,0,0,0,0,0,0,064
336,Tibung Raya - Asam Cangkuk,tibung raya – asam cangkuk,"Hamalau, Telaga Bidadari, Tibung Raya","Kandangan, Sungai Raya",3,2,2443,0,0,1790.1,1940.2,907.7,882.7,1835.2,0,0,0,0,0,0,0,,,1,1,2024,1,1,1,2024,2,0,0,0,1,0,0,0,0,0,0,0,0,0,1,0,0,0,0,0,0,0,051
337,Tibung Raya - Hamalau Dalam,tibung raya – hamalau dalam,"Hamalau, Tibung Raya","Kandangan, Sungai Raya",2,2,1775,0,0,1222.3,1372.3,1028.9,390.6,1540.6,0,0,0,0,0,1,1,2023,1,1,1,2023,2,1,1,2023,3,0,0,1,0,0,0,0,1,0,0,0,0,0,0,0,0,0,0,0,0,0,068
338,TPA - Ds. Sungai Raya Selatan,tpa – desa sei raya selatan,Sungai Raya Selatan,Sungai Raya,1,1,588,0,0,5679.4,2870.1,7259.7,3159.3,8931.6,0,0,0,0,0,0,0,,,0,0,,,0,0,,,0,0,0,0,0,0,0,0,0,0,0,0,0,0,0,0,0,0,0,0,0,132
339,Tukang Garit (Tambangan),tukang garit tambangan,Tambangan,Daha Selatan,1,1,1738,0,0,3270.7,280.5,4489.5,131.9,31102.7,0,0,0,0,0,1,1,2023,1,1,1,2023,2,1,2,2025,1,0,0,1,0,1,0,0,1,0,1,0,0,0,0,0,0,1,0,0,0,1,309
340,Tumbukan Banyu - Banua Hanyar,tumbukan banyu – banua hanyar,"Banua Hanyar, Habirau, Habirau Tengah, Parigi, Sungai Pinang, Tumbukan Banyu",Daha Selatan,6,1,5088,0,0,2798.2,1629.9,4017.1,627.7,30630.2,0,0,0,0,0,1,2,2023,1,1,2,2023,2,1,3,2025,1,1,0,1,0,1,0,0,0,0,0,1,0,1,0,1,0,0,0,0,0,0,290
341,Tungkaran - Ds. Ulin,tungkaran – desa ulin,"Ulin, Wasah Hulu",Simpur,2,1,1117,0,1,3754.5,1012.8,5054.6,744,4992.7,0,0,0,0,0,1,1,2022,2,1,1,2022,3,1,1,2022,4,0,1,0,0,0,0,1,0,0,0,0,0,0,0,0,0,0,0,0,0,0,222
342,Ulang - Bangkaun,ulang – bangkaun,Ulang,Loksado,1,1,266,0,0,36897.3,15843.2,39107.7,2656.7,39010.1,0,0,0,0,0,0,0,,,0,0,,,0,0,,,0,0,0,0,0,0,0,0,0,0,0,0,0,0,0,0,0,0,0,0,0,288
343,Ulang - Kacang Parang,ulang – kacang parang,Ulang,Loksado,1,1,266,0,0,35953.1,14899,38163.5,1712.5,38065.9,0,0,0,0,0,1,1,2023,1,1,1,2023,2,1,1,2023,3,0,0,1,0,0,0,0,1,0,0,0,0,0,0,0,0,0,0,0,0,0,283
344,Ulin - Tanggul (Balai Mas),ulin – tanggul balai mas,"Pantai Ulin, Ulin",Simpur,2,1,1333,0,0,5253.7,3395,7436.8,247.2,7601.5,0,0,0,0,0,0,0,,,0,0,,,0,0,,,0,0,0,0,0,0,0,0,0,0,0,0,0,0,0,0,0,0,0,0,0,211
345,Umpaya - Tumarin,umpaya – tumarin,Hamak Utara,Telaga Langsat,1,1,371,0,0,22468.8,18426.1,24679.2,755,24581.6,0,0,0,0,0,0,0,,,0,0,,,0,0,,,0,0,0,0,0,0,0,0,0,0,0,0,0,0,0,0,0,0,0,0,0,200
346,Wahab Syahrani,wahab syahrani,Kandangan Barat,Kandangan,1,1,1874,0,1,705.7,1202.3,2250.3,328.4,387.4,0,0,0,0,0,0,0,,,0,0,,,0,0,,,0,0,0,0,0,0,0,0,0,0,0,0,0,0,0,0,0,0,0,0,0,019
347,Wasah Hilir - Amparaya,wasah hilir – amparaya,"Panjampang Bahagia, Wasah Hilir",Simpur,2,1,1171,0,1,1485.7,2749,7203.5,1357.6,7368.2,0,0,0,0,0,0,0,,,0,0,,,1,1,2025,1,0,0,0,0,1,0,0,0,0,0,0,0,0,0,1,0,0,0,0,0,0,209
348,Wasah Hilir - Sarang Halang,wasah hilir – sarang halang,"Sarang Halang, Wasah Hilir","Simpur, Sungai Raya",2,2,1110,0,1,1619.3,2456.8,5860.5,1289.8,7361.8,0,0,0,0,0,1,3,2023,1,1,3,2023,2,1,3,2023,3,1,1,1,0,0,1,1,0,0,0,0,0,1,0,0,0,0,0,0,0,0,205
349,Wasah Hulu - Amparaya - Simpur,wasah hulu – amparaya – simpur,"Amparaya, Garunggang, Panjampang Bahagia, Simpur, Ulin, Wasah Hulu",Simpur,6,1,2885,0,1,3325.3,3394.2,7436,146.6,7600.7,0,0,0,0,0,1,1,2023,1,1,1,2023,2,1,1,2023,3,0,0,1,0,0,0,0,1,0,0,0,0,1,0,0,0,0,0,0,0,1,204
350,Wasah Tengah - Sungai Tarap,wasah tengah – sei tarap,"Kapuh, Sarang Halang, Wasah Tengah","Simpur, Sungai Raya",3,2,1628,0,1,2782.1,2691.8,3352.4,744.2,4751,0,0,0,0,0,0,0,,,1,1,2024,1,1,1,2024,2,0,0,0,1,0,0,0,0,0,0,0,0,0,1,0,0,0,0,0,0,0,208
