village_id,village_name,district_name,year,households_total,households_male,households_female,metric_label,source,source_reference
"63.06.04.2005","Angkinang","Angkinang",2025,760,575,185,"RUMAH TANGGA","DISDUKCAPIL_HSS_2025","DATA JUMLAH RUMAH TANGGA.xlsx"
"63.06.04.2007","Angkinang Selatan","Angkinang",2025,371,255,116,"RUMAH TANGGA","DISDUKCAPIL_HSS_2025","DATA JUMLAH RUMAH TANGGA.xlsx"
"63.06.04.2011","Bakarung","Angkinang",2025,936,655,281,"RUMAH TANGGA","DISDUKCAPIL_HSS_2025","DATA JUMLAH RUMAH TANGGA.xlsx"
"63.06.04.2002","Bamban","Angkinang",2025,499,350,149,"RUMAH TANGGA","DISDUKCAPIL_HSS_2025","DATA JUMLAH RUMAH TANGGA.xlsx"
"63.06.04.2003","Bamban Selatan","Angkinang",2025,447,335,112,"RUMAH TANGGA","DISDUKCAPIL_HSS_2025","DATA JUMLAH RUMAH TANGGA.xlsx"
"63.06.04.2001","Bamban Utara","Angkinang",2025,554,406,148,"RUMAH TANGGA","DISDUKCAPIL_HSS_2025","DATA JUMLAH RUMAH TANGGA.xlsx"
"63.06.04.2004","Kayu Abang","Angkinang",2025,787,575,212,"RUMAH TANGGA","DISDUKCAPIL_HSS_2025","DATA JUMLAH RUMAH TANGGA.xlsx"
"63.06.04.2009","Taniran Kubah","Angkinang",2025,838,631,207,"RUMAH TANGGA","DISDUKCAPIL_HSS_2025","DATA JUMLAH RUMAH TANGGA.xlsx"
"63.06.04.2010","Taniran Selatan","Angkinang",2025,545,401,144,"RUMAH TANGGA","DISDUKCAPIL_HSS_2025","DATA JUMLAH RUMAH TANGGA.xlsx"
"63.06.04.2008","Tawia","Angkinang",2025,969,721,248,"RUMAH TANGGA","DISDUKCAPIL_HSS_2025","DATA JUMLAH RUMAH TANGGA.xlsx"
"63.06.04.2006","Telaga Sili-Sili","Angkinang",2025,423,319,104,"RUMAH TANGGA","DISDUKCAPIL_HSS_2025","DATA JUMLAH RUMAH TANGGA.xlsx"
"63.06.11.2004","Badaun","Daha Barat",2025,289,242,47,"RUMAH TANGGA","DISDUKCAPIL_HSS_2025","DATA JUMLAH RUMAH TANGGA.xlsx"
"63.06.11.2005","Bajayau","Daha Barat",2025,345,280,65,"RUMAH TANGGA","DISDUKCAPIL_HSS_2025","DATA JUMLAH RUMAH TANGGA.xlsx"
"63.06.11.2007","Bajayau Lama","Daha Barat",2025,426,357,69,"RUMAH TANGGA","DISDUKCAPIL_HSS_2025","DATA JUMLAH RUMAH TANGGA.xlsx"
"63.06.11.2006","Bajayau Tengah","Daha Barat",2025,389,319,70,"RUMAH TANGGA","DISDUKCAPIL_HSS_2025","DATA JUMLAH RUMAH TANGGA.xlsx"
"63.06.11.2002","Baru","Daha Barat",2025,330,264,66,"RUMAH TANGGA","DISDUKCAPIL_HSS_2025","DATA JUMLAH RUMAH TANGGA.xlsx"
"63.06.11.2001","Siang Gantung","Daha Barat",2025,331,272,59,"RUMAH TANGGA","DISDUKCAPIL_HSS_2025","DATA JUMLAH RUMAH TANGGA.xlsx"
"63.06.11.2003","Tanjung Selor","Daha Barat",2025,607,493,114,"RUMAH TANGGA","DISDUKCAPIL_HSS_2025","DATA JUMLAH RUMAH TANGGA.xlsx"
"63.06.07.2004","Banjarbaru","Daha Selatan",2025,912,731,181,"RUMAH TANGGA","DISDUKCAPIL_HSS_2025","DATA JUMLAH RUMAH TANGGA.xlsx"
"63.06.07.2013","Banua Hanyar","Daha Selatan",2025,1109,883,226,"RUMAH TANGGA","DISDUKCAPIL_HSS_2025","DATA JUMLAH RUMAH TANGGA.xlsx"
"63.06.07.2015","Baruh Jaya","Daha Selatan",2025,2158,1669,489,"RUMAH TANGGA","DISDUKCAPIL_HSS_2025","DATA JUMLAH RUMAH TANGGA.xlsx"
"63.06.07.2005","Bayanan","Daha Selatan",2025,627,470,157,"RUMAH TANGGA","DISDUKCAPIL_HSS_2025","DATA JUMLAH RUMAH TANGGA.xlsx"
"63.06.07.2010","Habirau","Daha Selatan",2025,771,575,196,"RUMAH TANGGA","DISDUKCAPIL_HSS_2025","DATA JUMLAH RUMAH TANGGA.xlsx"
"63.06.07.2011","Habirau Tengah","Daha Selatan",2025,741,584,157,"RUMAH TANGGA","DISDUKCAPIL_HSS_2025","DATA JUMLAH RUMAH TANGGA.xlsx"
"63.06.07.2001","Muning Baru","Daha Selatan",2025,527,444,83,"RUMAH TANGGA","DISDUKCAPIL_HSS_2025","DATA JUMLAH RUMAH TANGGA.xlsx"
"63.06.07.2002","Muning Dalam","Daha Selatan",2025,158,124,34,"RUMAH TANGGA","DISDUKCAPIL_HSS_2025","DATA JUMLAH RUMAH TANGGA.xlsx"
"63.06.07.2003","Muning Tengah","Daha Selatan",2025,544,435,109,"RUMAH TANGGA","DISDUKCAPIL_HSS_2025","DATA JUMLAH RUMAH TANGGA.xlsx"
"63.06.07.2006","Pandan Sari","Daha Selatan",2025,483,355,128,"RUMAH TANGGA","DISDUKCAPIL_HSS_2025","DATA JUMLAH RUMAH TANGGA.xlsx"
"63.06.07.2012","Parigi","Daha Selatan",2025,838,662,176,"RUMAH TANGGA","DISDUKCAPIL_HSS_2025","DATA JUMLAH RUMAH TANGGA.xlsx"
"63.06.07.2007","Pihanin Raya","Daha Selatan",2025,965,757,208,"RUMAH TANGGA","DISDUKCAPIL_HSS_2025","DATA JUMLAH RUMAH TANGGA.xlsx"
"63.06.07.2016","Samuda","Daha Selatan",2025,1352,1031,321,"RUMAH TANGGA","DISDUKCAPIL_HSS_2025","DATA JUMLAH RUMAH TANGGA.xlsx"
"63.06.07.2009","Sungai Pinang","Daha Selatan",2025,706,553,153,"RUMAH TANGGA","DISDUKCAPIL_HSS_2025","DATA JUMLAH RUMAH TANGGA.xlsx"
"63.06.07.2014","Tambangan","Daha Selatan",2025,1738,1331,407,"RUMAH TANGGA","DISDUKCAPIL_HSS_2025","DATA JUMLAH RUMAH TANGGA.xlsx"
"63.06.07.2008","Tumbukan Banyu","Daha Selatan",2025,923,683,240,"RUMAH TANGGA","DISDUKCAPIL_HSS_2025","DATA JUMLAH RUMAH TANGGA.xlsx"
"63.06.08.2008","Balah Paikat","Daha Utara",2025,458,364,94,"RUMAH TANGGA","DISDUKCAPIL_HSS_2025","DATA JUMLAH RUMAH TANGGA.xlsx"
"63.06.08.2012","Baruh Kembang","Daha Utara",2025,870,642,228,"RUMAH TANGGA","DISDUKCAPIL_HSS_2025","DATA JUMLAH RUMAH TANGGA.xlsx"
"63.06.08.2019","Hakurung","Daha Utara",2025,670,515,155,"RUMAH TANGGA","DISDUKCAPIL_HSS_2025","DATA JUMLAH RUMAH TANGGA.xlsx"
"63.06.08.2016","Hamayung","Daha Utara",2025,765,581,184,"RUMAH TANGGA","DISDUKCAPIL_HSS_2025","DATA JUMLAH RUMAH TANGGA.xlsx"
"63.06.08.2017","Hamayung Utara","Daha Utara",2025,589,432,157,"RUMAH TANGGA","DISDUKCAPIL_HSS_2025","DATA JUMLAH RUMAH TANGGA.xlsx"
"63.06.08.2011","Mdl. Murung Mesjid","Daha Utara",2025,406,310,96,"RUMAH TANGGA","DISDUKCAPIL_HSS_2025","DATA JUMLAH RUMAH TANGGA.xlsx"
"63.06.08.2007","Murung Raya","Daha Utara",2025,502,402,100,"RUMAH TANGGA","DISDUKCAPIL_HSS_2025","DATA JUMLAH RUMAH TANGGA.xlsx"
"63.06.08.2018","Paharangan","Daha Utara",2025,646,496,150,"RUMAH TANGGA","DISDUKCAPIL_HSS_2025","DATA JUMLAH RUMAH TANGGA.xlsx"
"63.06.08.2004","Pakan Dalam","Daha Utara",2025,727,554,173,"RUMAH TANGGA","DISDUKCAPIL_HSS_2025","DATA JUMLAH RUMAH TANGGA.xlsx"
"63.06.08.2001","Pakapuran Kecil","Daha Utara",2025,925,740,185,"RUMAH TANGGA","DISDUKCAPIL_HSS_2025","DATA JUMLAH RUMAH TANGGA.xlsx"
"63.06.08.2006","Pandak Daun","Daha Utara",2025,359,276,83,"RUMAH TANGGA","DISDUKCAPIL_HSS_2025","DATA JUMLAH RUMAH TANGGA.xlsx"
"63.06.08.2002","Panggandingan","Daha Utara",2025,633,499,134,"RUMAH TANGGA","DISDUKCAPIL_HSS_2025","DATA JUMLAH RUMAH TANGGA.xlsx"
"63.06.08.2005","Paramaian","Daha Utara",2025,659,469,190,"RUMAH TANGGA","DISDUKCAPIL_HSS_2025","DATA JUMLAH RUMAH TANGGA.xlsx"
"63.06.08.2014","Pasungkan","Daha Utara",2025,441,332,109,"RUMAH TANGGA","DISDUKCAPIL_HSS_2025","DATA JUMLAH RUMAH TANGGA.xlsx"
"63.06.08.2009","Sungai Garuda","Daha Utara",2025,317,244,73,"RUMAH TANGGA","DISDUKCAPIL_HSS_2025","DATA JUMLAH RUMAH TANGGA.xlsx"
"63.06.08.2010","Sungai Mandala","Daha Utara",2025,489,376,113,"RUMAH TANGGA","DISDUKCAPIL_HSS_2025","DATA JUMLAH RUMAH TANGGA.xlsx"
"63.06.08.2003","Tambak Bitin","Daha Utara",2025,539,407,132,"RUMAH TANGGA","DISDUKCAPIL_HSS_2025","DATA JUMLAH RUMAH TANGGA.xlsx"
"63.06.08.2013","Teluk Haur","Daha Utara",2025,616,460,156,"RUMAH TANGGA","DISDUKCAPIL_HSS_2025","DATA JUMLAH RUMAH TANGGA.xlsx"
"63.06.08.2015","Teluk Kabak","Daha Utara",2025,541,425,116,"RUMAH TANGGA","DISDUKCAPIL_HSS_2025","DATA JUMLAH RUMAH TANGGA.xlsx"
"63.06.09.2003","Bago Tanggul","Kalumpang",2025,189,145,44,"RUMAH TANGGA","DISDUKCAPIL_HSS_2025","DATA JUMLAH RUMAH TANGGA.xlsx"
"63.06.09.2005","Balanti","Kalumpang",2025,225,172,53,"RUMAH TANGGA","DISDUKCAPIL_HSS_2025","DATA JUMLAH RUMAH TANGGA.xlsx"
"63.06.09.2001","Balimau","Kalumpang",2025,310,228,82,"RUMAH TANGGA","DISDUKCAPIL_HSS_2025","DATA JUMLAH RUMAH TANGGA.xlsx"
"63.06.09.2006","Kalumpang","Kalumpang",2025,345,242,103,"RUMAH TANGGA","DISDUKCAPIL_HSS_2025","DATA JUMLAH RUMAH TANGGA.xlsx"
"63.06.09.2004","Karang Bulan","Kalumpang",2025,201,147,54,"RUMAH TANGGA","DISDUKCAPIL_HSS_2025","DATA JUMLAH RUMAH TANGGA.xlsx"
"63.06.09.2002","Karang Paci","Kalumpang",2025,239,162,77,"RUMAH TANGGA","DISDUKCAPIL_HSS_2025","DATA JUMLAH RUMAH TANGGA.xlsx"
"63.06.09.2008","Sirih","Kalumpang",2025,371,269,102,"RUMAH TANGGA","DISDUKCAPIL_HSS_2025","DATA JUMLAH RUMAH TANGGA.xlsx"
"63.06.09.2009","Sirih Hulu","Kalumpang",2025,289,209,80,"RUMAH TANGGA","DISDUKCAPIL_HSS_2025","DATA JUMLAH RUMAH TANGGA.xlsx"
"63.06.09.2007","Tambingkar","Kalumpang",2025,305,217,88,"RUMAH TANGGA","DISDUKCAPIL_HSS_2025","DATA JUMLAH RUMAH TANGGA.xlsx"
"63.06.05.2016","Amawang Kanan","Kandangan",2025,630,479,151,"RUMAH TANGGA","DISDUKCAPIL_HSS_2025","DATA JUMLAH RUMAH TANGGA.xlsx"
"63.06.05.2014","Amawang Kiri","Kandangan",2025,786,618,168,"RUMAH TANGGA","DISDUKCAPIL_HSS_2025","DATA JUMLAH RUMAH TANGGA.xlsx"
"63.06.05.2015","Amawang Kiri Muka","Kandangan",2025,739,535,204,"RUMAH TANGGA","DISDUKCAPIL_HSS_2025","DATA JUMLAH RUMAH TANGGA.xlsx"
"63.06.05.2018","Baluti","Kandangan",2025,1377,973,404,"RUMAH TANGGA","DISDUKCAPIL_HSS_2025","DATA JUMLAH RUMAH TANGGA.xlsx"
"63.06.05.2010","Bangkau","Kandangan",2025,638,494,144,"RUMAH TANGGA","DISDUKCAPIL_HSS_2025","DATA JUMLAH RUMAH TANGGA.xlsx"
"63.06.05.2013","Bariang","Kandangan",2025,378,277,101,"RUMAH TANGGA","DISDUKCAPIL_HSS_2025","DATA JUMLAH RUMAH TANGGA.xlsx"
"63.06.05.2007","Gambah Dalam","Kandangan",2025,862,644,218,"RUMAH TANGGA","DISDUKCAPIL_HSS_2025","DATA JUMLAH RUMAH TANGGA.xlsx"
"63.06.05.2008","Gambah Dalam Barat","Kandangan",2025,539,388,151,"RUMAH TANGGA","DISDUKCAPIL_HSS_2025","DATA JUMLAH RUMAH TANGGA.xlsx"
"63.06.05.2005","Gambah Luar","Kandangan",2025,486,344,142,"RUMAH TANGGA","DISDUKCAPIL_HSS_2025","DATA JUMLAH RUMAH TANGGA.xlsx"
"63.06.05.2006","Gambah Luar Muka","Kandangan",2025,775,575,200,"RUMAH TANGGA","DISDUKCAPIL_HSS_2025","DATA JUMLAH RUMAH TANGGA.xlsx"
"63.06.05.1004","Jambu Hilir","Kandangan",2025,1850,1346,504,"RUMAH TANGGA","DISDUKCAPIL_HSS_2025","DATA JUMLAH RUMAH TANGGA.xlsx"
"63.06.05.1003","Kandangan Barat","Kandangan",2025,1874,1346,528,"RUMAH TANGGA","DISDUKCAPIL_HSS_2025","DATA JUMLAH RUMAH TANGGA.xlsx"
"63.06.05.1001","Kandangan Kota","Kandangan",2025,3189,2319,870,"RUMAH TANGGA","DISDUKCAPIL_HSS_2025","DATA JUMLAH RUMAH TANGGA.xlsx"
"63.06.05.1002","Kandangan Utara","Kandangan",2025,1142,827,315,"RUMAH TANGGA","DISDUKCAPIL_HSS_2025","DATA JUMLAH RUMAH TANGGA.xlsx"
"63.06.05.2011","Lungau","Kandangan",2025,717,558,159,"RUMAH TANGGA","DISDUKCAPIL_HSS_2025","DATA JUMLAH RUMAH TANGGA.xlsx"
"63.06.05.2009","Sungai Kupang","Kandangan",2025,1131,846,285,"RUMAH TANGGA","DISDUKCAPIL_HSS_2025","DATA JUMLAH RUMAH TANGGA.xlsx"
"63.06.05.2012","Sungai Paring","Kandangan",2025,576,409,167,"RUMAH TANGGA","DISDUKCAPIL_HSS_2025","DATA JUMLAH RUMAH TANGGA.xlsx"
"63.06.05.2017","Tibung Raya","Kandangan",2025,938,718,220,"RUMAH TANGGA","DISDUKCAPIL_HSS_2025","DATA JUMLAH RUMAH TANGGA.xlsx"
"63.06.10.2001","Halunuk","Loksado",2025,303,237,66,"RUMAH TANGGA","DISDUKCAPIL_HSS_2025","DATA JUMLAH RUMAH TANGGA.xlsx"
"63.06.10.2010","Haratai","Loksado",2025,235,190,45,"RUMAH TANGGA","DISDUKCAPIL_HSS_2025","DATA JUMLAH RUMAH TANGGA.xlsx"
"63.06.10.2005","Hulu Banyu","Loksado",2025,474,369,105,"RUMAH TANGGA","DISDUKCAPIL_HSS_2025","DATA JUMLAH RUMAH TANGGA.xlsx"
"63.06.10.2007","Kamawakan","Loksado",2025,145,103,42,"RUMAH TANGGA","DISDUKCAPIL_HSS_2025","DATA JUMLAH RUMAH TANGGA.xlsx"
"63.06.10.2008","Lok Lahung","Loksado",2025,138,112,26,"RUMAH TANGGA","DISDUKCAPIL_HSS_2025","DATA JUMLAH RUMAH TANGGA.xlsx"
"63.06.10.2009","Loksado","Loksado",2025,346,274,72,"RUMAH TANGGA","DISDUKCAPIL_HSS_2025","DATA JUMLAH RUMAH TANGGA.xlsx"
"63.06.10.2003","Lumpangi","Loksado",2025,385,301,84,"RUMAH TANGGA","DISDUKCAPIL_HSS_2025","DATA JUMLAH RUMAH TANGGA.xlsx"
"63.06.10.2004","Malinau","Loksado",2025,443,335,108,"RUMAH TANGGA","DISDUKCAPIL_HSS_2025","DATA JUMLAH RUMAH TANGGA.xlsx"
"63.06.10.2002","Panggungan","Loksado",2025,136,100,36,"RUMAH TANGGA","DISDUKCAPIL_HSS_2025","DATA JUMLAH RUMAH TANGGA.xlsx"
"63.06.10.2006","Tumingki","Loksado",2025,238,178,60,"RUMAH TANGGA","DISDUKCAPIL_HSS_2025","DATA JUMLAH RUMAH TANGGA.xlsx"
"63.06.10.2011","Ulang","Loksado",2025,266,200,66,"RUMAH TANGGA","DISDUKCAPIL_HSS_2025","DATA JUMLAH RUMAH TANGGA.xlsx"
"63.06.02.2010","Batu Bini","Padang Batung",2025,719,543,176,"RUMAH TANGGA","DISDUKCAPIL_HSS_2025","DATA JUMLAH RUMAH TANGGA.xlsx"
"63.06.02.2015","Batu Laki","Padang Batung",2025,507,379,128,"RUMAH TANGGA","DISDUKCAPIL_HSS_2025","DATA JUMLAH RUMAH TANGGA.xlsx"
"63.06.02.2013","Durian Rabung","Padang Batung",2025,289,218,71,"RUMAH TANGGA","DISDUKCAPIL_HSS_2025","DATA JUMLAH RUMAH TANGGA.xlsx"
"63.06.02.2006","Jambu Hulu","Padang Batung",2025,551,395,156,"RUMAH TANGGA","DISDUKCAPIL_HSS_2025","DATA JUMLAH RUMAH TANGGA.xlsx"
"63.06.02.2014","Jelatang","Padang Batung",2025,373,282,91,"RUMAH TANGGA","DISDUKCAPIL_HSS_2025","DATA JUMLAH RUMAH TANGGA.xlsx"
"63.06.02.2009","Jembatan Merah","Padang Batung",2025,288,203,85,"RUMAH TANGGA","DISDUKCAPIL_HSS_2025","DATA JUMLAH RUMAH TANGGA.xlsx"
"63.06.02.2005","Kaliring","Padang Batung",2025,629,429,200,"RUMAH TANGGA","DISDUKCAPIL_HSS_2025","DATA JUMLAH RUMAH TANGGA.xlsx"
"63.06.02.2002","Karang Jawa","Padang Batung",2025,640,465,175,"RUMAH TANGGA","DISDUKCAPIL_HSS_2025","DATA JUMLAH RUMAH TANGGA.xlsx"
"63.06.02.2001","Karang Jawa Muka","Padang Batung",2025,519,388,131,"RUMAH TANGGA","DISDUKCAPIL_HSS_2025","DATA JUMLAH RUMAH TANGGA.xlsx"
"63.06.02.2012","Madang","Padang Batung",2025,448,360,88,"RUMAH TANGGA","DISDUKCAPIL_HSS_2025","DATA JUMLAH RUMAH TANGGA.xlsx"
"63.06.02.2017","Malilingin","Padang Batung",2025,371,286,85,"RUMAH TANGGA","DISDUKCAPIL_HSS_2025","DATA JUMLAH RUMAH TANGGA.xlsx"
"63.06.02.2016","Malutu","Padang Batung",2025,565,427,138,"RUMAH TANGGA","DISDUKCAPIL_HSS_2025","DATA JUMLAH RUMAH TANGGA.xlsx"
"63.06.02.2011","Mawangi","Padang Batung",2025,418,293,125,"RUMAH TANGGA","DISDUKCAPIL_HSS_2025","DATA JUMLAH RUMAH TANGGA.xlsx"
"63.06.02.2008","Padang Batung","Padang Batung",2025,323,229,94,"RUMAH TANGGA","DISDUKCAPIL_HSS_2025","DATA JUMLAH RUMAH TANGGA.xlsx"
"63.06.02.2007","Pahampangan","Padang Batung",2025,340,240,100,"RUMAH TANGGA","DISDUKCAPIL_HSS_2025","DATA JUMLAH RUMAH TANGGA.xlsx"
"63.06.02.2004","Pandulangan","Padang Batung",2025,687,514,173,"RUMAH TANGGA","DISDUKCAPIL_HSS_2025","DATA JUMLAH RUMAH TANGGA.xlsx"
"63.06.02.2003","Tabihi","Padang Batung",2025,671,485,186,"RUMAH TANGGA","DISDUKCAPIL_HSS_2025","DATA JUMLAH RUMAH TANGGA.xlsx"
"63.06.06.2004","Amparaya","Simpur",2025,590,436,154,"RUMAH TANGGA","DISDUKCAPIL_HSS_2025","DATA JUMLAH RUMAH TANGGA.xlsx"
"63.06.06.2003","Garunggang","Simpur",2025,313,215,98,"RUMAH TANGGA","DISDUKCAPIL_HSS_2025","DATA JUMLAH RUMAH TANGGA.xlsx"
"63.06.06.2011","Kapuh","Simpur",2025,682,509,173,"RUMAH TANGGA","DISDUKCAPIL_HSS_2025","DATA JUMLAH RUMAH TANGGA.xlsx"
"63.06.06.2005","Panjampang Bahagia","Simpur",2025,442,322,120,"RUMAH TANGGA","DISDUKCAPIL_HSS_2025","DATA JUMLAH RUMAH TANGGA.xlsx"
"63.06.06.2007","Pantai Ulin","Simpur",2025,708,514,194,"RUMAH TANGGA","DISDUKCAPIL_HSS_2025","DATA JUMLAH RUMAH TANGGA.xlsx"
"63.06.06.2002","Simpur","Simpur",2025,423,280,143,"RUMAH TANGGA","DISDUKCAPIL_HSS_2025","DATA JUMLAH RUMAH TANGGA.xlsx"
"63.06.06.2001","Tebing Tinggi","Simpur",2025,404,281,123,"RUMAH TANGGA","DISDUKCAPIL_HSS_2025","DATA JUMLAH RUMAH TANGGA.xlsx"
"63.06.06.2006","Ulin","Simpur",2025,625,420,205,"RUMAH TANGGA","DISDUKCAPIL_HSS_2025","DATA JUMLAH RUMAH TANGGA.xlsx"
"63.06.06.2010","Wasah Hilir","Simpur",2025,729,519,210,"RUMAH TANGGA","DISDUKCAPIL_HSS_2025","DATA JUMLAH RUMAH TANGGA.xlsx"
"63.06.06.2008","Wasah Hulu","Simpur",2025,492,372,120,"RUMAH TANGGA","DISDUKCAPIL_HSS_2025","DATA JUMLAH RUMAH TANGGA.xlsx"
"63.06.06.2009","Wasah Tengah","Simpur",2025,565,424,141,"RUMAH TANGGA","DISDUKCAPIL_HSS_2025","DATA JUMLAH RUMAH TANGGA.xlsx"
"63.06.01.2014","Asam","Sungai Raya",2025,412,304,108,"RUMAH TANGGA","DISDUKCAPIL_HSS_2025","DATA JUMLAH RUMAH TANGGA.xlsx"
"63.06.01.2012","Baru","Sungai Raya",2025,331,237,94,"RUMAH TANGGA","DISDUKCAPIL_HSS_2025","DATA JUMLAH RUMAH TANGGA.xlsx"
"63.06.01.2011","Batang Kulur Kanan","Sungai Raya",2025,268,177,91,"RUMAH TANGGA","DISDUKCAPIL_HSS_2025","DATA JUMLAH RUMAH TANGGA.xlsx"
"63.06.01.2009","Batang Kulur Kiri","Sungai Raya",2025,251,180,71,"RUMAH TANGGA","DISDUKCAPIL_HSS_2025","DATA JUMLAH RUMAH TANGGA.xlsx"
"63.06.01.2010","Batang Kulur Tengah","Sungai Raya",2025,208,154,54,"RUMAH TANGGA","DISDUKCAPIL_HSS_2025","DATA JUMLAH RUMAH TANGGA.xlsx"
"63.06.01.2008","Bumi Berkat","Sungai Raya",2025,259,178,81,"RUMAH TANGGA","DISDUKCAPIL_HSS_2025","DATA JUMLAH RUMAH TANGGA.xlsx"
"63.06.01.2001","Hamalau","Sungai Raya",2025,837,643,194,"RUMAH TANGGA","DISDUKCAPIL_HSS_2025","DATA JUMLAH RUMAH TANGGA.xlsx"
"63.06.01.2006","Hariti","Sungai Raya",2025,216,152,64,"RUMAH TANGGA","DISDUKCAPIL_HSS_2025","DATA JUMLAH RUMAH TANGGA.xlsx"
"63.06.01.2007","Ida Manggala","Sungai Raya",2025,483,348,135,"RUMAH TANGGA","DISDUKCAPIL_HSS_2025","DATA JUMLAH RUMAH TANGGA.xlsx"
"63.06.01.2003","Karasikan","Sungai Raya",2025,408,286,122,"RUMAH TANGGA","DISDUKCAPIL_HSS_2025","DATA JUMLAH RUMAH TANGGA.xlsx"
"63.06.01.2017","Paring Agung","Sungai Raya",2025,392,285,107,"RUMAH TANGGA","DISDUKCAPIL_HSS_2025","DATA JUMLAH RUMAH TANGGA.xlsx"
"63.06.01.2016","Sarang Halang","Sungai Raya",2025,381,276,105,"RUMAH TANGGA","DISDUKCAPIL_HSS_2025","DATA JUMLAH RUMAH TANGGA.xlsx"
"63.06.01.2015","Sungai Kali","Sungai Raya",2025,175,119,56,"RUMAH TANGGA","DISDUKCAPIL_HSS_2025","DATA JUMLAH RUMAH TANGGA.xlsx"
"63.06.01.2005","Sungai Raya Selatan","Sungai Raya",2025,588,413,175,"RUMAH TANGGA","DISDUKCAPIL_HSS_2025","DATA JUMLAH RUMAH TANGGA.xlsx"
"63.06.01.2004","Sungai Raya Utara","Sungai Raya",2025,393,276,117,"RUMAH TANGGA","DISDUKCAPIL_HSS_2025","DATA JUMLAH RUMAH TANGGA.xlsx"
"63.06.01.2013","Tamiyang","Sungai Raya",2025,385,270,115,"RUMAH TANGGA","DISDUKCAPIL_HSS_2025","DATA JUMLAH RUMAH TANGGA.xlsx"
"63.06.01.2018","Tanah Bangkang","Sungai Raya",2025,495,344,151,"RUMAH TANGGA","DISDUKCAPIL_HSS_2025","DATA JUMLAH RUMAH TANGGA.xlsx"
"63.06.01.2002","Telaga Bidadari","Sungai Raya",2025,668,496,172,"RUMAH TANGGA","DISDUKCAPIL_HSS_2025","DATA JUMLAH RUMAH TANGGA.xlsx"
"63.06.03.2004","Ambutun","Telaga Langsat",2025,252,177,75,"RUMAH TANGGA","DISDUKCAPIL_HSS_2025","DATA JUMLAH RUMAH TANGGA.xlsx"
"63.06.03.2009","Gumbil","Telaga Langsat",2025,574,436,138,"RUMAH TANGGA","DISDUKCAPIL_HSS_2025","DATA JUMLAH RUMAH TANGGA.xlsx"
"63.06.03.2005","Hamak","Telaga Langsat",2025,166,126,40,"RUMAH TANGGA","DISDUKCAPIL_HSS_2025","DATA JUMLAH RUMAH TANGGA.xlsx"
"63.06.03.2006","Hamak Timur","Telaga Langsat",2025,251,200,51,"RUMAH TANGGA","DISDUKCAPIL_HSS_2025","DATA JUMLAH RUMAH TANGGA.xlsx"
"63.06.03.2007","Hamak Utara","Telaga Langsat",2025,371,295,76,"RUMAH TANGGA","DISDUKCAPIL_HSS_2025","DATA JUMLAH RUMAH TANGGA.xlsx"
"63.06.03.2001","Lok Binuang","Telaga Langsat",2025,374,264,110,"RUMAH TANGGA","DISDUKCAPIL_HSS_2025","DATA JUMLAH RUMAH TANGGA.xlsx"
"63.06.03.2010","Longawang","Telaga Langsat",2025,338,259,79,"RUMAH TANGGA","DISDUKCAPIL_HSS_2025","DATA JUMLAH RUMAH TANGGA.xlsx"
"63.06.03.2003","Mandala","Telaga Langsat",2025,536,379,157,"RUMAH TANGGA","DISDUKCAPIL_HSS_2025","DATA JUMLAH RUMAH TANGGA.xlsx"
"63.06.03.2008","Pakuan Timur","Telaga Langsat",2025,361,266,95,"RUMAH TANGGA","DISDUKCAPIL_HSS_2025","DATA JUMLAH RUMAH TANGGA.xlsx"
"63.06.03.2011","Pandulangan","Telaga Langsat",2025,309,241,68,"RUMAH TANGGA","DISDUKCAPIL_HSS_2025","DATA JUMLAH RUMAH TANGGA.xlsx"
"63.06.03.2002","Telaga Langsat","Telaga Langsat",2025,389,286,103,"RUMAH TANGGA","DISDUKCAPIL_HSS_2025","DATA JUMLAH RUMAH TANGGA.xlsx"