source_ml_road_id,source_name,norm_panjang_ruas,norm_lebar_ruas,norm_kondisi_sedang,norm_rusak_ringan,norm_rusak_berat,norm_permukaan_aspal_penmac,norm_permukaan_beton,norm_penduduk_dilayani,norm_desa_dilalui,norm_kecamatan_dilalui,norm_koneksi_jalan_provinsi,norm_koneksi_jalan_nasional,norm_jarak_rsud_cost,norm_jarak_puskesmas_cost,norm_jarak_sd_smp_cost,norm_jarak_pasar_cost,norm_jarak_ibukota_kabupaten_cost,label_top105
325,AES Nasution,0.010557184750733138,0.045454545454545456,0.0,0.0,0.0,0.9999999683701768,0.0,0.13840482573726542,0.0,0.0,0.0,0.0,0.9671274253236647,0.9550242615536816,0.9793676213176418,0.9979778558078949,0.9970510727736346,0
189,Air Miris - Ds. Wasah Hilir,0.05865102639296187,0.0,0.0,0.0,0.0,1.0,0.0,0.1291331546023235,0.125,0.0,0.0,1.0,0.8699669129938552,0.9051915013897395,0.9171725447841793,0.9972784164920429,0.8677847837915693,0
285,Al - Ikhlas - Ds. Baluti,0.0187683284457478,0.045454545454545456,0.0,0.0,0.0,0.0,0.0,0.24318588025022342,0.125,0.0,0.0,0.0,0.9712846289528597,0.9336882272577378,0.9471279778530906,0.9964390893130204,0.9718720993502544,0
160,Aluh Idut,0.0750733137829912,0.18181818181818182,0.0,0.0,0.0,0.9999999211090332,0.0,0.6777256478999106,0.25,0.0,0.0,1.0,0.9362147081541601,0.9782446883685871,0.9827691085372363,0.9968581865549074,0.9853343148865346,1
75,Amawang Kanan - Wasah Hulu,0.18240469208211144,0.045454545454545456,0.9369085173501578,0.06309148264984228,0.0,0.9999999219509463,0.0,0.10991957104557641,0.125,0.5,0.0,1.0,0.9423848007286059,0.9205116125688981,0.9429195684828622,0.990709067225463,0.9385803753374089,1
33,Amawang Muka - Getek,0.31378299120234604,0.045454545454545456,0.07578558225508317,0.07393715341959335,0.0,0.9999999742232204,0.0,0.2615058087578195,0.375,0.0,0.0,0.0,0.8769071142827498,0.8244405709709333,0.976276488771368,0.9883499461969757,0.9245014883333866,0
133,Ambarai - Madang,0.09853372434017595,0.045454545454545456,0.0,0.0,0.0,0.9999999405375483,0.0,0.10612153708668454,0.125,0.0,0.0,0.0,0.8366539468071615,0.8482640033919066,0.8723200873958761,0.9932570651866115,0.8876121584568276,0
148,AMD - Ds. Lok Binuang,0.08856304985337243,0.045454545454545456,0.0,0.0,1.0,0.12738852389929495,0.0,0.06981680071492403,0.125,0.0,0.0,0.0,0.6795679090626117,0.8672351250765534,0.8349657989150001,0.9881647505238715,0.7478219121083123,0
53,Amparaya - Karangan - Hanau,0.2521994134897361,0.045454545454545456,0.4495412844036696,0.0,0.0,0.9999999153958679,0.0,0.09986595174262734,0.125,0.0,0.0,0.0,0.7643997648170991,0.7560088566448391,0.8500738644122503,0.986949368522399,0.7830639396558162,0
328,Anggrek,0.00997067448680352,0.0,0.0,0.0,0.0,0.9999999278778922,0.0,0.4683869526362824,0.125,0.0,0.0,0.0,0.9370055683010341,0.9624581900409855,0.975630951050861,0.9977867134847369,0.9860662121648582,0
280,Angkakai - Ds. Amawang Kiri,0.01994134897360704,0.045454545454545456,0.0,0.0,0.0,0.0,0.0,0.07238605898123325,0.0,0.0,0.0,0.0,0.881140406497504,0.8503603900692515,0.9390835847206187,0.9867919238828793,0.9127612585219089,0
18,Angkinang - Kayu Abang - Panggang Hijau,0.40703812316715543,0.0,0.1428571428571428,0.1428571428571428,0.48571428571428577,0.77142852978565,0.0,0.265638963360143,0.25,0.0,0.0,1.0,0.718262413391591,0.7736891694539973,0.8720221469094882,0.9881899529931472,0.7836315334634958,1
32,Angkinang - Telaga Langsat,0.3237536656891496,0.0,0.1075268817204301,0.1075268817204301,0.0,0.9999999596911842,0.0,0.25603217158176944,0.5,0.5,0.0,1.0,0.7111977035081449,0.8746831865077496,0.9947363847404814,0.9920493288780654,0.7770935356186452,1
26,Angkinang Selatan - Tawia - Wawaran,0.34134897360703814,0.0,0.5102040816326531,0.18367346938775508,0.0,0.9999999265556957,0.0,0.3324396782841823,0.375,0.0,0.0,0.0,0.7343286335181748,0.786074339284873,0.7767805047608407,0.9901628249419494,0.7984999306511326,0
175,Anjiran Rantauan - Ds. Taniran Tengah,0.06744868035190615,0.045454545454545456,0.0,0.0,1.0,0.999999914492014,0.0,0.04546470062555853,0.0,0.0,0.0,1.0,0.804127229337914,0.8519103029160975,0.9411319255645352,0.9918737611145721,0.863094666538638,1
212,Asam Cangkuk - Telaga Bidadari,0.04516129032258064,0.0,0.0,0.0,1.0,0.0,0.0,0.18453976764968721,0.25,1.0,0.0,0.0,0.9529173055417853,0.8597352428510858,0.8929400518913013,0.9916016310811576,0.9412497732825487,1
183,Asam Duhat - Ds. Pantai Ulin,0.06158357771260997,0.045454545454545456,0.0,0.0,1.0,0.0,0.0,0.06367292225201072,0.0,0.0,0.0,0.0,0.7453453384212771,0.8045602298958873,0.9338447978349658,0.9876454097525061,0.8511218512946901,0
194,Asam Seranggan - Asam Tamiyang,0.056304985337243395,0.0,0.0,0.0,1.0,0.0,0.0,0.07361483467381591,0.125,0.0,0.0,0.0,0.8103019333417876,0.7666650963395676,0.8783657964321627,0.9790026618338336,0.739101025296333,0
267,At-Taubah - Ds. Kapuh,0.024046920821114367,0.0,0.0,0.0,0.0,0.9999999485548028,0.0,0.06076854334226988,0.0,0.0,0.0,0.0,0.9155140014526003,0.8565506194940407,0.9344655071816071,0.9927343263295011,0.8965827011917337,0
78,Badaun - Ds. Bjayau Lama,0.1782991202346041,0.0,0.0,0.0,1.0,0.0,0.0,0.032171581769437,0.0,0.0,0.0,0.0,0.8539514185909778,0.8744287935176898,0.9240251759710998,0.9908305487908479,0.8239200247522112,0
4,Bago Tanggul - Katilang - Teratai,0.5659824046920822,0.09090909090909091,0.10298661174047369,0.0,0.2520082389289392,0.7463439320622904,0.0,0.0918230563002681,0.375,0.0,0.0,0.0,0.5231136371496755,0.6317614359070994,0.9799386739165519,0.9710865379169734,0.5338454480470292,0
158,Baiturrahim Parincahan,0.07976539589442815,0.0,0.2816901408450704,0.5633802816901409,0.1549295774647887,0.8450704024567669,0.0,0.193923145665773,0.0,0.0,0.0,1.0,0.8986407811761451,0.8771187638385075,0.8838156244956736,0.9924231183100187,0.9505617258265852,1
14,Bajayau - Ds. Bajayau Tengah,0.4410557184750733,0.045454545454545456,0.0,0.02638522427440633,0.6569920844327177,0.23746700804096005,0.0,0.06657730116175156,0.125,0.0,0.0,0.0,0.5877128462895287,0.9260281716681584,0.8695144811490572,0.9897063487568669,0.8239200247522112,0
79,Bakarung - Rantauan,0.17419354838709675,0.045454545454545456,0.0,0.0,0.0,0.9999999554607544,0.0,0.2645218945487042,0.375,0.5,1.0,1.0,0.8081345615107043,0.8684317143260941,0.8074932032326543,0.9950376621170074,0.8668032305903189,0
48,Bakarung -Tabihi - Karang Jawa,0.2645161290322581,0.045454545454545456,1.0,0.0,0.0,0.9999999084557741,0.0,0.2935656836461126,0.375,0.5,0.0,1.0,0.8843107642291419,0.9269138361520705,0.9479721425645228,0.9924146230956561,0.9345368029105187,1
65,Bakarung Tengah - Karang Jawa,0.21759530791788856,0.045454545454545456,1.0,0.0,0.0,0.9999999510777157,0.0,0.18342269883824844,0.25,0.5,0.0,1.0,0.8958208920810228,0.913529938286145,0.9889389594428513,0.9932930282607464,0.9451909227666997,1
101,Balaimas - Hanau,0.13313782991202344,0.045454545454545456,0.0,0.0,0.0,0.9999999787626161,0.0,0.113047363717605,0.125,0.0,0.0,0.0,0.79796405390761,0.7756630706176096,0.7996101945303092,0.9812519114232315,0.8141258308527777,0
137,Balanti - (Ex. P3DT),0.09384164222873899,0.0,0.0,0.0,0.0,0.9999999661260248,0.0,0.032171581769437,0.125,0.0,0.0,0.0,0.659286842438985,0.9099825693691996,0.8726304420691967,0.98781021691114,0.659866210031047,0
154,Balimau - Murung Dalam,0.08211143695014662,0.0,0.0,0.0,1.0,0.0,0.0,0.019213583556747096,0.0,0.0,0.0,0.0,0.5623937930159901,0.7120130023083808,0.7951038446736931,0.9759106869796681,0.5701970574742076,0
61,Baluti - Jambu Hulu (Paku),0.23519061583577716,0.045454545454545456,1.0,0.0,0.0,0.9999999038411966,0.0,0.4066130473637176,0.25,0.5,0.0,1.0,0.9181978533796014,0.923620860225185,0.9928494283266918,0.9934983292745087,0.9497103351150658,1
239,Bamban (Tibung) - Martajiwa,0.03519061583577713,0.0,0.1515151515151515,0.0,0.8484848484848484,0.3030302746309118,0.0,0.04032618409294012,0.0,0.0,0.0,0.0,0.6949216633425946,0.935671550383945,0.9082343301925441,0.9900504049385512,0.7620309616020655,0
116,Bamban Selatan - Pakuan,0.1190615835777126,0.0,1.0,0.0,0.0,0.9999999870857497,0.0,0.1597408400357462,0.25,0.5,0.0,1.0,0.7132244267416792,0.8897536156781458,0.8614080170819212,0.9922982386588888,0.7789691557575563,1
134,Bamban Selatan - Pakuan Balunan,0.0967741935483871,0.0,0.7017543859649122,0.0,0.0,0.9999999237102655,0.0,0.03451742627345845,0.0,0.0,0.0,1.0,0.6920141570883435,0.9039525133085222,0.8925924546571822,0.9896936059353231,0.7593402255438552,0
70,Bamban Selatan - Tanggang - Panggang Hijau,0.2064516129032258,0.0,0.2793296089385475,0.027932960893854747,0.6927374301675977,0.2793295998127352,0.0,0.17817247542448614,0.25,0.0,0.0,1.0,0.7010064444726254,0.8613275545296085,0.7716782739314488,0.9869354930056068,0.767662089641413,0
169,Bamban Tengah - Lok Nyiur,0.07038123167155425,0.045454545454545456,0.4761904761904761,0.1587301587301588,0.2063492063492064,0.7936507568153003,0.2063491990665396,0.1282394995531725,0.125,0.0,0.0,1.0,0.6905315825272939,0.9267018419936873,0.8845977182724417,0.9895112420003398,0.7579681848734117,0
112,Bamban Utara - Longawang,0.12023460410557184,0.045454545454545456,1.0,0.0,0.0,0.9999999957360531,0.0,0.16096961572832885,0.25,0.5,0.0,1.0,0.6625770973357467,0.9482640033919065,0.9724280908221916,0.9860780427026109,0.732097856586542,1
222,Bangga TMMD,0.042815249266862164,0.045454545454545456,0.0,1.0,0.0,0.9999999188568268,0.0,0.059204647006255585,0.0,0.0,0.0,0.0,0.9603832097854532,0.8334008573985962,0.8135513264558738,0.9904108852013366,0.9322749629250285,0
31,Banua Hanyar - Ds. Tanjung Selor,0.32551319648093846,0.0,0.0,0.0,1.0,0.0,0.0,0.17627345844504022,0.125,0.5,0.0,0.0,0.8539514185909778,0.8744287935176898,0.9108971732896354,0.9908305487908479,0.8239200247522112,0
159,Banua Kambang - Ds. Wasah Tengah,0.07800586510263928,0.0,0.0,0.0,0.0,0.0,0.0,0.10265862377122431,0.125,0.0,0.0,1.0,0.9099572289920568,0.9321571583360814,0.8824997206807941,0.9925225123180609,0.9085704531148311,0
114,Banyu Barau - Sei Kalang,0.11964809384164223,0.0,0.9999999999999997,0.0,0.0,0.9999999914314974,0.0,0.193923145665773,0.0,0.0,0.0,1.0,0.8960906607025513,0.8677203561501861,0.876913336561022,0.9918579033810954,0.94820173052097,1
172,Bariang - Getek,0.069208211143695,0.0,1.0,0.0,0.0,0.9999999383275133,0.0,0.1971626452189455,0.25,0.0,0.0,0.0,0.9163048615994743,0.8445705940547417,0.8854915397316053,0.9906207169960922,0.9379124923982972,1
141,Bariang - Patigan,0.09208211143695014,0.0,0.6319018404907975,0.0,0.0,0.9999999489438158,0.0,0.1146112600536193,0.125,0.0,0.0,0.0,0.8989635812360937,0.8139445046403165,0.8886447432125433,0.9884909667553945,0.9218640975578529,0
162,Baru - Asam Desa Baru,0.07390029325513196,0.0,1.0,0.0,0.0,0.9999999062820087,0.0,0.06758266309204647,0.125,0.0,0.0,0.0,0.7610403384789199,0.8462288594714279,0.7906347373778755,0.9908438579600158,0.7477941725613204,0
102,Baru - Ds. Bajayau,0.13313782991202344,0.09090909090909091,0.0,0.0,1.0,0.0,0.0,0.021447721179624665,0.0,0.0,0.0,0.0,0.7461730900035739,0.7551938568803882,0.8066986952689534,0.9911321289007192,0.12360101996180473,0
215,Batang Kulur Kanan - Batang Kulur Kiri,0.04457478005865102,0.045454545454545456,0.0,0.0,1.0,0.0,0.0,0.03585790884718499,0.125,0.0,0.0,0.0,0.8533427099065033,0.9253168134922505,0.8513401114793987,0.9955977799173132,0.8332149068057912,0
143,Batang Kulur Kanan - Bumi Berkat (Kisung),0.09090909090909091,0.045454545454545456,0.0,0.0,1.0,0.37267078402482157,0.0,0.04345397676496872,0.125,0.0,0.0,0.0,0.7309392328887147,0.7845432703632167,0.7473464675431083,0.9871359800645636,0.7199372659475722,0
109,Batang Kulur Kanan - Sarangan,0.12434017595307918,0.0,0.9082568807339448,0.09174311926605505,0.0,0.9999999153958674,0.0,0.06847631814119749,0.125,0.0,0.0,0.0,0.802743800509563,0.9314410891788759,0.8655667697044183,0.9959659058730249,0.7863884176722252,0
255,Batang Kulur Kiri - Durian Landung,0.02873900293255132,0.045454545454545456,0.0,0.0,0.0,0.0,0.0,0.056411974977658624,0.125,0.0,0.0,0.0,0.8486943890432437,0.9380600179017289,0.9358807244919494,0.9963637650790055,0.8289131432107459,0
55,Batu Laki - Muara Pipii,0.2469208211143695,0.045454545454545456,0.04683840749414521,0.09367681498829042,0.8594847775175645,0.9999999504852937,0.0,0.04121983914209115,0.0,0.0,0.0,0.0,0.4224046298751456,0.1081217317567249,0.44316164512805234,0.9352053010137622,0.4721633645936689,0
249,Bayampah - Tanuhi - Tugu Niih,0.03225806451612903,0.045454545454545456,0.4459016393442624,0.0,0.5540983606557377,0.554098317750477,0.4459016097752879,0.10277033065236818,0.25,0.0,1.0,0.0,0.2751801339620249,0.753653365996137,0.813898923689993,0.917124086764456,0.3359173788261903,0
86,Bayanan - Habirau Tengah,0.16422287390029325,0.045454545454545456,0.0,0.3706293706293707,0.06993006993006994,0.999999982698216,0.0,0.499106344950849,0.625,0.0,1.0,0.0,0.9458756528054784,1.0,0.985810584335779,0.9959494817919239,0.38664874265168725,0
108,Bayanan - Pihanin,0.12609970674486803,0.045454545454545456,0.3850678733031675,0.3619909502262444,0.2529411764705883,0.9280542325254979,0.0,0.21637622877569257,0.25,0.0,0.0,0.0,0.9846923600142954,0.9516040891317662,0.9755316375553983,0.9967834286685168,0.40928207918573756,0
324,Bina Bakat,0.010557184750733138,0.0,0.0,0.0,0.0,0.9999999683701768,0.0,0.08936550491510277,0.0,0.0,0.0,0.0,0.976391787044189,0.9495453903048005,0.9738433081325338,0.9973922523645014,0.9834330890119387,0
54,Binjai (Sirih Hulu) - Ds. Seranggan,0.25102639296187684,0.045454545454545456,0.5069124423963134,0.09216589861751152,0.0,0.999999910859938,0.0,0.06289097408400357,0.125,0.5,0.0,1.0,0.7156385100471518,0.7438639468601309,0.8425136245701588,0.9823259896924732,0.7116090004160932,0
129,Biti - Sungai Kupang (Karya Bakti TNI),0.1032258064516129,0.0,0.2197802197802198,0.3406593406593407,0.0,0.9999999171986089,0.0,0.19101876675603216,0.125,0.0,1.0,0.0,0.7353062565568762,0.5590615725255571,0.8834307847007561,0.9713643314266297,0.7953674956523594,0
291,Brigjen Katamso,0.01700879765395894,0.045454545454545456,0.5714285714285715,0.0,0.0,0.999999963048333,0.0,0.193923145665773,0.0,0.0,0.0,0.0,0.9380984770754315,0.9107551703019738,1.0,0.9961734722772838,0.9834544271250093,0
225,Bubuih - Ds. Halunuk,0.03988269794721407,0.045454545454545456,0.0,0.4594594594594595,0.5405405405405407,0.9999999331309452,0.0,0.018431635388739945,0.0,0.0,0.0,1.0,0.6061355068537371,0.4878974890469685,0.9515846709619753,0.9577700062298239,0.6421961185972324,0
83,Bubuih (Ds. Halunuk) - Kandihin,0.1683284457478006,0.0,0.136518771331058,0.522184300341297,0.34129692832764497,0.0,0.9999999343542063,0.018431635388739945,0.0,0.0,0.0,0.0,0.56454733055879,0.402925519385688,0.827293831390513,0.9526624001812313,0.6037085640516808,0
220,Budi Bakti - Tiga Desember,0.0439882697947214,0.18181818181818182,1.0,0.0,0.0,0.9999999430749958,0.0,0.3812555853440572,0.25,0.0,0.0,1.0,0.9512963880979006,0.9226786639657041,0.928953608183432,0.9957773121141756,0.9787237674572438,1
165,Buluh - Ds. Tebing Tinggi,0.07155425219941348,0.045454545454545456,0.0,0.0,0.53125,0.31249999011568,0.0,0.029714030384271672,0.0,0.0,0.0,1.0,0.7852249801132106,0.8714985631507043,0.8824997206807941,0.9931004700685281,0.7764149836229982,0
152,Bumi Berkat - Mungkur Galah,0.08504398826979472,0.0,0.794701986754967,0.1324503311258278,0.0728476821192053,0.9999999523341586,0.0,0.013516532618409294,0.0,0.0,0.0,0.0,0.7326869646418648,0.7883026334385452,0.9532978287587055,0.9873619527666081,0.7215568287296354,0
181,Buntu Muara Hatib - Bts. Kab. HST,0.06451612903225805,0.045454545454545456,0.0,0.0,0.0,0.9999999747930903,0.0,0.03753351206434316,0.0,0.0,1.0,0.0,0.3289609296641727,0.6173552550996373,0.753888744056708,0.9237291159313586,0.3856863937522005,0
299,Cangkingan Herman,0.015249266862170088,0.0,0.375,0.0,0.0,0.9999999683701756,0.0,0.05529490616621984,0.0,0.0,0.0,0.0,0.9438235667100909,0.962533565741744,1.0,0.9964351248796511,0.3847517843997055,0
341,Dahlia,0.007038123167155424,0.0,1.0,0.0,0.0,0.9999999062820089,0.0,0.11215370866845398,0.0,0.0,0.0,0.0,0.9210131310452958,0.990700522918924,1.0,0.9949912216118253,0.9712660969390476,1
45,Datar Belimbing - Muara Kitar,0.28152492668621704,0.0,0.2674897119341564,0.0411522633744856,0.6913580246913581,0.0,0.31378598616066994,0.08054066130473637,0.125,0.0,0.0,0.0,0.2530360498495522,0.6036368775615961,0.694673072387124,0.9144044854731834,0.3154242550331273,0
275,DI. Panjaitan - Loklua,0.020527859237536656,0.13636363636363635,1.0,0.0,0.0,0.9999999547410654,0.0,0.24318588025022342,0.125,0.0,0.0,1.0,0.9651491220991226,0.9714985631507043,0.9956177920127122,0.9987118423288214,0.9895912684441315,1
250,Ds. Kapuh Tengah (Menuju Majelis Talim),0.03167155425219941,0.045454545454545456,0.0,0.0,0.0,0.9999999062820089,0.0,0.12388293118856121,0.125,0.0,0.0,0.0,0.9280017523431826,0.8538041173976539,0.9144165952850918,0.9909565611372261,0.9081372894194967,0
308,Firdaus - Ds. Kapuh,0.014076246334310849,0.0,0.0,0.0,0.0,0.9999999062820089,0.0,0.06076854334226988,0.0,0.0,0.0,0.0,0.919678122225937,0.8650586517171527,0.8861867341998436,0.9916330633742991,0.900436364412295,0
98,Galuntang Tayub - Ds. Madang,0.1348973607038123,0.0,0.0,0.0,0.0,0.0,0.0,0.03462913315460232,0.0,0.0,0.0,0.0,0.7257444576382563,0.6341734583313705,0.8422653408315023,0.9796361216514696,0.7849737007756404,0
151,Gambah Dalam - Rantauan,0.08563049853372433,0.0,0.6578947368421053,0.34210526315789475,0.0,0.9999999585667803,0.0,0.13516532618409294,0.125,0.0,1.0,0.0,0.8624087801616306,0.8980920525745513,0.8951001204176132,0.9900928810103642,0.9170310149473482,1
124,Gambah Dalam Barat - Mahulung,0.10909090909090909,0.0,0.41666666666666674,0.0,0.0,0.9999999683701756,0.0,0.10567470956210903,0.125,0.5,1.0,0.0,0.8198314522544126,0.7910679794601215,0.8423646543269648,0.9844226085971569,0.8776280553510654,0
164,Gambah Luar - Gambah Dalam,0.07214076246334311,0.0,1.0,0.0,0.0,0.9999999755897312,0.0,0.16744861483467383,0.125,0.0,1.0,1.0,0.8787632146274541,0.9050831488198992,0.9134607028912641,0.9899818768760265,0.9321661385483682,1
206,Gambah Luar - Sungai Kudung,0.04868035190615836,0.045454545454545456,0.7752808988764044,0.2247191011235955,0.0,0.9999999620915971,0.0,0.07115728328865058,0.0,0.0,0.0,1.0,0.8877209162910273,0.9326659443162011,0.9858974836443087,0.9920023220252591,0.9404559954763201,1
80,Gambir - Sp. Empat Lungau,0.16950146627565982,0.0,0.5084745762711864,0.0,0.49152542372881347,0.47457623789703396,0.0,0.1524798927613941,0.125,0.0,0.0,0.0,0.8278645623177044,0.7472370094690723,0.796543890357901,0.9816169224670103,0.8737658568852756,0
251,Gang Bidan (Ds. Tambak Bitin),0.029912023460410556,0.0,0.1754385964912281,0.0,0.8245614035087719,0.0,0.17543859117308402,0.11550491510277033,0.125,0.0,0.0,0.0,0.9441394496258978,0.9712677250671314,0.9218030365101237,0.9964739196919069,0.3850441165487736,0
180,Garunggang - Hantamangu,0.06451612903225805,0.0,0.6896551724137931,0.1724137931034483,0.1379310344827585,0.8620689437871468,0.0,0.01954870420017873,0.0,0.0,0.0,0.0,0.8253259704176802,0.8952089320205399,0.8565044132434546,0.9947309848785184,0.8135262298754922,0
259,Gerilya - Ds. Simpur,0.026979472140762465,0.0,0.0,0.0,0.0,0.999999982698216,0.0,0.07696604110813227,0.125,0.0,0.0,1.0,0.8191259035519535,0.9407641211664389,0.929388104726081,0.994102905363312,0.8077884112707914,0
326,Gerilya / (Depan PUSTU Habirau),0.010557184750733138,0.045454545454545456,0.0,0.0,1.0,0.9999999683701768,0.0,0.07071045576407507,0.0,0.0,0.0,0.0,0.9307248014203202,0.9690441418947566,0.9576055516243963,0.9940890298465198,0.3726296023642629,0
231,Goha - Ds. Amawang Kanan,0.037536656891495594,0.045454545454545456,0.0,0.0,0.0,0.0,0.0,0.054959785522788206,0.0,0.0,0.0,0.0,0.9505700879630163,0.8747491402459132,0.8464613360147977,0.992896018576202,0.9550598000618805,0
39,Gumbil - Masimpan,0.28973607038123167,0.0,1.0,0.0,0.0,0.9999999460184349,0.0,0.10857908847184987,0.125,0.0,0.0,0.0,0.6223193184307305,0.8645545767183305,0.949747371295917,0.976375092031489,0.6892594607858827,0
248,Guru H. Izim - Ds. Pantai Ulin,0.03284457478005865,0.0,0.0,0.0,1.0,0.0,0.0,0.18286416443252904,0.25,0.0,0.0,0.0,0.8508202580094765,0.8836576058793046,0.8738097898278152,0.9864008608483887,0.8630434550672684,0
346,H. Jarkasi - Ds. Sungai Paring,0.003519061583577712,0.0,1.0,0.0,0.0,0.9999999683701756,0.0,0.048927613941018765,0.0,0.0,0.0,1.0,0.9340842277584994,0.8859330098459509,0.9645947388675778,0.9928042702610863,0.954366311387084,1
228,H. Saim Garunggang - Kalimput,0.038123167155425214,0.0,0.0,0.0,0.0,0.9999999762405072,0.0,0.01954870420017873,0.0,0.0,0.0,0.0,0.8195570722034562,0.9290431996984971,0.8985140218241406,0.9940224840006796,0.8081874339852126,0
292,H.M. Thaib,0.01700879765395894,0.0,0.0,0.5714285714285715,0.4285714285714286,0.999999963048333,0.0,0.08176943699731903,0.0,0.0,1.0,0.0,0.9226847742128866,0.9087435812879823,1.0,0.993838987370448,0.3651890023365233,0
300,Habib,0.015249266862170088,0.0,0.0,1.0,0.0,0.9999999683701756,0.0,0.06344950848972297,0.0,0.0,0.0,0.0,0.9474158702343759,0.9805012484100438,0.9906272888657157,0.99649062694682,0.3880762624161146,0
343,Habib Ibrahim - Ds. Sei Mandala,0.006451612903225807,0.0,0.0,0.0,1.0,0.9999999354999689,0.0,0.03920911528150134,0.0,0.0,1.0,0.0,0.9588037952064191,0.9825411033118199,0.9906893598003799,0.9982746219629609,0.398613022650407,0
252,Hakurung Dalam - Ds. Sungai Haji,0.029912023460410556,0.0,0.2982456140350876,0.3508771929824562,0.3508771929824562,0.0,0.9999999696865792,0.059428060768543345,0.0,0.0,0.0,0.0,0.6608685627327331,0.5592876996278324,0.9826573808548409,0.9725553604802628,0.1205518036040073,0
111,Halaban,0.12082111436950146,0.045454545454545456,0.0,0.2830188679245283,0.7169811320754716,0.7547169811320754,0.0,0.08545576407506703,0.125,0.0,0.0,0.0,0.7990800198291466,0.8318462335704527,0.902424490707981,0.9915076173755452,0.8126876420318152,0
125,Halayung - Hantarukung,0.10850439882697946,0.0,0.0,0.0,0.0,0.999999963494141,0.0,0.1358355674709562,0.125,0.0,0.0,0.0,0.8627154402185817,0.9079615583926132,0.828944918252579,0.9923721470238432,0.8740496537891155,0
12,Halunuk - Riam Tajam/Talo - Hamak Umpaya,0.4527859237536657,0.0,0.5886889460154242,0.167095115681234,0.24421593830334187,0.7557840005165302,0.0,0.07506702412868632,0.25,0.5,0.0,1.0,0.5342756020797548,0.3410750459320676,0.9492135612578054,0.948944611202356,0.5756937554012098,0
198,Hamak - Umbai,0.053372434017595304,0.0,0.0,0.0,0.6907216494845361,0.0,0.8247422083654871,0.003127792672028597,0.0,0.0,0.0,0.0,0.4074774328172375,0.08200405144391576,0.6364753640460318,0.9333720337543184,0.4583490701917229,0
56,Hamak Timur - Umpaya,0.2422287390029326,0.0,0.5250596658711217,0.0,0.0,0.9999999323620019,0.0,0.054066130473637175,0.125,0.0,0.0,0.0,0.47252625632630474,0.21491496678758182,0.7569798766029819,0.9413609333408847,0.5185502885979792,0
307,Hamak Utara - Samaragi,0.014076246334310849,0.0,0.0,0.4866666666666666,0.5133333333333333,0.0,0.6999999421812644,0.012622877569258267,0.0,0.0,0.0,0.0,0.553888011436345,0.38114665284778826,0.9306915943540278,0.9513532876479583,0.5938460881904213,0
204,Hamalau - Anjiran,0.04926686217008798,0.0,0.7777777777777777,0.2222222222222222,0.0,0.9999999725093875,0.0,0.15270330652368186,0.125,0.0,0.0,0.0,0.9799610334213348,0.8734017995948555,0.8934366193686145,0.9928153140397576,0.950395288544634,1
156,Hamalau - Asam Cangkok,0.08035190615835776,0.0,0.1398601398601399,0.0,0.0,0.999999982698216,0.0,0.12957998212689903,0.125,0.5,0.0,0.0,0.9676738797108634,0.8833608140575682,0.8239171725447841,0.993413660304695,0.9549040318364647,0
179,Hamalau - Ganda,0.06510263929618768,0.045454545454545456,0.170940170940171,0.8290598290598291,0.0,0.999999982698216,0.0,0.26988382484361034,0.25,1.0,0.0,0.0,0.9723798434419709,0.8794224336929383,0.9540054374138766,0.9931772101716033,0.9472905930928528,1
223,Hamalau - Pahampangan,0.04222873900293255,0.045454545454545456,0.0,0.0,0.0,0.999999982698216,0.0,0.12365951742627346,0.125,0.0,0.0,1.0,0.963191570307006,0.8619070052291893,0.9123682544411754,0.9921243699382681,0.9393592164644881,0
42,Hamalau - Telaga Bidadari - Wasah Hilir,0.286217008797654,0.045454545454545456,0.7165991902834008,0.2834008097165992,0.0,0.9999999344353471,0.0,0.31032171581769435,0.375,0.5,0.0,1.0,0.9264799806319964,0.8789560465444952,0.9335096147877795,0.9927125219459705,0.90673110776814,1
59,Hamayung - Hakurung Dalam,0.23695014662756597,0.0,0.09756097560975611,0.48585365853658535,0.4165853658536585,0.0,0.5834146227105871,0.14488382484361037,0.125,0.0,1.0,0.0,0.6022227089842174,0.4397465492061996,0.9891003438729781,0.9733567423684658,0.06861910401263205,0
334,Harapan (SDN Habirau II)/ Sei. Palangan,0.00879765395894428,0.0,0.0,0.0,0.0,0.9999999772399152,0.0,0.06735924932975872,0.0,0.0,0.0,0.0,0.9250850232300758,0.9575257926226033,1.0,0.9936229257518264,0.3674102999071792,0
92,Haratai 2 (Balai Ujung Atas) SDN Haratai2,0.15483870967741936,0.0,0.6155555555555555,0.0,0.3844444444444445,0.0,0.8748147618689214,0.04054959785522788,0.125,0.0,0.0,0.0,0.05793569361662887,0.774758562208508,0.8860253497697168,0.8904434501897265,0.13486754366311382,0
36,Haratai 3 (Balai Kedayang) / SDN Haratai 3,0.3043988269794721,0.0,0.3047619047619048,0.3047619047619048,0.1914285714285714,0.0,0.8556303489125625,0.01083556747095621,0.0,0.0,0.0,0.0,0.0,0.6563857351486315,0.8528546422852036,0.8833281418134451,0.08125126695046347,0
245,Haritas (PT. Pertani),0.03401759530791789,0.0,0.0,0.0,0.0,0.9999999683701768,0.0,0.03194816800714924,0.125,0.0,0.0,1.0,0.8518232439100311,0.9070193621331324,1.0,0.9906164693889109,0.8318087251544346,0
93,Hariti - Sungai Raya Selatan,0.15249266862170088,0.0,0.1503759398496241,0.112781954887218,0.7368421052631579,0.300751853759778,0.0,0.10243521000893654,0.25,0.0,0.0,1.0,0.8182105348105279,0.8383426767795732,0.7732424614849851,0.9893773007872232,0.8007041577313319,0
19,Hulu Banyu - Datar Mangkung - Tumingki,0.40703812316715543,0.0,0.7714285714285716,0.22857142857142862,0.0,0.0,0.9999999571382328,0.011170688114387846,0.0,0.0,0.0,0.0,0.1802976677695668,0.8469920384416074,0.7560115700222214,0.9054712012233108,0.2481067759178056,0
131,Hulu Banyu - Pantai Langsat,0.10146627565982404,0.0,0.11173184357541899,0.0,0.0,0.9999999673295918,0.0,0.03753351206434316,0.0,0.0,1.0,0.0,0.36115331849990207,0.5207754275215528,0.8972974315047236,0.9276827886957014,0.41547866722145754,0
67,Ida Manggala - Padang Makmur,0.2129032258064516,0.045454545454545456,0.2710027100271003,0.32520325203252026,0.40379403794037944,0.7588075353475076,0.0,0.1016532618409294,0.125,0.5,0.0,1.0,0.7671758453326569,0.7683893154944175,0.6429555696249674,0.9859911083423005,0.7534743782607304,0
321,Inst. PDAM Negara,0.011730205278592375,0.045454545454545456,1.0,0.0,0.0,0.999999982698216,0.0,0.07071045576407507,0.0,0.0,0.0,0.0,0.9384858371473698,0.9849013049418194,0.9634029769220265,0.9954856430877272,0.37981201122384745,0
187,Jafri Zamzam,0.05923753665689149,0.0,0.6261682242990653,0.37383177570093457,0.0,0.9999998969977975,0.0,0.17973637176050045,0.25,0.0,0.0,0.0,0.947441233096229,0.9005087859801196,0.9143421101634949,0.9944444129806875,0.9667274802889181,1
142,Jambu Hulu - Paku Pantai,0.09149560117302052,0.0,1.0,0.0,0.0,0.9999999430749958,0.0,0.046134941912421804,0.0,0.0,0.0,0.0,0.878541866014918,0.8692655580157347,0.8830459449058384,0.9897638330407204,0.8889436567124369,0
294,Jangkang - Ds. Wasah Hilir,0.016422287390029325,0.0,0.0,0.0,0.0,0.9999999354999689,0.0,0.06601876675603217,0.0,0.0,0.0,1.0,0.8585190394392501,0.9427238893861591,0.9445706553449282,0.998941213116611,0.844244577452016,0
136,Jangkang - Pantai Ulin,0.09560117302052785,0.0,0.23668639053254442,0.0,0.2899408284023668,0.6751478696892089,0.0,0.2158176943699732,0.25,0.5,0.0,0.0,0.8421323249674317,0.778894803787629,0.8799672265464973,0.9833692020161975,0.8869698812534008,0
230,Jarau - Parandakan,0.037536656891495594,0.0,0.0,0.2857142857142858,0.7142857142857143,0.999999963048333,0.0,0.03853887399463807,0.0,0.0,0.0,0.0,0.7782409702447516,0.8463136571347811,0.9101088724194009,0.9908489550886334,0.7637145387233407,0
96,Jend. Sudirman,0.13958944281524927,0.36363636363636365,1.0,0.0,0.0,0.9999999225674289,0.0,0.18286416443252904,0.125,0.5,0.0,1.0,0.9981646510877209,0.912992886418241,0.9020148225391978,0.9951951067565271,0.9683278387692177,1
117,Kacang Parang (Ulang) - Balai Mawak-Kias,0.11847507331378299,0.0,0.0,0.8653846153846154,0.1346153846153846,0.0,0.9999999938180133,0.21916890080428955,0.125,0.5,0.0,0.0,0.0824638867432933,0.21934800018843914,0.5798542574454086,0.8934558532026958,0.1575670283476831,0
213,Kacang Parang (Ulang) - Balai Wariung,0.04516129032258064,0.0,0.2409638554216868,0.7590361445783131,0.0,0.0,0.999999977245824,0.014298480786416443,0.0,0.0,0.0,0.0,0.1212229510842624,0.29853959579780465,0.7885367397862277,0.8982160049838591,0.19343853023077173,0
272,Kalaka Dayuh - Ds. Sungai Raya Utara,0.021700879765395892,0.0,0.0,0.0,1.0,0.0,0.0,0.014298480786416443,0.0,0.0,0.0,0.0,0.917132613181771,0.9356762613652424,0.9643588693158541,0.9879770062864587,0.8922510642383894,0
276,Kalaka Indah - Perumnas Tibung,0.020527859237536656,0.045454545454545456,1.0,0.0,0.0,0.9999999547410654,0.0,0.02848525469168901,0.0,0.0,0.0,0.0,0.9698573915449441,0.903297686908183,0.8670564721363574,0.9946123350512545,0.958106882608371,1
205,Kalimput Desa Wasah Hilir,0.04926686217008798,0.045454545454545456,0.0,0.0,0.0,0.9999999725093875,0.0,0.07808310991957104,0.0,0.0,0.0,0.0,0.8511130837781441,0.9055165590992604,0.9953446799001899,0.9978980007928867,0.8373907755337195,0
51,Kaliring - Sp. Padang Batung,0.26041055718475076,0.0,0.7555555555555555,0.1111111111111111,0.1333333333333333,0.9999999460184349,0.0,0.10098302055406613,0.125,0.0,0.0,1.0,0.83211630025017,0.8907146558628162,0.8252082479857982,0.9919703233844934,0.8834149516158286,1
37,Kalumpang - Balimau,0.3020527859237537,0.045454545454545456,0.0,0.0,0.0,0.99999993869656,0.0,0.09092940125111706,0.125,0.0,0.0,1.0,0.6391879272777579,0.8689216563810241,0.8377962335356846,0.9853420739649997,0.6412657768673515,0
91,Kalumpang - Baruh,0.1560117302052786,0.0,0.0,0.0,0.0,0.9999999354999689,0.0,0.1264521894548704,0.5,0.0,0.0,1.0,0.6884172421346306,0.9244688368587177,0.8490310727098929,0.9908172396216798,0.6868247820845204,0
29,Kalumpang (Ds. Balanti) - Teratai,0.3302052785923754,0.18181818181818182,0.0,0.0,1.0,0.0,0.0,0.06456657730116175,0.125,0.0,0.0,0.0,0.6257778905016083,0.8415178781740237,0.6000273112112522,0.9836948519000963,0.628853396494148,0
219,Kalumpang Selatan - Ds. Asam Tamiyang,0.04457478005865102,0.0,0.0,0.0,1.0,0.0,0.9999999658608635,0.04825737265415549,0.125,0.0,0.0,0.0,0.7196181736433751,0.7519951005794507,0.863940511216218,0.9828147476921334,0.7152919587320894,0
335,Kamboja,0.00879765395894428,0.09090909090909091,1.0,0.0,0.0,0.9999999772399152,0.0,0.07361483467381591,0.125,0.0,0.0,0.0,0.9229729885521265,0.9947048570217176,0.9894479411070972,0.9952319193520983,0.9730798365500539,1
293,Kaminting Batu,0.01700879765395894,0.0,0.0,0.4285714285714286,0.5714285714285715,0.999999963048333,0.0,0.11215370866845398,0.0,0.0,0.0,0.0,0.9265376234998444,0.9411033118198521,1.0,0.9943118876366314,0.36875246721932375,0
298,Kampung Kawat,0.015835777126099706,0.0,0.0,0.0,1.0,0.9999999062820089,0.0,0.08791331546023234,0.0,0.0,0.0,0.0,0.9294681869012347,0.9332029961841052,0.9733094980944224,0.9946720847256045,0.3714666752019119,0
171,Kandangan Hulu - Sp. Tabihi,0.06979472140762463,0.045454545454545456,0.0,0.8400000000000002,0.0,0.9999999460184349,0.0,0.47374888293118855,0.25,0.5,0.0,1.0,0.9256383947614162,0.9102134074527723,0.8818169403994885,0.9969550319986408,0.9727853705896787,1
301,Kantor Camat Daha Selatan II,0.015249266862170088,0.09090909090909091,0.0,0.0,0.0,0.9999999683701756,0.0,0.08768990169794459,0.0,0.0,1.0,0.0,0.9652920764113856,0.9449380505959392,0.9384008044393133,0.9972005436937192,0.4046197014797981,0
347,Kantor Camat Loksado II,0.003519061583577712,0.045454545454545456,0.0,0.0,1.0,0.0,0.9999999794899738,0.02323503127792672,0.0,0.0,0.0,0.0,0.17504294393654685,0.980736797474914,0.9585986865790225,0.9048258481055672,0.243245953760309,0
260,Karampaci - Ds. Kapuh,0.026979472140762465,0.0,0.0,0.0,0.0,0.999999982698216,0.0,0.12388293118856121,0.125,0.0,0.0,0.0,0.9205981023967904,0.8767418853347152,0.9397415366280586,0.9932766041796455,0.9012877551238144,0
184,Karang Intan - Tanah Bangkang,0.06158357771260997,0.0,0.0,0.0,0.0,0.9999999331309452,0.0,0.10556300268096515,0.125,0.0,0.0,1.0,0.8862129788681247,0.9723606727281293,0.8367161992725287,0.9886857903381095,0.8636366546106328,0
62,Karang Jawa -Ambarai - Sungai Bungur,0.23343108504398827,0.045454545454545456,0.603960396039604,0.39603960396039595,0.0,0.9999999554607544,0.0,0.24084003574620197,0.375,0.0,0.0,0.0,0.8472948202118952,0.8700051820794271,0.8990850744230506,0.9945639123293878,0.8974618314502448,1
126,Karasikan - Sarang Halang,0.10791788856304985,0.0,0.4210526315789474,0.2631578947368421,0.3157894736842105,0.9999999585667803,0.0,0.1473413762287757,0.25,0.0,0.0,1.0,0.9413841205427652,0.8310736326376784,0.8806251784539372,0.9880775329897491,0.9146944915661108,1
207,Karya Bakti - Ds. Balimau,0.0469208211143695,0.18181818181818182,0.32558139534883723,0.0,0.6744186046511628,0.0,0.3255813759781701,0.019213583556747096,0.0,0.0,0.0,0.0,0.5839383913028442,0.7560324115513262,0.911102007374027,0.9785563799059863,0.5901353903274333,0
197,Kayu Abang - Ds. Anjiran,0.05395894428152492,0.0,0.40816326530612235,0.0,0.5918367346938777,0.0,0.999999937675493,0.1282394995531725,0.125,0.0,0.0,0.0,0.729320621159544,0.8700287369859141,0.8755477759984109,0.9901248796511298,0.793865292492185,0
233,Kayu Abang - Paya,0.037536656891495594,0.0,0.4285714285714286,0.5714285714285715,0.0,0.999999963048333,0.0,0.07249776586237712,0.0,0.0,0.0,0.0,0.7472844444956825,0.8282800207283177,0.9113130485518851,0.9917539785920598,0.8104898163855371,0
329,Kenanga,0.00997067448680352,0.0,0.8695652173913043,0.0,0.1304347826086956,0.9999999278778922,0.0,0.11215370866845398,0.0,0.0,0.0,0.0,0.9370055683010341,0.9624581900409855,0.975630951050861,0.9977867134847369,0.9860662121648582,1
305,Kenanga - Ds. Baruh Kambang,0.014662756598240468,0.0,0.0,0.6451612903225807,0.35483870967741943,0.9999999383275133,0.0,0.08176943699731903,0.0,0.0,1.0,0.0,0.9329774846958185,0.9297734017995949,1.0,0.9951030752675992,0.37471433601126647,0
234,Keramat Sakti - Ds. Tebing Tinggi,0.036950146627565975,0.0,1.0,0.0,0.0,0.0,0.0,0.029714030384271672,0.0,0.0,0.0,1.0,0.7882154920971628,0.8776039949121403,0.8986009211326704,0.9943116044628193,0.779182536888263,0
314,Kesehatan - Komp. Rmh Dokter,0.012903225806451615,0.045454545454545456,0.0,0.0,0.0,0.9999999417609606,0.0,0.24318588025022342,0.125,0.0,0.0,1.0,0.9608674098753761,0.9422339473312291,0.945663103795017,0.9976907175624399,0.9948895219195767,0
295,KH. Ramli - DS. Amparaya,0.016422287390029325,0.0,0.0,0.0,0.0,0.9999999354999689,0.0,0.050491510277033066,0.0,0.0,0.0,0.0,0.8091721331319676,0.8524661987091912,0.8888061276426701,0.9927470691510449,0.8220273341228435,0
331,Kolonel Sugiono,0.0093841642228739,0.0,0.0,0.0,0.0,0.9999999514370386,0.0,0.193923145665773,0.0,0.0,0.0,0.0,0.939523408768633,0.9136665567437697,0.992328032475513,0.9963484736931528,0.9847731225127762,0
199,KS. Tubun,0.052785923753665684,0.0,0.2083333333333334,0.41666666666666674,0.0,0.9999999683701768,0.0,0.3214924039320822,0.125,0.0,0.0,1.0,0.92225129984667,0.9438780798040232,0.9223989174828995,0.9964359744010873,0.9724119536109421,1
238,Lambuk - Ds. Tumingki,0.03577712609970675,0.0,0.4029850746268657,0.5970149253731343,0.0,0.0,0.9999999322288309,0.011170688114387846,0.0,0.0,0.0,0.0,0.23470561787390054,0.7071795354972441,0.8755726043722767,0.9121532536671009,0.29845832133064465,0
21,Loklahung - Kamawakan,0.3964809384164223,0.0,0.2639296187683284,0.0,0.7360703812316716,0.0,0.9384163584449925,0.042783735478105454,0.25,0.0,0.0,0.0,0.08450213855039723,0.7621095774249776,0.9210085285464229,0.8937061788525797,0.15945331754312964,0
221,Loklahung - Malaris,0.0439882697947214,0.045454545454545456,0.2592592592592593,0.0,0.7407407407407408,0.0,0.9999999541947937,0.0,0.0,0.0,0.0,0.0,0.1375704684059441,0.9049088425118952,0.9486549228458282,0.9002237073115478,0.20856511858656335,0
17,Loksado - Haratai,0.41700879765395893,0.0,0.027894002789400282,0.0,0.9721059972105996,0.07852161277791567,0.9214783328464561,0.04948614834673816,0.125,0.0,1.0,0.0,0.09213174853875339,0.8446271258303104,0.7019105433689621,0.8946432009967719,0.16651623296951845,0
168,Loksado - Loklahung,0.07155425219941348,0.0,0.15625,0.0,0.0,0.9999999683701756,0.0,0.03865058087578195,0.125,0.0,1.0,0.0,0.16105186705248964,0.9528901870259575,0.9618760319292888,0.9031075494138302,0.2302958529377247,0
103,Loksado - Pantai Dusin,0.12961876832844574,0.0,0.0,1.0,0.0,0.0,0.9999999655406494,0.049821268990169795,0.125,0.0,1.0,0.0,0.15683702055544668,0.9190135205163236,0.7959480093851253,0.9025899076853372,0.22639524586840787,0
138,Longawang - Gumbil,0.09384164222873899,0.045454545454545456,0.2771084337349398,0.0,0.0,0.9999999661260248,0.0,0.08646112600536193,0.125,0.0,0.0,0.0,0.6347955407477432,0.8575870353794696,0.9637505741561456,0.9826660814407884,0.7063875641477024,0
283,Lorong Bupati,0.01935483870967742,0.0,0.4871794871794872,0.0,0.0,0.999999982698216,0.0,0.34081769436997317,0.0,0.0,0.0,0.0,0.9520618853829216,0.9458661139115278,1.0,0.9983692020161975,1.0,1
82,Madang - Ambutun,0.1689149560117302,0.045454545454545456,1.0,0.0,0.0,0.9999999265556953,0.0,0.0627792672028597,0.125,0.5,0.0,0.0,0.7840767341856791,0.7717812220285486,0.7994736384740482,0.9868001359234299,0.8389569930331061,0
286,Makam Habib - Desa Lumpangi,0.0187683284457478,0.0,1.0,0.0,0.0,0.0,0.9999999696865782,0.02759159964253798,0.0,0.0,1.0,1.0,0.4636169746717239,0.6184058039289584,0.9727260313085795,0.9402667497309849,0.5103031078961687,0
147,Malaris - Loapanggang,0.08914956011730205,0.0,0.1139240506329115,0.8860759493670884,0.0,0.0,0.9999999299766243,0.0,0.0,0.0,0.0,0.0,0.11935532216598843,0.011871672869458672,0.8505828460764963,0.0,0.18306607346712322,0
3,Malilingin - Lokbahan - Paniungan,0.6217008797653959,0.0,0.0,0.0,0.2870544090056281,0.7129455627135993,0.0,0.02602770330652368,0.0,0.0,0.0,0.0,0.5311628872159648,0.330334008573986,0.9004133924248632,0.9485623265560401,0.5728131101366706,0
49,Malilingin - Muara Hariang,0.2645161290322581,0.09090909090909091,0.0,0.0,1.0,0.0,0.0,0.1063449508489723,0.125,0.0,0.0,0.0,0.6015794145790342,0.4742073773967117,0.8934738619294129,0.9572104547771422,0.6379797074544697,0
57,Malinau - Kandihin,0.2404692082111437,0.0,0.0,0.1358173076923077,0.8641826923076923,0.0,0.13581730685268706,0.0679177837354781,0.125,0.0,0.0,1.0,0.26298751455482416,0.827455599001272,0.7136543642074162,0.915626663646146,0.3246337846344247,0
5,Malinau - Katingin - Kamawakan,0.5513196480938416,0.0,0.49682875264270615,0.0,0.5031712473572939,0.5084566301218385,0.0,0.07685433422698838,0.25,0.0,0.0,1.0,0.19731153664357104,0.7377867809864795,0.3525504947053494,0.9075607407826924,0.26385216955264634,0
87,Mandampa - Longawang,0.16422287390029325,0.0,1.0,0.0,0.0,0.999999982698216,0.0,0.10444593386952636,0.25,0.0,0.0,0.0,0.6873404733632307,0.8293729683893155,0.9102578426625948,0.9891193294444129,0.7550149900244321,0
28,Mandapai - Madang,0.3378299120234604,0.045454545454545456,0.6219931271477663,0.1890034364261168,0.1890034364261168,0.9999999165233557,0.0,0.11494638069705093,0.125,0.0,0.0,1.0,0.749700833515869,0.6941772271164084,0.9712363288766402,0.9825782975590417,0.8071440002560574,1
235,Mangamol - Ds. Pantai Ulin,0.036950146627565975,0.0,0.0,0.0,0.0,0.0,0.0,0.13348972296693476,0.125,0.0,0.0,0.0,0.8445971339966106,0.8709426673576106,0.8635060146735689,0.985636574729569,0.8572842983494969,0
60,Mangaris - Limau Manis,0.23695014662756597,0.045454545454545456,0.0,0.0,1.0,0.0,0.0,0.06266756032171582,0.125,0.0,0.0,1.0,0.7930597987111054,0.8092429453055071,0.7575385150149592,0.988446791640709,0.7774285439938546,0
166,Manggis - Ds. Baru,0.07155425219941348,0.045454545454545456,0.0,0.0,1.0,0.0,0.0,0.0871313672922252,0.25,0.0,0.0,0.0,0.7800532620098914,0.8754746313657135,0.8728787258078532,0.9900982613127938,0.7712212869015993,0
232,Mangunang - Ds. Sungai Raya Utara,0.037536656891495594,0.0,1.0,0.0,0.0,0.999999963048333,0.0,0.02848525469168901,0.0,0.0,0.0,1.0,0.9269226778570687,0.9242756866255241,0.9279108164810745,0.9872914424873988,0.901309093236885,1
274,Matang Gadung - Halalang,0.021114369501466276,0.0,0.0,0.0,0.0,0.0,0.0,0.059204647006255585,0.0,0.0,0.0,0.0,0.9332518647467749,0.8290620436236869,0.8753243206336201,0.9870787789545223,0.9071685390860886,0
2,Mawangi - Bukuanin - Telaga Langsat,0.8304985337243401,0.09090909090909091,0.7819971870604782,0.1406469760900141,0.07735583684950774,0.9999999272400377,0.0,0.13773458445040215,0.375,0.5,0.0,1.0,0.5484557475703532,0.3700475809111038,0.9980509726515462,0.950686130146684,0.5888166949396665,1
100,Mawangi - Pariangan,0.1343108504398827,0.045454545454545456,0.5744680851063831,0.425531914893617,0.0,0.9999999866003196,0.0,0.11159517426273459,0.125,0.0,0.0,1.0,0.7091018088331931,0.6982757808451501,0.911610989038273,0.970415699156142,0.737485730136884,0
319,Mawar (Kandangan Utara),0.012316715542521995,0.045454545454545456,0.0,1.0,0.0,0.9999999062820089,0.0,0.11215370866845398,0.0,0.0,0.0,0.0,0.9376419455620756,0.9753238799641966,0.990465904435589,0.9970334711445885,0.38378303406629755,0
330,Mawar (Daha Selatan),0.00997067448680352,0.36363636363636365,1.0,0.0,0.0,0.9999999278778922,0.0,0.06344950848972297,0.0,0.0,0.0,0.0,0.942776772229972,0.990328355396429,0.9691383312849925,0.9960375488474826,0.9866551440856085,1
195,Menuju SMP 7 - Ds. Gambah Dalam,0.055131964809384156,0.0,0.6,0.4,0.0,0.9999999460184349,0.0,0.19537533512064342,0.25,0.0,1.0,0.0,0.8512837066669741,0.8489376737174353,0.9610070388439909,0.9866067282097751,0.9067353753907542,1
270,Menuju SMPN Malilingin,0.02287390029325513,0.0,1.0,0.0,0.0,0.9999999725093875,0.0,0.02602770330652368,0.0,0.0,0.0,0.0,0.6508133408653347,0.5748009610401846,0.9621243156679453,0.9632570651866116,0.6835429802942525,0
311,Menuju Stadion 2 Desember,0.01348973607038123,1.0,0.0,0.0,0.0,0.9999999747930903,0.0,0.13840482573726542,0.0,0.0,0.0,1.0,0.9518866510646637,0.9054034955481227,0.8621901108586894,0.9947389137452568,0.9590606962626295,0
216,Merah Johansyah - Melati,0.04457478005865102,0.2727272727272727,0.0,0.0,0.0,0.9999999547410654,0.0,0.4683869526362824,0.125,0.0,0.0,1.0,0.9459379071027542,0.95682385640929,0.9607835834792,0.9980877272469842,0.9943325971684324,1
336,Mesjid Quba,0.00879765395894428,0.045454545454545456,1.0,0.0,0.0,0.9999999772399152,0.0,0.054959785522788206,0.0,0.0,0.0,1.0,0.9501481421703692,0.9060394780232722,0.9289163656226336,0.9947771422098884,0.9692325747634136,1
309,MIN Pandak Daun,0.014076246334310849,0.0,0.40333333333333327,0.0,0.5966666666666667,0.4033332955337436,0.0,0.09830205540661305,0.125,0.0,0.0,0.0,0.9034136106339563,0.8880576624110802,0.9106923392052437,0.9914722206490344,0.3473546074320647,0
128,Mondar (Ulin-Pantai Ulin) - Ds. Ulin,0.10557184750733138,0.045454545454545456,0.9999999999999999,0.0,0.0,0.9999999383275133,0.0,0.13348972296693476,0.125,0.0,0.0,0.0,0.8461788542903587,0.87417440052763,0.8477399972688788,0.9858308319646599,0.8587480929061443,0
350,Monumen 17 Mei - Mandapai,0.0,0.045454545454545456,1.0,0.0,0.0,0.9999999683701756,0.0,0.06490169794459338,0.0,0.0,0.0,0.0,0.7685869427375751,0.8198143873368823,0.8502104204685115,0.9777213003341451,0.7925359280478828,0
145,Muara Banta - Karang Jawa,0.08973607038123167,0.0,0.9999999999999999,0.0,0.0,0.9999999250256055,0.0,0.3987935656836461,0.125,0.5,0.0,1.0,0.9094776403315618,0.905803928958402,0.8649460603577769,0.9936217930565782,0.955008588590511,1
63,Muara Hariang - Bayumbung,0.2310850439882698,0.0,0.06625,0.0,0.93375,0.0,0.06624999716040793,0.09874888293118857,0.125,0.5,0.0,0.0,0.6642925490829019,0.6067225703113959,0.6976773056248681,0.9649124992920655,0.6960172411953611,0
273,Muara Kitar - Desa Lumpangi,0.021700879765395892,0.0,1.0,0.0,0.0,0.9999999293845819,0.0,0.02759159964253798,0.0,0.0,0.0,1.0,0.44973887780864874,0.6452631083054601,0.9306543517932293,0.9385623265560401,0.4974596976389377,0
47,Muara Pipii - Tambak Pipii,0.26920821114369503,0.0,0.0,0.04301075268817204,0.9569892473118279,0.08998874307306692,0.13498311611058547,0.04121983914209115,0.0,0.0,0.0,0.0,0.41316793673118835,0.08925425166062084,0.9953819224609884,0.9340709067225463,0.46361745030886914,0
269,Munggu Raya - Ds. Hariti,0.02346041055718475,0.0,0.0,0.0,0.0,0.9999999278778922,0.0,0.00871313672922252,0.0,0.0,0.0,1.0,0.8491209462653186,0.9014980920525746,0.8869439996027461,0.9919388910913519,0.8293100321138602,0
229,Mungkur Galah - Lokpaikat,0.038123167155425214,0.0,0.2816901408450704,0.7183098591549296,0.0,0.9999999762405072,0.0,0.013516532618409294,0.0,0.0,0.0,0.0,0.7174092989474412,0.7570876713619447,0.9464576117587179,0.9854856430877272,0.7074181950090154,0
35,Muning Tengah - Batang Alai (Pihanin Raya),0.30498533724340177,0.0,0.0,0.0,1.0,0.0,0.0,0.15315013404825736,0.125,0.0,1.0,0.0,0.8539514185909778,0.8744287935176898,0.7003215274415602,0.9908305487908479,0.8239200247522112,0
1,Muning Tengah - Ds. Muning Dalam,1.0,0.0,0.0,0.0,1.0,0.0,0.0,0.06300268096514745,0.125,0.0,1.0,0.0,0.8539514185909778,0.8744287935176898,0.0,0.9908305487908479,0.8239200247522112,0
277,Musyawarah (Kandangan),0.020527859237536656,0.045454545454545456,1.0,0.0,0.0,0.9999999547410654,0.0,0.5501563896336015,0.125,0.0,0.0,1.0,0.9453084469858545,0.953874782117115,0.9843208819038397,0.9975397859205981,0.3970702770753982,1
302,Musyawarah (Nagara),0.015249266862170088,0.2727272727272727,0.0,0.0,0.0,0.9999999683701756,0.0,0.08768990169794459,0.0,0.0,0.0,0.0,0.957136763468256,0.9610543176143591,0.9728625873648405,0.997882709407034,0.9937500666816034,0
258,Negara - Tumbukan Banyu,0.02756598240469208,0.18181818181818182,0.0,0.0,0.0,1.0,0.0,0.1577301161751564,0.125,0.0,1.0,0.0,0.9728502092436103,0.9700711358175909,0.9535709408712276,1.0,0.41161433494436084,0
312,Newangsekarti - Ds. Gambah Luar Muka,0.01348973607038123,0.0,0.0,0.0,0.0,0.9999999747930903,0.0,0.07115728328865058,0.0,0.0,0.0,1.0,0.8902963996264742,0.9308286616102134,0.977418593969188,0.9914889279039475,0.9428394627063129,0
118,Niagara (Ds. Halunuk) - Ayan,0.11730205278592375,0.045454545454545456,0.5339805825242717,0.3883495145631068,0.07766990291262131,0.9135922090693495,0.0,0.018431635388739945,0.0,0.0,0.0,1.0,0.637573926978015,0.5521364300183729,0.5641875535361811,0.9616310811576145,0.6712927695803861,0
278,Nomura,0.020527859237536656,0.0,1.0,0.0,0.0,0.9999999547410654,0.0,0.5474754244861484,0.125,0.0,0.0,0.0,0.9330835475726589,0.9540349554812267,0.937482154606284,0.995326216231523,0.9674785818690054,1
287,Nusa Indah,0.0187683284457478,0.18181818181818182,0.4736842105263158,0.0,0.0,0.9999999585667803,0.0,0.11215370866845398,0.0,0.0,0.0,0.0,0.9367842196884979,0.9538182503415461,0.9519819249438258,0.9983261595967605,0.9858613662793799,0
6,Padang Batung - Batulaki - Malilingin,0.5173020527859238,0.045454545454545456,0.3693693693693693,0.3603603603603604,0.2702702702702704,0.9999999331309452,0.0,0.19269436997319034,0.5,0.0,0.0,1.0,0.7553728917121084,0.7884345409148725,0.9639119585862724,0.9760984312170811,0.7803070554470868,1
174,Padang Haur - Ds. Wasah Tengah,0.0686217008797654,0.0,0.18699186991869918,0.6504065040650407,0.16260162601626021,0.9999999305115366,0.0,0.11751563896336015,0.125,0.0,0.0,1.0,0.8809536436056766,0.9539690017430631,0.8709296984593994,0.9938882596137509,0.8846141535703997,1
236,Padang Palas,0.03636363636363637,0.0,1.0,0.0,0.0,0.9999999354999689,0.0,0.07238605898123325,0.0,0.0,0.0,0.0,0.8545601272754522,0.8017807509304188,0.9402753466661701,0.9848955088633403,0.8984711241984872,0
106,Padang Rasau (Tambak Tamiang) - Paku Pantai,0.12727272727272726,0.0,0.8206278026905829,0.1793721973094171,0.0,0.9999999374653024,0.0,0.19995531724754245,0.125,0.5,0.0,0.0,0.9014283902652724,0.8207047628020917,0.9901679639492011,0.9878022880444016,0.906790854484738,1
333,Pagar  Haur - Malutu,0.0093841642228739,0.18181818181818182,0.0,0.0,1.0,0.0,0.0,0.02625111706881144,0.0,0.0,0.0,0.0,0.7490022019575517,0.775422810571442,0.9296239742778046,0.9753160219742878,0.7744134686169701,0
74,Pagat Batu - Muara Hariang,0.18826979472140762,0.045454545454545456,0.7553516819571865,0.1223241590214067,0.1223241590214067,0.9082568370025614,0.0,0.06490169794459338,0.0,0.0,0.0,1.0,0.7558294232254643,0.7937485278183445,0.7815227241691806,0.9761544996318741,0.780729550085886,0
202,Paharuangan - Asam Dua,0.0498533724340176,0.045454545454545456,0.2197802197802198,0.0,0.7802197802197801,0.2054944884792746,0.0,0.05026809651474531,0.0,0.0,0.0,0.0,0.850806423721193,0.9000141329438922,0.700619467927948,0.9860347171093617,0.8308677143680184,0
123,Paharuangan - Sei. Raya Selatan,0.11143695014662755,0.045454545454545456,0.0,0.0,0.0,0.9999999265556951,0.0,0.05026809651474531,0.0,0.0,0.0,0.0,0.8661278979951811,0.9313233146464408,0.7404938363561879,0.9869439882199694,0.8450490243147799,0
296,Pajah Api - Ds. Kapuh,0.016422287390029325,0.0,0.0,0.0,0.0,0.0,0.0,0.12388293118856121,0.125,0.0,0.0,0.0,0.9246746060109983,0.847010882366797,0.8965153377279556,0.9905482245001982,0.9050603335147073,0
130,Pakan Dalam - Kaminting Batu,0.1032258064516129,0.045454545454545456,0.2307692307692308,0.4395604395604396,0.32967032967032955,0.7692307055373915,0.23076921422732466,0.4941912421805183,0.5,0.5,0.0,0.0,0.936412999619557,0.9554812267395298,0.947525231834941,0.9955250042476071,0.37789371485879497,1
303,Pakan Dalam I,0.015249266862170088,0.045454545454545456,0.375,0.0,0.0,0.9999999683701756,0.0,0.04479445933869526,0.0,0.0,0.0,0.0,0.9409552576059764,0.9647618598954162,0.9892741424900376,0.9960828566574164,0.38209732313371525,0
313,Pakan Dalam II,0.01348973607038123,0.045454545454545456,0.0,0.0,0.0,0.9999999747930903,0.0,0.06579535299374442,0.0,0.0,0.0,0.0,0.9339597191639478,0.9504687426390918,0.9780268891288965,0.9952237073115479,0.3756233396280766,0
315,Pakan Dalam III,0.012903225806451615,0.045454545454545456,0.0,0.0,0.0,0.9999999417609606,0.0,0.06579535299374442,0.0,0.0,0.0,0.0,0.9270956064606126,0.9364441513167193,0.9750350700780852,0.9943806988729682,0.36927098336694075,0
127,Paku (Jambu Hulu) - Ganda,0.10674486803519061,0.0,0.46808510638297884,0.5319148936170212,0.0,0.9999999485548028,0.0,0.19995531724754245,0.125,0.5,0.0,1.0,0.9352624479773117,0.87392000753757,0.8276662569984978,0.9919578637367616,0.9381024016046261,1
167,Palajau - Ds. Baluti,0.07155425219941348,0.0,0.0,0.0,0.84375,0.0,0.5312499891040489,0.28351206434316356,0.375,1.0,0.0,0.0,0.9343078820857496,0.8019362133132332,0.9084205429965364,0.9885195673104151,0.9121957985255364,1
214,Palas - Ds. Wasah Tengah,0.04516129032258064,0.0,0.0,0.0,1.0,0.0,0.0,0.12388293118856121,0.125,0.0,0.0,1.0,0.8894617309000358,0.9252838366231686,0.8882847317914914,0.9950076456929263,0.8768854890162063,0
15,Pandak Daun - Baruh Jaya - Samuda,0.42639296187683284,0.045454545454545456,0.8731241473396999,0.045020463847203276,0.027285129604365622,0.9999999564268854,0.0,1.0,1.0,0.5,0.0,0.0,0.955359057423825,0.9861073161539549,0.9809566372450437,0.9978518434615167,0.3954272423689573,1
139,Pandak Daun (Buntut Muradiyah) - Pakan Dalam,0.09325513196480938,0.045454545454545456,0.0,0.0,1.0,0.0,0.0,0.17951295799821268,0.25,0.0,0.0,0.0,0.9039370078740158,0.889127055165591,0.9347262051071965,0.9915362179305658,0.3478368487874617,0
271,Pandan Sari - Ds. Angkinang,0.02228739002932551,0.0,0.0,0.0,0.0,0.9999999514370386,0.0,0.0694816800714924,0.0,0.0,0.0,1.0,0.7598621182601077,0.9956847411315777,0.9830422206497585,0.9980259953559495,0.8221297570655827,0
188,Pandulangan - Kalinduku,0.05923753665689149,0.0,0.06542056074766356,0.9345794392523366,0.0,0.9999998969977975,0.0,0.10857908847184987,0.125,0.5,0.0,0.0,0.7683263969749022,0.7739906722570311,0.8857398234702618,0.986240018123124,0.8299629783738225,1
253,Pangeran Antasari - Loklua,0.029325513196480937,0.2727272727272727,1.0,0.0,0.0,0.9999999417609606,0.0,0.49463806970509383,0.125,0.0,0.0,1.0,0.9590412838219528,0.9682102982051162,0.93913324146835,1.0,0.9987047765366108,1
68,Panggang Hijau - Ds. Tawar,0.21173020527859235,0.0,0.0,0.0,1.0,0.0,0.0,0.21916890080428955,0.125,0.5,1.0,0.0,0.8539514185909778,0.8744287935176898,0.9108971732896354,0.9908305487908479,0.8239200247522112,1
186,Panglima Batur,0.06041055718475073,0.18181818181818182,0.0,0.0,0.0,0.9999999153958677,0.0,0.6777256478999106,0.25,0.0,0.0,1.0,0.9443469639501505,0.9616290573326424,1.0,0.9974706915104491,0.9928602673665567,1
150,Panjampang  Bahagia - Bayur,0.0879765395894428,0.045454545454545456,0.641025641025641,0.2564102564102565,0.0,0.999999982698215,0.0,0.1789544235924933,0.25,0.0,0.0,0.0,0.8191627949873762,0.8189758326659443,0.935334500266905,0.9883193634252704,0.8337440920099436,1
46,Panjampang Bahagia - Hanau,0.2768328445747801,0.045454545454545456,0.5439330543933054,0.06276150627615061,0.39330543933054396,0.6066945012895166,0.0,0.09986595174262734,0.125,0.0,0.0,0.0,0.7622623672772968,0.7027182362086022,0.835971348056559,0.9821314492835702,0.7810858965741659,0
52,Pantai Langsat - Umpaya,0.25747800586510267,0.0,1.0,0.0,0.0,0.0,1.0,0.07897676496872208,0.125,0.5,0.0,0.0,0.2897453338098478,0.3748763367409431,0.7276079103199136,0.9189128957354024,0.3493966648529271,0
257,Papagaran - Ds. Amawang Kanan,0.0281524926686217,0.045454545454545456,0.0,0.0,0.0,0.9999999062820089,0.0,0.054959785522788206,0.0,0.0,0.0,0.0,0.9308954243091503,0.8970415037452302,0.9071542959293881,0.9903576485246645,0.9359301816940329,0
196,Papagaran/Palangsatan,0.055131964809384156,0.0,0.4,0.6,0.0,0.9999999460184349,0.0,0.1193029490616622,0.125,0.0,0.0,1.0,0.9311006329186889,0.8974560700994018,0.9475997169565379,0.9912802288044401,0.9428821389324542,1
155,Papancan - Ds. Tanah Bangkang,0.08211143695014662,0.0,0.0,0.0,0.0,0.9999999198903735,0.0,0.12176050044682753,0.25,0.5,0.0,0.0,0.9111308377814413,0.8737127243604843,0.9011582436408327,0.9856731041513281,0.8907467272669078,0
310,Paramaian,0.014076246334310849,0.0,0.0,0.0,1.0,0.5733332796016849,0.0,0.05819928507596068,0.0,0.0,0.0,0.0,0.914504098407904,0.9107221934328921,1.0,0.9928342866851674,0.3576182398190527,0
240,Parincahan - Singakarsa (Harapan),0.03519061583577713,0.045454545454545456,1.0,0.0,0.0,0.999999906282009,0.0,0.193923145665773,0.0,0.0,0.0,1.0,0.9266782720973934,0.9205116125688981,0.9808200811887825,0.9952514583451323,0.9765088713205091,1
316,Parindra,0.012903225806451615,0.2727272727272727,0.0,0.0,0.0,0.9999999417609606,0.0,0.4683869526362824,0.125,0.0,0.0,0.0,0.9379901084838773,0.9746125217882885,0.992328032475513,0.9970561250495554,0.9869773495929755,0
317,Pasar Kandangan - Oprit Jembt. Loklua,0.012903225806451615,0.2727272727272727,1.0,0.0,0.0,0.9999999417609606,0.0,0.34081769436997317,0.0,0.0,0.0,0.0,0.9585178865818932,0.9671409054506054,0.9363152210345983,0.9994356345925128,0.9944520906016281,1
191,Pegangsaan Timur - Teluk Aman,0.058064516129032254,0.0,1.0,0.0,0.0,0.9999999914314974,0.0,0.20721626452189454,0.125,0.0,1.0,0.0,0.8598332968261837,0.7812078956046544,0.7448388017826773,0.9866579826697627,0.9106082429130792,1
200,Pembangunan - Ds. Sungai Raya Utara,0.052199413489736064,0.0,0.5789473684210527,0.4210526315789474,0.0,0.9999999585667813,0.0,0.07104557640750671,0.125,0.0,0.0,1.0,0.9088435687852342,0.9379657982757809,0.9399525778059166,0.9881146287591324,0.8845778787781796,1
322,Pemuda,0.011730205278592375,0.2727272727272727,0.0,0.0,0.0,0.999999982698216,0.0,0.34081769436997317,0.0,0.0,0.0,1.0,0.9520618853829216,0.9458661139115278,1.0,0.9983692020161975,1.0,0
217,Pendawa - Ds. Tebing Tinggi,0.04457478005865102,0.0,0.0,0.0,0.02439024390243902,0.0,0.0,0.029714030384271672,0.0,0.0,0.0,1.0,0.7887826979167867,0.8787676072925991,0.9016548111181458,0.9938701364897774,0.7797074544698013,0
290,Pertanian - Ds. Wasah Tengah,0.01759530791788856,0.0,0.0,0.0,0.0,0.9999999062820089,0.0,0.10265862377122431,0.125,0.0,0.0,1.0,0.887388893372223,0.9671220615254157,0.8588258661998932,0.9935563799059863,0.8905717547397284,0
304,Pertukangan,0.015249266862170088,0.0,0.375,0.625,0.0,0.9999999683701756,0.0,0.08176943699731903,0.0,0.0,1.0,0.0,0.9464359414809606,0.9572713996325435,0.9791938227005822,0.9967556776349323,0.38716725879930436,0
320,Pesantren Muradiyah,0.012316715542521995,0.0,0.0,0.0,0.0,0.9999999062820089,0.0,0.02468722073279714,0.0,0.0,0.0,0.0,0.8922009199801708,0.8651481603618034,0.850309733963974,0.9900948632270488,0.33697574923449514,0
218,Pianggu,0.04457478005865102,0.0,0.0,0.0,0.0,0.9999999547410654,0.0,0.13192582663092048,0.125,0.0,0.0,0.0,0.8303962370735869,0.8631224384039196,0.9145903939021514,0.9938967548281135,0.8441400206979697,0
332,Rahmah Bahran,0.0093841642228739,0.09090909090909091,1.0,0.0,0.0,0.9999999514370386,0.0,0.5501563896336015,0.125,0.0,0.0,1.0,0.9490690676842555,0.9433598718613088,0.9592318101125967,0.9980016424081101,0.9972303129234282,1
177,Rambai - Bariang,0.06744868035190615,0.0,0.33057851239669434,0.33057851239669434,0.3388429752066115,0.6611569682591828,0.0,0.10936103663985701,0.125,0.0,0.0,0.0,0.9313519558225061,0.8676355584868328,0.827728327933162,0.9924687092937645,0.9518377449882107,0
178,Rantauan - Sungai Baru (Pulau),0.06568914956011729,0.045454545454545456,0.0,0.0,0.0,0.9999999904693555,0.0,0.20431188561215372,0.25,0.5,0.0,0.0,0.8402831417668692,0.934121637537099,0.8616438866336449,0.9956416718581865,0.8965549616447418,0
176,Rawati - Ds. Panjampang Bahagia,0.06744868035190615,0.045454545454545456,0.0,0.0,0.0,0.999999914492014,0.0,0.09986595174262734,0.125,0.0,0.0,0.0,0.8149917570698977,0.81045366749894,0.9320323265427731,0.9886178286232089,0.829886161166768,0
69,Rel Angkinang - TMMD Angkinang,0.20938416422287387,0.0,0.33057851239669434,0.027548209366391192,0.6418732782369146,0.3856748981511899,0.0,0.22788203753351208,0.25,0.0,0.0,1.0,0.7832835683240913,0.8860978941913601,0.7742231822526784,0.9961751713201563,0.8438050123227603,1
349,RS. Hasan Basry II,0.0023460410557184755,0.6363636363636364,1.0,0.0,0.0,0.9999999311172748,0.0,0.07808310991957104,0.0,0.0,0.0,0.0,1.0,0.9092476562868046,0.8972974315047236,0.9949699835759189,0.9666293249687931,1
161,Sakincung - Ds. Hakurung Dalam,0.0750733137829912,0.0,0.1492537313432836,0.0,0.2238805970149254,0.0,0.7753730817804143,0.059428060768543345,0.0,0.0,1.0,0.0,0.6649796520676496,0.5679700381589485,0.7138778195722071,0.9810641671858187,0.12669718016835763,0
340,Samping Bappeda - Mesjid Darul Halik,0.007624633431085044,0.045454545454545456,0.0,1.0,0.0,0.9999999585667803,0.0,0.08936550491510277,0.0,0.0,0.0,0.0,0.9716028175833804,0.9471663447496114,0.9586607575136866,0.997249249589398,0.9878628812854079,1
344,Samping Kantor Camat Daha Utara,0.005278592375366569,0.045454545454545456,1.0,0.0,0.0,0.9999999062820089,0.0,0.04479445933869526,0.0,0.0,0.0,0.0,0.9445037525506969,0.9720167710934188,0.991545938698745,0.9965186611542165,0.38538125873528994,0
327,Samping Mesjid Mandapai,0.010557184750733138,0.0,1.0,0.0,0.0,0.9999999683701768,0.0,0.06490169794459338,0.0,0.0,0.0,1.0,0.7617781671873739,0.8059028595656474,0.8135513264558738,0.9768850880670555,0.7862347832581165,0
8,Samuda - Bajayau,0.49501466275659817,0.045454545454545456,0.09411764705882353,0.09411764705882353,0.2352941176470588,0.7882352515674725,0.0,0.2802725647899911,0.5,0.5,0.0,0.0,0.7729770235528758,0.7017053752296604,0.5957816592802254,0.9879169734382964,0.14841724546298374,0
113,Sarang Halang Padang - Sp. Batang Kulur,0.12023460410557184,0.0,0.6208530805687204,0.18957345971563982,0.18957345971563982,0.9999999957360531,0.0,0.04792225201072386,0.125,0.0,0.0,0.0,0.8436425681050483,0.9199839826635888,0.9603987436842824,0.995277227162032,0.824237962636964,0
288,Satria,0.01818181818181818,0.0,0.0,0.0,0.0,0.9999999331309449,0.0,0.08768990169794459,0.0,0.0,0.0,0.0,0.9652367392582516,0.9676308475055354,0.9635891897260189,0.9990649600724925,0.40456849000842854,0
99,Sei Kupang Utara - Simp. Empat Lungau,0.1348973607038123,0.045454545454545456,0.8305084745762712,0.08474576271186442,0.0,0.9999999904693555,0.0,0.19101876675603216,0.125,0.0,1.0,0.0,0.7718518347724836,0.6337306260894144,0.9198043524139387,0.9758529195220026,0.8291884048693574,1
115,Sei. Mandala Murung Raya,0.11964809384164223,0.045454545454545456,0.2380952380952381,0.5714285714285714,0.19047619047619052,0.9999999914314974,0.0,0.18185880250223413,0.375,0.0,1.0,0.0,0.9823520595796682,0.9468224431149008,0.9693245440889849,0.9964960072492496,0.4071162607090655,0
281,Sekolah Islam (Kandangan Barat),0.01994134897360704,0.045454545454545456,0.0,1.0,0.0,0.9999999311172748,0.0,0.193923145665773,0.0,0.0,0.0,1.0,0.9427790779446859,0.9306826211899939,0.9258252330763597,0.9972291442487399,0.9914092756777518,1
338,Sekolah Islam (Sungai Pinang),0.008211143695014663,0.2727272727272727,0.0,0.0,0.0,0.9999999311172748,0.0,0.06344950848972297,0.0,0.0,0.0,0.0,0.951430119551308,0.9674424082536393,0.9438630466897571,0.9966319306790508,0.3917912279017166,0
20,Siang Gantung - Ds. Baru,0.40293255131964806,0.045454545454545456,0.5194805194805194,0.1613275613275614,0.3191919191919192,0.5194805043060757,0.24790764342274915,0.05842269883824844,0.125,0.0,0.0,0.0,0.7006352244036845,0.6262071889574599,0.7500900028552631,0.9833788299258085,0.0,0
318,Silaturrahim,0.012903225806451615,0.0,0.0,1.0,0.0,0.9999999417609606,0.0,0.02993744414655943,0.0,0.0,1.0,0.0,0.9533115827578653,0.9713242568427003,0.9546137325735851,0.9976003851163845,0.39353241792828253,0
237,Simpang Hamalau - Teluk Pinang,0.03636363636363637,0.045454545454545456,1.0,0.0,0.0,0.9999999354999689,0.0,0.12365951742627346,0.125,0.0,0.0,0.0,0.9658477536574399,0.8445658830734442,0.9005996052288555,0.99108200713598,0.9373320957227752,1
241,Simpang Jadi Makmur - Ds. Samuda,0.03519061583577713,0.0,1.0,0.0,0.0,0.0,0.9999999174018065,0.13561215370866844,0.0,0.0,0.0,0.0,0.8448230940385746,0.5247467847552645,0.9379042369620002,0.9772801155349153,0.14136499909313016,0
50,Simpang Malutu - Pahampangan,0.26099706744868034,0.0,0.0,0.0,1.0,0.0,0.0,0.20665773011617516,0.375,0.5,0.0,0.0,0.7951764448184826,0.7051679464832525,0.6430797114942957,0.9746556606445036,0.8077265307428865,0
85,Simpang Malutu - Tambak,0.16480938416422286,0.045454545454545456,0.34843205574912894,0.5818815331010453,0.06968641114982578,0.9999999858933187,0.0,0.08936550491510277,0.125,0.0,0.0,0.0,0.7528319940973703,0.7832430395251331,0.7280920636102939,0.9757863736761624,0.7779555953866999,0
193,Simpur - Simp. Bilui,0.056891495601173014,0.0,0.0,0.0,0.0,0.9999999737953564,0.0,0.03183646112600536,0.0,0.0,0.0,1.0,0.8365571067891769,0.9540867762754982,0.876118828597321,0.9962436993826811,0.8239200247522112,0
90,Simpur - Sp. 3 Muara Paring Agung,0.1565982404692082,0.045454545454545456,0.0,0.0,0.0,0.9999999390318104,0.0,0.1343833780160858,0.375,0.5,0.0,1.0,0.815097819946738,0.9470721251236632,0.9887775750127246,0.9932412074531347,0.8036530849576973,0
339,Singakarsa - Getek,0.008211143695014663,0.0,1.0,0.0,0.0,0.0,0.9999999422370726,0.2764745308310992,0.125,0.0,0.0,0.0,0.9027011447873554,0.8375182550525274,0.9822352984991248,0.991771252194597,0.9502821965453595,1
34,Singakarsa - Palas,0.3085043988269795,0.09090909090909091,0.7744360902255639,0.07518796992481203,0.03759398496240602,0.999999913751262,0.0,0.9439231456657731,0.625,0.0,1.0,1.0,0.8987906526325498,0.8295284307721298,0.9545889041997194,0.9912907062354873,0.9466632525685754,1
246,Sirih - Pacakan,0.03401759530791789,0.0,0.83125,0.0,0.16875,0.8312499737077088,0.0,0.02602770330652368,0.0,0.0,0.0,1.0,0.7445129754095525,0.8855043105478871,0.965587873822204,0.9982774537010817,0.7387382773741318,0
170,Sirih - Taro,0.07038123167155425,0.045454545454545456,0.0,0.0,0.0,0.9999999535872786,0.0,0.02602770330652368,0.0,0.0,0.0,1.0,0.7460163014030274,0.8521411409996702,0.8664357627897161,0.9978912046213966,0.7401295223463389,0
263,Slasa Garih - Ds. Kapuh,0.025806451612903226,0.0,0.0,0.0,0.0,0.9999999460184349,0.0,0.1353887399463807,0.125,0.5,0.0,0.0,0.919449856469259,0.8363310877655816,0.8683723759512371,0.9899062694681996,0.9002251170928954,0
297,SMAN Negara (KH. Abdullah),0.016422287390029325,0.0,0.0,0.0,0.26470588235294107,0.7294117176588009,0.0,0.08176943699731903,0.0,0.0,1.0,0.0,0.9420181920890929,0.948245159466717,0.9184139634774621,0.996213399784788,0.3830810101462727,0
261,Soeprapto - H.M Rusli,0.026979472140762465,0.2727272727272727,1.0,0.0,0.0,0.999999982698216,0.0,0.34081769436997317,0.0,0.0,0.0,0.0,0.9502910964826322,0.9484430206812079,0.9524288356734075,0.9988118026844878,0.9983612329161732,1
323,Soetoyo - Teluk Mesjid,0.011730205278592375,0.2727272727272727,1.0,0.0,0.0,0.999999982698216,0.0,0.34081769436997317,0.0,0.0,0.0,0.0,0.9552391602587011,0.960446601026994,0.9232306680073988,0.9995330463838704,0.9977979067311078,1
149,Sp. 3 Baluti - Amawang,0.08856304985337243,0.0,0.7452229299363057,0.0,0.0,0.9999999126094649,0.0,0.1597408400357462,0.125,0.0,0.0,0.0,0.9792139818540252,0.9297828237621897,0.9959529750598984,0.9962043382228012,0.9380213167749576,1
66,Sp. 4 Baru/Tampang - Sp. Bilui Pamujaan,0.21759530791788856,0.0,0.5755968169761273,0.3448275862068966,0.07957559681697612,0.9999999510777157,0.0,0.23626005361930294,0.75,0.5,0.0,0.0,0.7584464094257617,0.8313233146464408,0.9566620734175015,0.9893090558985105,0.834499461212645,1
256,Sp. Bakarung Selatan - Sungai Kudung,0.02873900293255132,0.0,0.36363636363636365,0.36363636363636365,0.2727272727272728,0.7272726722501965,0.0,0.14611260053619302,0.125,0.5,0.0,1.0,0.8850900958024464,0.949889291939511,0.9632788350526982,0.99443931585207,0.8292225458502704,1
97,Sp. Batang Kulur Kiri - Tatas,0.13548387096774192,0.045454545454545456,0.42194092827004215,0.5780590717299579,0.0,0.9999999943057413,0.0,0.03585790884718499,0.125,0.0,0.0,0.0,0.6606010998259185,0.40642577848965944,0.4812111280771666,0.9621897830888599,0.9759327422676013,0
10,Sp. Empat Lungau - Bangkau,0.47155425219941344,0.0,0.2716049382716049,0.0,0.7283950617283952,0.27160491081870436,0.0,0.13594727435210008,0.125,0.0,1.0,0.0,0.6530314384201243,0.3909596268902812,0.4404553523766961,0.96125984028997,0.636340940370643,0
9,Sp. Empat Lungau - Garis,0.47683284457478,0.0,0.19536019536019542,0.0,0.8046398046398047,0.19316239263190835,0.0,0.13594727435210008,0.125,0.0,1.0,0.0,0.8547284444495682,0.9322278230555425,0.8588010378260276,0.9958393271790225,0.771018574827428,0
43,Sp. Mandampa Tel. Sili-Sili - Sp. Sei. Bungur,0.28387096774193554,0.045454545454545456,0.6122448979591836,0.163265306122449,0.0,0.9999999265556954,0.0,0.1934763181411975,0.25,0.5,0.0,0.0,0.7675263139691726,0.795256041833514,0.9753950814991372,0.9894076003851164,0.4226354703453573,0
77,Sp.3 Bukuanin - Riam Talo,0.17947214076246334,0.0,0.4871794871794872,0.1923076923076923,0.3205128205128205,0.871794856711265,0.0,0.06512511170688115,0.125,0.5,0.0,0.0,0.5998086256787447,0.47497055636689123,0.7591151167554281,0.9569929772894603,0.7512232073317757,0
72,Sp.3 Bukuanin - Tayub,0.19530791788856305,0.045454545454545456,0.1179941002949852,0.058997050147492625,0.8230088495575221,0.17257681962539856,0.0,0.08132260947274352,0.125,0.0,0.0,0.0,0.7106650834092298,0.6144203137513544,0.7828758705448586,0.9777841649204282,0.7262320093034174,0
242,SP.4 Banjarbaru - Pasar Negara,0.03519061583577713,0.045454545454545456,1.0,0.0,0.0,0.999999906282009,0.0,0.15650134048257372,0.125,0.0,1.0,0.0,0.9847592257409991,0.981085410090922,0.9492880463794023,0.9985374072605765,0.7192267067823193,1
25,SP.4 Mesjid Sirih - Sarang Nyamuk - Asam Tamiyang,0.35425219941348973,0.0,0.6721311475409836,0.3114754098360656,0.01639344262295082,0.9836065196581376,0.0,0.1473413762287757,0.375,0.5,0.0,1.0,0.6991618727014907,0.7994817920572855,0.9215671669584,0.9910873874384097,0.6905290785135871,1
192,SP.4. Banjarbaru - Pihanin Raya,0.057478005865102634,0.09090909090909091,0.0,0.0,0.0,0.999999982698216,0.0,0.24542001787310097,0.25,0.5,1.0,0.0,0.9962094050103181,0.9751354407123004,0.9450423944483756,0.996111457212437,0.4199404666645329,0
226,Sukaramai - Keramat,0.03929618768328445,0.0,0.0,0.0,1.0,0.9999999198903737,0.0,0.18174709562109026,0.25,0.0,0.0,0.0,0.9537450571240821,0.9682621189993875,0.9716708254192892,0.9976536217930566,0.393933574454011,0
306,Sungai Bugundi,0.014662756598240468,0.0,0.0,1.0,0.0,0.0,0.9999999494473112,0.2256478999106345,0.0,0.0,0.0,0.0,0.884393769958843,0.9552974984689311,0.951969510756893,0.9891363198731381,0.3297527979600763,0
95,Sungai Damang - Amawang Kiri,0.14369501466275658,0.045454545454545456,0.6812749003984063,0.07968127490039842,0.0,0.9999999498179336,0.0,0.09115281501340483,0.125,0.0,0.0,1.0,0.9122214408411248,0.8758373769256136,1.0,0.9901192161748882,0.9341356463847902,1
201,Sungai Durian - Ds. Gumbil,0.052199413489736064,0.045454545454545456,0.0,0.0,0.0,0.0,0.9999999696865792,0.04870420017873101,0.0,0.0,0.0,0.0,0.6180353004922701,0.8558015734677533,0.9266818119747247,0.9758489550886335,0.6852948393773539,0
163,Sungai Kacil I - Kapuh Padang,0.07390029325513196,0.045454545454545456,0.0,0.0,0.0,0.9999999062820087,0.0,0.14220285969615729,0.125,0.0,0.0,0.0,0.8834530383555642,0.881575352145852,0.8667709458369024,0.9960573710143286,0.8669120549669793,0
284,Sungai Kacil II,0.01935483870967742,0.0,0.0,0.0,0.0,0.999999982698216,0.0,0.06601876675603217,0.0,0.0,0.0,0.0,0.8734277907794469,0.9020586988269657,0.9207478306208335,0.9972886107492779,0.8576342434038557,0
122,Sungai Karuh,0.11143695014662755,0.0,0.6938775510204083,0.0,0.0,0.9999999265556951,0.0,0.1524798927613941,0.125,0.0,0.0,0.0,0.8570410763076284,0.7838507561124982,0.869315854158132,0.9852002038851447,0.9007671051648902,0
81,Sungai Kudung - Kalinduku,0.16950146627565982,0.045454545454545456,0.2711864406779661,0.5423728813559322,0.06779661016949153,0.9999999298544646,0.0,0.1363941018766756,0.125,0.0,0.0,0.0,0.815097819946738,0.869548216893579,0.7799957791764428,0.9904850767401031,0.8732473407376586,0
268,Sungai Minting - Ds. Malutu,0.024046920821114367,0.0,1.0,0.0,0.0,0.9999999485548028,0.0,0.047698838248436105,0.0,0.0,0.0,0.0,0.7551907402497089,0.7046591605031328,0.9583876454011645,0.9762521945970437,0.7423828270866007,0
227,Sungai Namang - Ds. Tanah Bangkang,0.03929618768328445,0.0,0.0,0.0,1.0,0.0,0.0,0.03987935656836461,0.0,0.0,0.0,0.0,0.8759894398266103,0.870283129975974,0.9096371333159534,0.9840459874270827,0.8582253091359131,0
27,Sungai Paring - Sei Hanyar Pantai Ulin,0.3395894428152493,0.0,0.6837606837606838,0.1452991452991453,0.1709401709401709,0.9145298800709392,0.0,0.25279267202859695,0.375,0.5,0.0,1.0,0.8356832409126018,0.8185235784613936,0.9849788338112795,0.9821198391572747,0.8633016462354234,1
210,Sungai Paring - Toba,0.04574780058651026,0.0,1.0,0.0,0.0,0.9999999772399152,0.0,0.039544235924932974,0.0,0.0,0.0,1.0,0.9099779804244821,0.9470627031610684,0.8893275234938488,0.9890541994676332,0.9167493518548154,1
38,Sungai Raya - Jambu Hulu/Paku,0.2997067448680352,0.045454545454545456,0.1876208897485493,0.5029013539651838,0.3094777562862669,0.999999931261387,0.0,0.18331099195710457,0.375,0.5,0.0,1.0,0.8675482182589548,0.8462053045649409,0.9402256899184388,0.9836416152234242,0.8754366311387084,1
24,Sungai Raya Selatan - Malutu - Goa Berangin,0.3689149560117302,0.045454545454545456,0.5984251968503937,0.03149606299212599,0.3700787401574803,0.9133857911833356,0.0,0.11338248436103664,0.125,0.5,0.0,1.0,0.8029236462572485,0.8021811843406982,0.7595247849242114,0.982114175681033,0.7865548549541764,1
94,Sungai Raya Selatan - Sarang Halang,0.1501466275659824,0.0,0.8473282442748092,0.1526717557251908,0.0,0.9999999896981745,0.0,0.09405719392314567,0.125,0.0,0.0,1.0,0.8774120658050979,0.9344090073962407,0.9197546956662074,0.9920244095826019,0.8554897630402544,1
135,Sungai Raya Utara - Teluk Pinang ,0.09618768328445747,0.0,1.0,0.0,0.0,0.9999999179691926,0.0,0.07406166219839141,0.125,0.0,0.0,1.0,0.9280985923611671,0.8740472040326,0.8961553263069035,0.9877569802344679,0.9064473108643003,1
88,Suriangpati - Gambah Dalam Barat,0.16187683284457477,0.0,0.07092198581560284,0.2127659574468085,0.7163120567375887,0.2765957362975663,0.0,0.17113494191242182,0.125,0.0,1.0,0.0,0.7975766938356716,0.7455928769962783,0.8139609946246571,0.9816894149629042,0.8570325086152631,0
58,Taal Batang Kulur - Sp. 3 Muara Prg Agung,0.23812316715542525,0.045454545454545456,0.0,0.0,0.0,0.9999999737953564,0.0,0.05149687220732797,0.25,0.0,0.0,1.0,0.8315975144395384,0.9903943091345927,0.9369483445681726,0.9995095429574673,0.8130909323688507,0
30,Taal Jarau - Sp. Baru/Tampang,0.3278592375366569,0.0,0.6725663716814158,0.0,0.0,0.999999929139245,0.0,0.09740840035746202,0.25,0.0,0.0,1.0,0.759373306740757,0.8426438027041032,0.9004382207987288,0.9906283626890185,0.7462514269863116,0
7,Tabihi - Telaga Langsat,0.5038123167155425,0.09090909090909091,0.976878612716763,0.023121387283236993,0.0,0.9999999901189816,0.0,0.22430741733690795,0.375,0.5,0.0,0.0,0.7882593006767272,0.7964055212700806,0.9081722592578799,0.9873135300447414,0.842827726744124,1
41,Tajun - Sp.3 Muara Paring Agung,0.2879765395894428,0.045454545454545456,1.0,0.0,0.0,0.9999999882333946,0.0,0.1343833780160858,0.375,0.0,0.0,1.0,0.8964249893360694,0.8289913789042258,0.9259742033195536,0.9902171943138699,0.8730873048896286,1
224,Talapak Manuk - Ds. Kapuh,0.04105571847507331,0.0,0.0,0.2631578947368421,0.736842105263158,0.21052630706669065,0.0,0.11572832886505809,0.125,0.0,0.0,0.0,0.9125327123275038,0.8222028548546663,0.8311422293396894,0.9890570312057541,0.42319026128519455,0
121,Tambak Pipii - Batu Ampar,0.11260997067448679,0.0,0.0,0.0,1.0,0.0,0.9999999475051594,0.04121983914209115,0.0,0.0,0.0,0.0,0.3694861714760034,0.0,0.7694188919096744,0.9287061788525797,0.5674743142463912,0
44,Tambak Pipii - Malilingin,0.28269794721407626,0.045454545454545456,0.0,0.0,1.0,0.0,0.0,0.08266309204647006,0.125,0.0,0.0,0.0,0.525393989001741,0.31854713336788054,0.524698024902859,0.9478538256782013,0.3409702440013229,0
105,Tambangan - Ds. Baruh Jaya,0.12727272727272726,0.0,0.0,0.4618834080717489,0.5381165919282511,0.08968609304621547,0.7309416664545801,0.41979445933869525,0.125,0.0,0.0,0.0,0.8965149122099123,0.9710839967965327,0.9749978275172868,0.9906249646032735,0.9176924964525387,1
120,Taminung,0.11495601173020527,0.045454545454545456,0.0,0.0,0.0,0.9999999554607544,0.0,0.10176496872207327,0.125,0.0,0.0,0.0,0.9446236497158207,0.8025674848070854,0.805506933323402,0.9884753921957298,0.7237674572437559,0
119,Tamiyang - Ds. Tamiyang (Eks TMMD),0.11612903225806451,0.0,0.0,0.0,1.0,0.0,0.0,0.0565236818588025,0.125,0.0,0.0,0.0,0.7350756850854844,0.793183210062656,0.7781708936973173,0.9876553208359291,0.8664404826681177,0
243,Tanah Bangkang Menuju Balai Benih Ikan,0.03519061583577713,0.0,0.6060606060606061,0.303030303030303,0.0909090909090909,0.999999906282009,0.0,0.02256478999106345,0.0,0.0,0.0,0.0,0.8586204908866626,0.8347953078626278,0.9609697962831925,0.982447471257858,0.8364198913890045,0
190,Tanah Habang - Ds. Simpur,0.058064516129032254,0.045454545454545456,0.0,0.0,1.0,0.0,0.0,0.11327077747989277,0.125,0.0,0.0,0.0,0.8505066808083835,0.9289819569416309,0.8261393120057602,0.9951302599535595,0.8972228445838535,0
144,Tanayung - Simp. Ambarai,0.09090909090909091,0.045454545454545456,1.0,0.0,0.0,0.999999937133271,0.0,0.1328194816800715,0.125,0.0,0.0,0.0,0.8470365801639363,0.8694822631554153,0.9052425111417328,0.9945324800362463,0.893403322344205,1
264,Tandik - Ds. Wasah Hilir,0.025806451612903226,0.0,0.0,0.0,0.0,0.9999999460184349,0.0,0.12388293118856121,0.125,0.0,0.0,0.0,0.9120784865288618,0.8941442502473265,0.957990391419314,0.9936931528572238,0.1403621077788091,0
182,Tanginau - Balai Haruyan,0.06451612903225805,0.0,0.3103448275862068,0.6896551724137931,0.0,0.0,0.9999999859128886,0.027368185880250223,0.125,0.0,0.0,0.0,0.06387290900496889,0.7499175578272954,0.809951212245354,0.8911726227558475,0.8789467507388322,0
185,Taniran Selatan - Rantauan,0.06158357771260997,0.0,0.0,0.0,0.0,0.9999999331309452,0.0,0.20431188561215372,0.25,0.5,0.0,1.0,0.8212563839476141,0.8952466198709191,0.8781547552543046,0.9966494874554002,0.801999381194721,0
22,Taniran Selatan Kubah - Buntut Taniran / Wawaran,0.39178885630498533,0.0,0.5548961424332345,0.32640949554896154,0.1186943620178042,0.999999979977164,0.0,0.3699731903485255,0.375,0.5,1.0,1.0,0.7381100056490011,0.7302209450228483,0.981937358012737,0.9902254063544204,0.8596293569759627,1
104,Taniran Tengah - Taniran Selatan,0.1290322580645161,0.0,0.38053097345132747,0.1769911504424779,0.0,0.9999999502382327,0.0,0.1390750670241287,0.125,0.0,0.0,0.0,0.8003827486425105,0.8525933952042211,0.8188273559023251,0.9946633063374299,0.8239200247522112,0
11,Tanjung Selor - Ds. Badaun,0.4674486803519061,0.0,0.0,0.0,1.0,0.0,0.0,0.1322609472743521,0.25,0.0,0.0,0.0,0.8539514185909778,0.8744287935176898,0.9083957146226708,0.9908305487908479,0.8056524661524181,0
16,Tanjungan - Sp. 10 Batang Kulur - Sungai Kali,0.424633431085044,0.0,0.9726027397260275,0.02739726027397261,0.0,0.9999999198903741,0.0,0.26072386058981234,0.875,0.0,0.0,1.0,0.8235597929468187,0.9739718283318415,0.875833302297866,0.998522399048536,0.8733433622464766,1
146,Tanjungan - Sp. 3 Sakijang,0.08973607038123167,0.0,0.6855345911949686,0.3144654088050314,0.0,0.9999999250256056,0.0,0.13661751563896335,0.25,0.0,0.0,0.0,0.8967016751017396,0.9131624817449475,0.8745918836045833,0.9866234354646882,0.3588963927919854,0
244,Tanuhi - Hulu Banyu,0.03519061583577713,0.0,1.0,0.0,0.0,0.0,0.9999999174018065,0.06411974977658624,0.125,0.0,1.0,0.0,0.3000126814309265,0.6996184105149102,0.9475997169565379,0.9201738687206207,0.2925241920856939,0
13,Tanuhi - Ulang,0.44516129032258067,0.0,0.3464052287581699,0.2614379084967321,0.15686274509803919,0.9999999335521053,0.0,0.06724754244861483,0.125,0.0,1.0,0.0,0.22829342525449337,0.5172987233240685,0.6349980758010254,0.911365464121878,0.27089801448857875,0
282,Tataian - (Ds. Ulang) - Loksado,0.01994134897360704,0.0,0.5,0.0,0.5,0.0,0.9999999422370726,0.014298480786416443,0.0,0.0,0.0,0.0,0.20492270091421583,0.46955292787487635,0.7110349707645898,0.9084954975363878,0.8324830095274676,0
153,Tawia - Kayu Abang,0.08387096774193548,0.0,0.0,0.0,0.0,0.9999999396179367,0.0,0.17772564789991063,0.25,0.0,0.0,0.0,0.77104944605204,0.8611014274273331,0.9607339267314687,0.9946726510732288,0.9216229768801545,0
247,Telaga Banta - Patigan,0.03401759530791789,0.0,0.0,0.0,0.0,0.9999999683701768,0.0,0.06467828418230563,0.125,0.0,0.0,0.0,0.8717330904647168,0.8017430630800396,0.9164649361290083,0.9879676615506598,0.7160665322365543,0
89,Telaga Langsat - Pakuan Timur,0.16187683284457477,0.0,0.7163120567375887,0.2127659574468085,0.07092198581560284,0.9999999696912006,0.0,0.044459338695263625,0.25,0.0,0.0,0.0,0.646930517287096,0.9148395910868234,0.9741040060581232,0.9839508410262219,0.8938236831716971,1
342,Teluk Haur I,0.007038123167155424,0.0,0.0,0.0,1.0,0.9999999062820089,0.0,0.053395889186773904,0.0,0.0,1.0,0.0,0.9055648424620422,0.9326800772600933,0.8677144240437973,0.9917364218157105,0.3493454533815574,0
337,Teluk Haur II,0.00879765395894428,0.0,0.0,0.0,1.0,0.9999999772399152,0.0,0.053395889186773904,0.0,0.0,1.0,0.0,0.914391118386922,0.9149856315070429,0.9152359316226584,0.9928204111683752,0.3575136830650065,0
157,Teluk Mesjid - Sp. 4 Muara Banta,0.08035190615835776,0.18181818181818182,0.1398601398601399,0.0,0.0,0.999999982698216,0.0,0.34081769436997317,0.0,0.0,0.0,1.0,0.9349696222086441,0.9260140387242662,0.9850409047459436,0.9970436654018237,0.9807935644250979,1
140,Teluk Pinang - Baluti,0.09266862170087975,0.045454545454545456,1.0,0.0,0.0,0.9999999547410654,0.0,0.24318588025022342,0.125,0.0,0.0,0.0,0.9647802077448957,0.9424506524709096,0.9598028627115067,0.996965509429688,0.9758388545700903,1
110,Teluk Pinang - Padang Rasau,0.12434017595307918,0.045454545454545456,1.0,0.0,0.0,0.9999999153958674,0.0,0.37723413762287755,0.25,0.5,0.0,1.0,0.926320886316736,0.8921891930089038,0.8285849068315271,0.9911417568103302,0.9298296151671308,1
107,Teluk Pinang - Pahampangan Utara,0.12668621700879765,0.045454545454545456,1.0,0.0,0.0,0.9999999331309448,0.0,0.06814119749776586,0.125,0.5,0.0,1.0,0.9323779988701998,0.8303057426862015,0.919208471441163,0.9882825508296993,0.910409798461522,1
345,Tembok Baru - Ds. Baluti,0.004692082111436951,0.0,1.0,0.0,0.0,0.9999999417609606,0.0,0.24318588025022342,0.125,0.0,0.0,1.0,0.9711024774904601,0.9478682809629246,0.9740915918711904,0.9972914424873988,0.9782948713845234,1
265,Tembok Baru (Asam Cangkok),0.025806451612903226,0.0,0.6,0.4,0.0,0.9999999460184349,0.0,0.1193029490616622,0.125,0.0,0.0,1.0,0.9451332126675966,0.8776746596316013,0.889389594428513,0.9930721526873195,0.9563848968835685,1
289,Tembok Kacil. Sei. Kudung,0.01818181818181818,0.0,0.4594594594594595,0.0,0.0,0.9999999331309449,0.0,0.11382931188561216,0.125,0.5,0.0,1.0,0.8730980735753565,0.987308616384793,0.9656127021960696,0.9929523701648072,0.9269233641669067,1
211,Tembok Lama - Loklua,0.04574780058651026,0.0,0.7619047619047621,0.2380952380952381,0.0,0.9999999772399152,0.0,0.19124218051831993,0.0,0.0,0.0,0.0,0.9384720028590863,0.9650398077919631,0.9240500043449654,0.9959879934303676,0.9684729379380981,1
279,Teratai Menuju Komplek Perumnas Hamalau,0.020527859237536656,0.0,0.0,0.0,0.0,0.9999999547410654,0.0,0.07808310991957104,0.0,0.0,0.0,0.0,0.9710217774754729,0.9056767324633721,0.8733132223505021,0.9947553378263578,0.9591844573184394,0
262,Tibung Dalam - Teratai,0.026979472140762465,0.0,1.0,0.0,0.0,0.999999982698216,0.0,0.07808310991957104,0.0,0.0,0.0,0.0,0.9663480937503602,0.8683610496066331,0.9215175102106687,0.9925123180608257,0.9422804041438616,1
208,Tibung Raya - Asam Cangkuk,0.0469208211143695,0.0,0.0,0.0,0.0,0.5348836831591949,0.0,0.25748436103663985,0.25,0.5,0.0,0.0,0.9800255934333245,0.9085975408677628,0.8904199719439375,0.9949309055898511,0.966336992819725,0
203,Tibung Raya - Hamalau Dalam,0.0498533724340176,0.045454545454545456,1.0,0.0,0.0,0.999999917198609,0.0,0.18286416443252904,0.125,0.5,0.0,0.0,0.9772310672000554,0.9353512036557214,0.9515101858403784,0.9965387664948746,0.9726232009303417,1
209,TPA - Ds. Sungai Raya Selatan,0.04633431085043988,0.2727272727272727,1.0,0.0,0.0,0.9999999179691927,0.0,0.05026809651474531,0.0,0.0,0.0,0.0,0.8335665948052248,0.8647901257832007,0.6077985922312018,0.9839174265163958,0.8149132072250851,0
266,Tukang Garit (Tambangan),0.024633431085043987,0.0,0.0,0.0,1.0,0.0,0.0,0.17873100983020554,0.0,0.0,0.0,0.0,0.8974395038101936,0.986785697460781,0.9836256874356014,0.9907382341281078,0.3418237685241494,0
40,Tumbukan Banyu - Banua Hanyar,0.28973607038123167,0.045454545454545456,0.0,0.0,0.0,0.9999999460184349,0.0,0.5529490616621984,0.625,0.0,0.0,0.0,0.9083317001187443,0.9232157158336082,0.922076148622646,0.9920762303902135,0.3519060269500368,0
173,Tungkaran - Ds. Ulin,0.069208211143695,0.0,0.16129032258064518,0.0,0.4838709677419354,0.9999999383275133,0.0,0.10936103663985701,0.125,0.0,0.0,1.0,0.8844099099618404,0.9522871814198898,0.9076384492197683,0.9893682392252364,0.8989619007991123,1
71,Ulang - Bangkaun,0.20527859237536655,0.0,0.0,0.3820224719101123,0.6179775280898877,0.0,0.9999999732113952,0.014298480786416443,0.0,0.0,0.0,0.0,0.09924257271647785,0.25362981108965,0.6701922957555895,0.8955165090332446,0.1730947732292033,0
132,Ulang - Kacang Parang,0.09912023460410556,0.0,0.8,0.0,0.2,0.0,0.9999999571382326,0.014298480786416443,0.0,0.0,0.0,0.0,0.12101313104529576,0.2981108964997409,0.7874070487753404,0.8981902361669593,0.19324221959052157,0
64,Ulin - Tanggul (Balai Mas),0.22580645161290322,0.045454545454545456,0.1534526854219949,0.5115089514066495,0.3350383631713555,0.999999924066854,0.0,0.13348972296693476,0.125,0.0,0.0,0.0,0.8294831740468751,0.8400621849531258,0.9693121299020521,0.9851228974344453,0.8432950314203715,1
254,Umpaya - Tumarin,0.029325513196480937,0.045454545454545456,0.0,0.0,0.0,0.9999999417609606,0.0,0.02602770330652368,0.0,0.0,0.0,0.0,0.4319226202142009,0.1319498751589957,0.9062728886571574,0.9363742425100526,0.48097173766923795,0
348,Wahab Syahrani,0.003519061583577712,0.2727272727272727,0.0,0.0,0.0,0.9999999683701756,0.0,0.193923145665773,0.0,0.0,0.0,1.0,0.9490690676842555,0.9433598718613088,0.9592318101125967,0.9980016424081101,0.9972303129234282,0
84,Wasah Hilir - Amparaya,0.1683284457478006,0.0,0.0,0.6587030716723548,0.0,0.9999999232344087,0.0,0.11539320822162645,0.125,0.0,0.0,1.0,0.8348624064744469,0.8704951241343571,0.8314649981999429,0.9957928866738404,0.8482732131997568,0
76,Wasah Hilir - Sarang Halang,0.18005865102639296,0.0,0.0,0.06389776357827477,0.0,0.9999999094558446,0.0,0.10857908847184987,0.125,0.5,0.0,1.0,0.8658281550823717,0.8842606114853724,0.8398818169403995,0.9954145664608937,0.8484097771234089,0
23,Wasah Hulu - Amparaya - Simpur,0.36950146627565983,0.045454545454545456,0.0,0.9056603773584907,0.0,0.9999999250256061,0.0,0.30685880250223413,0.625,0.0,0.0,1.0,0.8295016197645866,0.840099872803505,0.9818008019564759,0.990583621226709,0.8433121019108281,1
73,Wasah Tengah - Sungai Tarap,0.19296187683284458,0.045454545454545456,0.0,0.0,0.0,0.9999999744863244,0.0,0.16644325290437892,0.25,0.5,0.0,1.0,0.9236577858221602,0.8731898054364724,0.9076136208459027,0.9921218213739593,0.9041193227282911,0
